ref_id,name,chassis_code,year,price_usd,price_jpy,mileage_km,engine_cc,fuel,transmission,steering,vehicle_type,options,has_sunroof,has_leather,has_navigation,has_alloy_wheels,has_4wd,has_airbag,has_abs,has_camera,location,date_listed,detail_url
CD375546,2019 TOYOTA HIACE VAN,CD375546,2019,"$16,830",,88137,2800,,AT,,VAN,,0,0,0,0,0,0,0,0,Kyushu,,https://www.beforward.jp/toyota/hiace-van/cd375546/id/15330341/?mfg_year_from=2018
CD375548,2025 TOYOTA LAND CRUISER,CD375548,2025,"$42,260",,1768,2700,,AT,,,,0,0,0,0,0,0,0,0,Osaka,,https://www.beforward.jp/toyota/land-cruiser/cd375548/id/15330343/?mfg_year_from=2018
CD375570,2018 BMW X3,CD375570,2018,"$18,550",,30300,2000,,AT,,,,0,0,0,0,0,0,0,0,Kyushu,,https://www.beforward.jp/bmw/x3/cd375570/id/15330367/?mfg_year_from=2018
CD375571,2020 MERCEDES-BENZ GLB- CLASS,CD375571,2020,"$29,140",,27658,2000,,AT,,,,0,0,0,0,0,0,0,0,Kyushu,,https://www.beforward.jp/mercedes-benz/glb-class/cd375571/id/15330368/?mfg_year_from=2018
CD375545,2018 MERCEDES-BENZ GLA-CLASS,CD375545,2018,"$10,030",,16550,2000,,AT,,,,0,0,0,0,0,0,0,0,Yokohama,,https://www.beforward.jp/mercedes-benz/gla-class/cd375545/id/15330340/?mfg_year_from=2018
CD375547,2025 TOYOTA HARRIER HYBRID,CD375547,2025,"$35,630",,7960,2500,HYBRID,CVT,,,,0,0,0,0,0,0,0,0,Osaka,,https://www.beforward.jp/toyota/harrier-hybrid/cd375547/id/15330342/?mfg_year_from=2018
CD375533,2023 TOYOTA LAND CRUISER PRADO,CD375533,2023,"$34,310",,29400,2800,,AT,,,,0,0,0,0,0,0,0,0,Kyushu,,https://www.beforward.jp/toyota/land-cruiser-prado/cd375533/id/15330327/?mfg_year_from=2018
CD375495,2026 TOYOTA HIACE VAN,CD375495,2026,"$36,480",,13,2800,,AT,,VAN,,0,0,0,0,0,0,0,0,Hokkaido,,https://www.beforward.jp/toyota/hiace-van/cd375495/id/15330288/?mfg_year_from=2018
CD375558,2019 BMW X1,CD375558,2019,"$13,120",,40336,1500,,AT,,,,0,0,0,0,0,0,0,0,Kyushu,,https://www.beforward.jp/bmw/x1/cd375558/id/15330353/?mfg_year_from=2018
CD375559,2020 BMW X4,CD375559,2020,"$27,740",,48000,2000,,AT,,,,0,0,0,0,0,0,0,0,Kyushu,,https://www.beforward.jp/bmw/x4/cd375559/id/15330354/?mfg_year_from=2018
CD375482,2018 BMW MINI,CD375482,2018,"$9,940",,90000,2000,,AT,,,,0,0,0,0,0,0,0,0,Kyushu,,https://www.beforward.jp/bmw/mini/cd375482/id/15330275/?mfg_year_from=2018
CD375494,2021 JEEP RENEGADE,CD375494,2021,"$15,020",,58000,1300,,AT,,,,0,0,0,0,0,0,0,0,Hokkaido,,https://www.beforward.jp/jeep/renegade/cd375494/id/15330287/?mfg_year_from=2018
CD375447,2021 TOYOTA HIACE VAN,CD375447,2021,"$20,190",,145980,2800,,AT,,VAN,,0,0,0,0,0,0,0,0,Yokohama,,https://www.beforward.jp/toyota/hiace-van/cd375447/id/15330239/?mfg_year_from=2018
CD375448,2018 TOYOTA HIACE VAN,CD375448,2018,"$12,910",,117276,2000,,AT,,VAN,,0,0,0,0,0,0,0,0,Yokohama,,https://www.beforward.jp/toyota/hiace-van/cd375448/id/15330240/?mfg_year_from=2018
CD375450,2018 TOYOTA HIACE VAN,CD375450,2018,"$18,470",,129247,2800,,AT,,VAN,,0,0,0,0,0,0,0,0,Yokohama,,https://www.beforward.jp/toyota/hiace-van/cd375450/id/15330242/?mfg_year_from=2018
CD375456,2019 TOYOTA HIACE VAN,CD375456,2019,"$12,910",,95406,2000,,AT,,VAN,,0,0,0,0,0,0,0,0,Yokohama,,https://www.beforward.jp/toyota/hiace-van/cd375456/id/15330249/?mfg_year_from=2018
CD375481,2022 TOYOTA HILUX 2.4 J REVO SINGLE CAB,CD375481,2022,"$15,540",,45000,2393,,MT,,,,0,0,0,0,0,0,0,0,Thailand,,https://www.beforward.jp/toyota/hilux/cd375481/id/15330273/?mfg_year_from=2018
CD375480,2019 TOYOTA HILUX 2.4 E REVO DOUBLE CAB,CD375480,2019,"$18,850",,45000,2393,,MT,,,,0,0,0,0,0,0,0,0,Thailand,,https://www.beforward.jp/toyota/hilux/cd375480/id/15330271/?mfg_year_from=2018
CD375464,2025 TOYOTA VELLFIRE HYBRID,CD375464,2025,"$51,150",,687,2500,HYBRID,CVT,,,,0,0,0,0,0,0,0,0,Hokkaido,,https://www.beforward.jp/toyota/vellfire-hybrid/cd375464/id/15330257/?mfg_year_from=2018
CD375470,2024 SUZUKI EVERY,CD375470,2024,"$9,940",,3,660,,CVT,,,,0,0,0,0,0,0,0,0,Yokohama,,https://www.beforward.jp/suzuki/every/cd375470/id/15330263/?mfg_year_from=2018
CD351425,2018 HONDA N-WGN GSS,CD351425,2018,"$4,310",,42695,658,,CVT,,,,0,0,0,0,0,0,0,0,Kobe,,https://www.beforward.jp/honda/n-wgn/cd351425/id/15305009/?mfg_year_from=2018
CD284616,2024 DAIHATSU TANTO X,CD284616,2024,"$10,270",,1750,658,,CVT,,,,0,0,0,0,0,0,0,0,Kobe,,https://www.beforward.jp/daihatsu/tanto/cd284616/id/15238587/?mfg_year_from=2018
CD268328,2022 NISSAN ROOX X,CD268328,2022,"$9,540",,10285,659,,CVT,,,,0,0,0,0,0,0,0,0,Yokohama,,https://www.beforward.jp/nissan/roox/cd268328/id/15221098/?mfg_year_from=2018
CD162367,2021 SUZUKI SPACIA XZ,CD162367,2021,"$6,960",,32135,658,,CVT,,,,0,0,0,0,0,0,0,0,Kyushu,,https://www.beforward.jp/suzuki/spacia/cd162367/id/15115427/?mfg_year_from=2018
CD375438,2023 TOYOTA LAND CRUISER PRADO,CD375438,2023,"$28,870",,24295,2700,,AT,,,,0,0,0,0,0,0,0,0,Kobe,,https://www.beforward.jp/toyota/land-cruiser-prado/cd375438/id/15330226/?mfg_year_from=2018
CD375411,2021 TOYOTA HILUX REVO 2.4 J SMART CAB,CD375411,2021,"$18,020",,75000,2393,,MT,,,,0,0,0,0,0,0,0,0,Thailand,,https://www.beforward.jp/toyota/hilux/cd375411/id/15330202/?mfg_year_from=2018
CD375429,2025 LEXUS RX,CD375429,2025,"$54,940",,3911,2400,,AT,,,,0,0,0,0,0,0,0,0,Yokohama,,https://www.beforward.jp/lexus/rx/cd375429/id/15330217/?mfg_year_from=2018
CD375435,2024 TOYOTA CROWN SPORT,CD375435,2024,"$35,940",,5905,2500,,CVT,,,,0,0,0,0,0,0,0,0,Hokkaido,,https://www.beforward.jp/toyota/crown-sport/cd375435/id/15330223/?mfg_year_from=2018
CD375428,2019 LEXUS LS,CD375428,2019,"$33,780",,103000,3500,,CVT,,,,0,0,0,0,0,0,0,0,Nagoya,,https://www.beforward.jp/lexus/ls/cd375428/id/15330215/?mfg_year_from=2018
CD375436,2018 SUBARU IMPREZA SPORTS,CD375436,2018,"$7,950",,13015,1600,,CVT,,,,0,0,0,0,0,0,0,0,Yokohama,,https://www.beforward.jp/subaru/impreza-sports/cd375436/id/15330224/?mfg_year_from=2018
CD375377,2021 TOYOTA HILUX REVO 2.4 J SMART CAB,CD375377,2021,"$13,250",,83000,2393,,MT,,,,0,0,0,0,0,0,0,0,Thailand,,https://www.beforward.jp/toyota/hilux/cd375377/id/15330164/?mfg_year_from=2018
CD375362,2020 TOYOTA HILUX REVO 2.4 J SMART CAB,CD375362,2020,"$14,950",,60000,2393,,MT,,,,0,0,0,0,0,0,0,0,Thailand,,https://www.beforward.jp/toyota/hilux/cd375362/id/15330151/?mfg_year_from=2018
CD375385,2025 TOYOTA LAND CRUISER,CD375385,2025,"$68,150",,3000,3500,,AT,,,,0,0,0,0,0,0,0,0,Kyushu,,https://www.beforward.jp/toyota/land-cruiser/cd375385/id/15330172/?mfg_year_from=2018
CD375372,2024 AUDI Q3,CD375372,2024,"$25,340",,4104,1500,,AT,,,,0,0,0,0,0,0,0,0,Yokohama,,https://www.beforward.jp/audi/q3/cd375372/id/15330159/?mfg_year_from=2018
CD375375,2023 LAND ROVER RANGE ROVER VELAR,CD375375,2023,"$42,220",,8273,2000,,AT,,,,0,0,0,0,0,0,0,0,Yokohama,,https://www.beforward.jp/land-rover/range-rover-velar/cd375375/id/15330162/?mfg_year_from=2018
CD375386,2026 SUZUKI JIMNY NOMADE,CD375386,2026,"$22,790",,2000,1500,,AT,,,,0,0,0,0,0,0,0,0,Kyushu,,https://www.beforward.jp/suzuki/jimny-nomade/cd375386/id/15330173/?mfg_year_from=2018
CD375326,2020 TOYOTA HIACE VAN,CD375326,2020,"$21,060",,118006,2800,,AT,,VAN,,0,0,0,0,0,0,0,0,Yokohama,,https://www.beforward.jp/toyota/hiace-van/cd375326/id/15330113/?mfg_year_from=2018
CD375328,2026 TOYOTA HIACE VAN,CD375328,2026,"$38,150",,17,2800,,AT,,VAN,,0,0,0,0,0,0,0,0,Yokohama,,https://www.beforward.jp/toyota/hiace-van/cd375328/id/15330115/?mfg_year_from=2018
CD375329,2018 TOYOTA HIACE VAN,CD375329,2018,"$19,740",,98283,2800,,AT,,VAN,,0,0,0,0,0,0,0,0,Yokohama,,https://www.beforward.jp/toyota/hiace-van/cd375329/id/15330116/?mfg_year_from=2018
CD375307,2018 TOYOTA HIACE VAN,CD375307,2018,"$13,780",,189257,2800,,AT,,VAN,,0,0,0,0,0,0,0,0,Yokohama,,https://www.beforward.jp/toyota/hiace-van/cd375307/id/15330097/?mfg_year_from=2018
CD375316,2024 TOYOTA HILUX 2.4 J REVO SMART CAB,CD375316,2024,"$20,040",,16856,2393,,MT,,,,0,0,0,0,0,0,0,0,Thailand,,https://www.beforward.jp/toyota/hilux/cd375316/id/15330102/?mfg_year_from=2018
CD375335,2018 MAZDA CX-5,CD375335,2018,"$13,850",,19018,2200,,AT,,,,0,0,0,0,0,0,0,0,Yokohama,,https://www.beforward.jp/mazda/cx-5/cd375335/id/15330122/?mfg_year_from=2018
CD375227,2023 NISSAN CLIPPER VAN,CD375227,2023,"$6,810",,72000,660,,AT,,VAN,,0,0,0,0,0,0,0,0,Kobe,,https://www.beforward.jp/nissan/clipper-van/cd375227/id/15330014/?mfg_year_from=2018
CD375229,2019 MAZDA MAZDA3 XD BURGUNDY SELECTION,CD375229,2019,"$8,480",,122000,1800,,AT,,,,0,0,0,0,0,0,0,0,Osaka,,https://www.beforward.jp/mazda/mazda3/cd375229/id/15330018/?mfg_year_from=2018
CD375230,2021 NISSAN NOTE X,CD375230,2021,"$6,890",,120000,1200,,AT,,,,0,0,0,0,0,0,0,0,Kyushu,,https://www.beforward.jp/nissan/note/cd375230/id/15330019/?mfg_year_from=2018
CD375231,2018 SUZUKI EVERY,CD375231,2018,"$4,750",,109068,660,,AT,,,,0,0,0,0,0,0,0,0,Yokohama,,https://www.beforward.jp/suzuki/every/cd375231/id/15330020/?mfg_year_from=2018
CD375233,2019 HONDA HONDA OTHERS,CD375233,2019,"$5,070",,105149,660,,AT,,,,0,0,0,0,0,0,0,0,Kyushu,,https://www.beforward.jp/honda/honda-others/cd375233/id/15330022/?mfg_year_from=2018
CD375234,2018 NISSAN NV200VANETTE WAGON,CD375234,2018,"$8,700",,107959,1600,,AT,,WAGON,,0,0,0,0,0,0,0,0,Kyushu,,https://www.beforward.jp/nissan/nv200vanette-wagon/cd375234/id/15330023/?mfg_year_from=2018
CD375284,2020 TOYOTA RAV4,CD375284,2020,"$16,630",,73000,2000,,CVT,,,,0,0,0,0,0,0,0,0,Nagoya,,https://www.beforward.jp/toyota/rav4/cd375284/id/15330073/?mfg_year_from=2018
CD375293,2025 MERCEDES-BENZ C-CLASS,CD375293,2025,"$43,820",,4624,2000,,AT,,,,0,0,0,0,0,0,0,0,Osaka,,https://www.beforward.jp/mercedes-benz/c-class/cd375293/id/15330083/?mfg_year_from=2018
CD375294,2023 MERCEDES-BENZ G-CLASS,CD375294,2023,"$147,510",,6000,4000,,AT,,,,0,0,0,0,0,0,0,0,Osaka,,https://www.beforward.jp/mercedes-benz/g-class/cd375294/id/15330084/?mfg_year_from=2018
CD375296,2025 MERCEDES-BENZ GLA-CLASS,CD375296,2025,"$33,580",,3500,2000,,AT,,,,0,0,0,0,0,0,0,0,Osaka,,https://www.beforward.jp/mercedes-benz/gla-class/cd375296/id/15330086/?mfg_year_from=2018
CD375262,2018 TOYOTA TOWNACE WAGON,CD375262,2018,"$7,350",,255354,1500,,AT,,WAGON,,0,0,0,0,0,0,0,0,Nagoya,,https://www.beforward.jp/toyota/townace-wagon/cd375262/id/15330051/?mfg_year_from=2018
CD375263,2021 NISSAN NV200VANETTE WAGON,CD375263,2021,"$14,950",,147817,1600,,AT,,WAGON,,0,0,0,0,0,0,0,0,Nagoya,,https://www.beforward.jp/nissan/nv200vanette-wagon/cd375263/id/15330052/?mfg_year_from=2018
CD375196,2019 TOYOTA HILUX 2.4 J REVO SMART CAB,CD375196,2019,"$16,540",,50000,2393,,AT,,,,0,0,0,0,0,0,0,0,Thailand,,https://www.beforward.jp/toyota/hilux/cd375196/id/15329973/?mfg_year_from=2018
CD375194,2019 TOYOTA HILUX 2.8 G REVO DOUBLE CAB,CD375194,2019,"$25,120",,40000,2755,,AT,,,,0,0,0,0,0,0,0,0,Thailand,,https://www.beforward.jp/toyota/hilux/cd375194/id/15329971/?mfg_year_from=2018
CD375181,2021 TOYOTA HILUX 2.4 E REVO DOUBLE CAB,CD375181,2021,"$21,530",,37200,2393,,AT,,,,0,0,0,0,0,0,0,0,Thailand,,https://www.beforward.jp/toyota/hilux/cd375181/id/15329957/?mfg_year_from=2018
CD375176,2019 TOYOTA HILUX 2.4 J REVO DOUBLE CAB,CD375176,2019,"$15,210",,44200,2393,,AT,,,,0,0,0,0,0,0,0,0,Thailand,,https://www.beforward.jp/toyota/hilux/cd375176/id/15329951/?mfg_year_from=2018
CD375166,2020 TOYOTA HILUX 2.4 E REVO DOUBLE CAB,CD375166,2020,"$22,030",,35800,2393,,AT,,,,0,0,0,0,0,0,0,0,Thailand,,https://www.beforward.jp/toyota/hilux/cd375166/id/15329935/?mfg_year_from=2018
CD375207,2019 FORD RANGER 2.2 XLT FORD DOUBLE CAB,CD375207,2019,"$15,220",,65000,2198,,AT,,,,0,0,0,0,0,0,0,0,Thailand,,https://www.beforward.jp/ford/ranger/cd375207/id/15329987/?mfg_year_from=2018
CD375145,2020 TOYOTA HILUX 2.8 G REVO SMART CAB,CD375145,2020,"$29,450",,31700,2755,,MT,,,,0,0,0,0,0,0,0,0,Thailand,,https://www.beforward.jp/toyota/hilux/cd375145/id/15329914/?mfg_year_from=2018
CD375137,2022 TOYOTA HILUX 2.4 E REVO DOUBLE CAB,CD375137,2022,"$23,030",,34600,2393,,MT,,,,0,0,0,0,0,0,0,0,Thailand,,https://www.beforward.jp/toyota/hilux/cd375137/id/15329904/?mfg_year_from=2018
CD375132,2019 TOYOTA HILUX 2.4 E REVO DOUBLE CAB,CD375132,2019,"$21,700",,45200,2393,,AT,,,,0,0,0,0,0,0,0,0,Thailand,,https://www.beforward.jp/toyota/hilux/cd375132/id/15329898/?mfg_year_from=2018
CD375115,2020 TOYOTA HILUX 2.4 E REVO DOUBLE CAB,CD375115,2020,"$21,170",,12000,2393,,AT,,,,0,0,0,0,0,0,0,0,Thailand,,https://www.beforward.jp/toyota/hilux/cd375115/id/15329879/?mfg_year_from=2018
CD375124,2019 FORD RANGER 2.2 FORD XL SMART CAB,CD375124,2019,"$12,100",,48900,2198,,MT,,,,0,0,0,0,0,0,0,0,Thailand,,https://www.beforward.jp/ford/ranger/cd375124/id/15329889/?mfg_year_from=2018
CD375164,2022 TOYOTA RAIZE,CD375164,2022,"$11,330",,15071,1200,,CVT,,,,0,0,0,0,0,0,0,0,Yokohama,,https://www.beforward.jp/toyota/raize/cd375164/id/15329933/?mfg_year_from=2018
CD375113,2021 TOYOTA HILUX 2.4 E REVO DOUBLE CAB,CD375113,2021,"$22,790",,65800,2393,,AT,,,,0,0,0,0,0,0,0,0,Thailand,,https://www.beforward.jp/toyota/hilux/cd375113/id/15329873/?mfg_year_from=2018
CD375112,2021 TOYOTA HILUX 2.4 E REVO SMART CAB,CD375112,2021,"$13,210",,29900,2393,,MT,,,,0,0,0,0,0,0,0,0,Thailand,,https://www.beforward.jp/toyota/hilux/cd375112/id/15329872/?mfg_year_from=2018
CD375109,2021 TOYOTA HILUX 2.4 J REVO DOUBLE CAB,CD375109,2021,"$22,140",,33000,2393,,AT,,,,0,0,0,0,0,0,0,0,Thailand,,https://www.beforward.jp/toyota/hilux/cd375109/id/15329867/?mfg_year_from=2018
CD375108,2025 TOYOTA HILUX 2.4 J REVO SMART CAB,CD375108,2025,"$14,740",,19000,2393,,MT,,,,0,0,0,0,0,0,0,0,Thailand,,https://www.beforward.jp/toyota/hilux/cd375108/id/15329864/?mfg_year_from=2018
CD375069,2024 TOYOTA LAND CRUISER,CD375069,2024,"$54,180",,11166,2800,,AT,,,,0,0,0,0,0,0,0,0,Yokohama,,https://www.beforward.jp/toyota/land-cruiser/cd375069/id/15329808/?mfg_year_from=2018
CD375072,2021 TOYOTA RAV4,CD375072,2021,"$19,540",,14614,2000,,CVT,,,,0,0,0,0,0,0,0,0,Yokohama,,https://www.beforward.jp/toyota/rav4/cd375072/id/15329811/?mfg_year_from=2018
CD375056,2021 TOYOTA HIACE VAN,CD375056,2021,"$13,650",,164461,2800,,AT,,VAN,,0,0,0,0,0,0,0,0,Yokohama,,https://www.beforward.jp/toyota/hiace-van/cd375056/id/15329774/?mfg_year_from=2018
CD375035,2019 TOYOTA HILUX 2.4 J REVO SMART CAB,CD375035,2019,"$13,550",,45100,2393,,MT,,,,0,0,0,0,0,0,0,0,Thailand,,https://www.beforward.jp/toyota/hilux/cd375035/id/15329738/?mfg_year_from=2018
CD375036,2018 FORD RANGER 2.2 FORD WILDTRAK DOUBLE CAB,CD375036,2018,"$19,520",,42700,2198,,AT,,,,0,0,0,0,0,0,0,0,Thailand,,https://www.beforward.jp/ford/ranger/cd375036/id/15329741/?mfg_year_from=2018
CD375048,2024 MITSUBISHI CANTER,CD375048,2024,"$33,120",,4173,3000,,AT,,,,0,0,0,0,0,0,0,0,Toyama,,https://www.beforward.jp/mitsubishi/canter/cd375048/id/15329766/?mfg_year_from=2018
CD375052,2021 HONDA VEZEL,CD375052,2021,"$17,040",,51818,1500,,MT,,,,0,0,0,0,0,0,0,0,Yokohama,,https://www.beforward.jp/honda/vezel/cd375052/id/15329770/?mfg_year_from=2018
CD375059,2020 ISUZU D-MAX 3.0 SPARK SINGLE CAB,CD375059,2020,"$18,340",,51100,2999,,MT,,,,0,0,0,0,0,0,0,0,Thailand,,https://www.beforward.jp/isuzu/d-max/cd375059/id/15329778/?mfg_year_from=2018
CD375034,2021 TOYOTA HILUX 2.4 G REVO DOUBLE CAB,CD375034,2021,"$27,170",,37400,2393,,AT,,,,0,0,0,0,0,0,0,0,Thailand,,https://www.beforward.jp/toyota/hilux/cd375034/id/15329736/?mfg_year_from=2018
CD375032,2022 TOYOTA HILUX ROCCO 2.4 DOUBLE CAB,CD375032,2022,"$29,150",,83000,2393,,AT,,,,0,0,0,0,0,0,0,0,Thailand,,https://www.beforward.jp/toyota/hilux/cd375032/id/15329732/?mfg_year_from=2018
CD375016,2023 TOYOTA HILUX 2.4 J REVO SMART CAB,CD375016,2023,"$16,900",,33000,2393,,AT,,,,0,0,0,0,0,0,0,0,Thailand,,https://www.beforward.jp/toyota/hilux/cd375016/id/15329702/?mfg_year_from=2018
CD374999,2022 TOYOTA HILUX REVO 2.4 J SINGLE CAB,CD374999,2022,"$16,120",,55000,2393,,MT,,,,0,0,0,0,0,0,0,0,Thailand,,https://www.beforward.jp/toyota/hilux/cd374999/id/15329671/?mfg_year_from=2018
CD374980,2022 TOYOTA HILUX ROCCO 2.4 SMART CAB,CD374980,2022,"$27,560",,31500,2393,,AT,,,,0,0,0,0,0,0,0,0,Thailand,,https://www.beforward.jp/toyota/hilux/cd374980/id/15329641/?mfg_year_from=2018
CD374978,2019 TOYOTA HILUX 2.4 E REVO SMART CAB,CD374978,2019,"$16,400",,44300,2393,,AT,,,,0,0,0,0,0,0,0,0,Thailand,,https://www.beforward.jp/toyota/hilux/cd374978/id/15329636/?mfg_year_from=2018
CD374975,2022 TOYOTA HILUX 2.8J SINGLE CAB,CD374975,2022,"$23,110",,17181,2755,,MT,,,,0,0,0,0,0,0,0,0,Thailand,,https://www.beforward.jp/toyota/hilux/cd374975/id/15329625/?mfg_year_from=2018
CD374974,2022 FORD RANGER 2.0 FORD WILDTRAK DOUBLE CAB,CD374974,2022,"$20,140",,31700,1996,,AT,,,,0,0,0,0,0,0,0,0,Thailand,,https://www.beforward.jp/ford/ranger/cd374974/id/15329623/?mfg_year_from=2018
CD374973,2021 FORD RANGER 2.0 DOUBLE CAB NEXT GEN SPORT,CD374973,2021,"$24,380",,48000,1996,,MT,,,,0,0,0,0,0,0,0,0,Thailand,,https://www.beforward.jp/ford/ranger/cd374973/id/15329621/?mfg_year_from=2018
CD374940,2022 HONDA VEZEL,CD374940,2022,"$15,570",,40000,1500,,CVT,,,,0,0,0,0,0,0,0,0,Osaka,,https://www.beforward.jp/honda/vezel/cd374940/id/15329574/?mfg_year_from=2018
CD374946,2018 TOYOTA C-HR,CD374946,2018,"$12,920",,18115,1800,,CVT,,,,0,0,0,0,0,0,0,0,Nagoya,,https://www.beforward.jp/toyota/c-hr/cd374946/id/15329581/?mfg_year_from=2018
CD374959,2023 LEXUS NX,CD374959,2023,"$32,990",,31000,2500,,CVT,,,,0,0,0,0,0,0,0,0,Osaka,,https://www.beforward.jp/lexus/nx/cd374959/id/15329599/?mfg_year_from=2018
CD374922,2019 FORD EVEREST 2.0 EVEREST TITANIUM PLUS,CD374922,2019,"$23,320",,104000,1996,,AT,,,,0,0,0,0,0,0,0,0,Thailand,,https://www.beforward.jp/ford/everest/cd374922/id/15329534/?mfg_year_from=2018
CD374963,2026 TOYOTA PRIUS,CD374963,2026,"$28,080",,10,2000,,CVT,,,,0,0,0,0,0,0,0,0,Osaka,,https://www.beforward.jp/toyota/prius/cd374963/id/15329603/?mfg_year_from=2018
CD314445,2020 TOYOTA HARRIER HYBRID,CD314445,2020,"$17,490",,55225,2500,HYBRID,CVT,,,,0,0,0,0,0,0,0,0,Yokohama,,https://www.beforward.jp/toyota/harrier-hybrid/cd314445/id/15268633/?mfg_year_from=2018
CD065937,2020 HONDA FREED HYBRID,CD065937,2020,"$4,970",,126426,1500,HYBRID,AT,,,,0,0,0,0,0,0,0,0,Yokohama,,https://www.beforward.jp/honda/freed-hybrid/cd065937/id/15018107/?mfg_year_from=2018
CD014227,2023 TOYOTA PRIUS,CD014227,2023,"$12,990",,69799,1800,,CVT,,,,0,0,0,0,0,0,0,0,Yokohama,,https://www.beforward.jp/toyota/prius/cd014227/id/14966057/?mfg_year_from=2018
CC915692,2021 TOYOTA HIACE VAN,CC915692,2021,"$15,440",,118902,2800,,AT,,VAN,,0,0,0,0,0,0,0,0,Yokohama,,https://www.beforward.jp/toyota/hiace-van/cc915692/id/14939039/?mfg_year_from=2018
CD374924,2021 TOYOTA HIACE VAN,CD374924,2021,"$18,480",,20746,2000,,AT,,VAN,,0,0,0,0,0,0,0,0,Yokohama,,https://www.beforward.jp/toyota/hiace-van/cd374924/id/15329536/?mfg_year_from=2018
CD374897,2023 SUBARU LEVORG,CD374897,2023,"$20,990",,4688,1800,,CVT,,,,0,0,0,0,0,0,0,0,Yokohama,,https://www.beforward.jp/subaru/levorg/cd374897/id/15329504/?mfg_year_from=2018
CD374899,2022 MAZDA CX-60,CD374899,2022,"$18,280",,80829,3300,,AT,,,,0,0,0,0,0,0,0,0,Yokohama,,https://www.beforward.jp/mazda/cx-60/cd374899/id/15329506/?mfg_year_from=2018
CD374901,2018 MAZDA CX-8,CD374901,2018,"$12,580",,74029,2200,,AT,,,,0,0,0,0,0,0,0,0,Yokohama,,https://www.beforward.jp/mazda/cx-8/cd374901/id/15329508/?mfg_year_from=2018
CD374905,2022 LEXUS NX,CD374905,2022,"$25,430",,107453,2500,,CVT,,,,0,0,0,0,0,0,0,0,Yokohama,,https://www.beforward.jp/lexus/nx/cd374905/id/15329512/?mfg_year_from=2018
CD374914,2021 MAZDA CX-5,CD374914,2021,"$16,890",,26000,2200,,AT,,,,0,0,0,0,0,0,0,0,Yokohama,,https://www.beforward.jp/mazda/cx-5/cd374914/id/15329526/?mfg_year_from=2018
CD374925,2026 TOYOTA HIACE VAN,CD374925,2026,"$19,080",,40,2000,,AT,,VAN,,0,0,0,0,0,0,0,0,Yokohama,,https://www.beforward.jp/toyota/hiace-van/cd374925/id/15329537/?mfg_year_from=2018
CD374892,2021 TOYOTA HILUX 2.4 E REVO SMART CAB,CD374892,2021,"$16,500",,34700,2393,,AT,,,,0,0,0,0,0,0,0,0,Thailand,,https://www.beforward.jp/toyota/hilux/cd374892/id/15329498/?mfg_year_from=2018
CD374888,2021 TOYOTA HILUX 2.4 J REVO SMART CAB,CD374888,2021,"$12,890",,35200,2393,,MT,,,,0,0,0,0,0,0,0,0,Thailand,,https://www.beforward.jp/toyota/hilux/cd374888/id/15329490/?mfg_year_from=2018
CD374883,2020 TOYOTA HILUX 2.8 J REVO SINGLE CAB,CD374883,2020,"$12,510",,114000,2755,,MT,,,,0,0,0,0,0,0,0,0,Thailand,,https://www.beforward.jp/toyota/hilux/cd374883/id/15329484/?mfg_year_from=2018
CD374877,2021 TOYOTA HILUX 2.4 J REVO SMART CAB,CD374877,2021,"$18,520",,32700,2393,,MT,,,,0,0,0,0,0,0,0,0,Thailand,,https://www.beforward.jp/toyota/hilux/cd374877/id/15329474/?mfg_year_from=2018
CD374849,2021 TOYOTA HILUX 2.4 J REVO SMART CAB,CD374849,2021,"$17,530",,34700,2393,,MT,,,,0,0,0,0,0,0,0,0,Thailand,,https://www.beforward.jp/toyota/hilux/cd374849/id/15329425/?mfg_year_from=2018
CD374823,2022 TOYOTA HILUX 2.4 J REVO SMART CAB,CD374823,2022,"$17,860",,31200,2393,,MT,,,,0,0,0,0,0,0,0,0,Thailand,,https://www.beforward.jp/toyota/hilux/cd374823/id/15329394/?mfg_year_from=2018
CD374795,2021 TOYOTA HILUX 2.4 J REVO SMART CAB,CD374795,2021,"$16,870",,34500,2393,,MT,,,,0,0,0,0,0,0,0,0,Thailand,,https://www.beforward.jp/toyota/hilux/cd374795/id/15329305/?mfg_year_from=2018
CD374829,2018 TOYOTA FORTUNER,CD374829,2018,"$24,270",,172717,2400,,AT,,,,0,0,0,0,0,0,0,0,Thailand,,https://www.beforward.jp/toyota/fortuner/cd374829/id/15329402/?mfg_year_from=2018
CD374830,2021 TOYOTA FORTUNER,CD374830,2021,"$30,860",,70701,2400,,AT,,,,0,0,0,0,0,0,0,0,Thailand,,https://www.beforward.jp/toyota/fortuner/cd374830/id/15329403/?mfg_year_from=2018
CD374831,2023 TOYOTA FORTUNER,CD374831,2023,"$41,590",,39988,2400,,AT,,,,0,0,0,0,0,0,0,0,Thailand,,https://www.beforward.jp/toyota/fortuner/cd374831/id/15329404/?mfg_year_from=2018
CD374835,2023 TOYOTA FORTUNER,CD374835,2023,"$41,270",,78428,2400,,AT,,,,0,0,0,0,0,0,0,0,Thailand,,https://www.beforward.jp/toyota/fortuner/cd374835/id/15329408/?mfg_year_from=2018
CD374776,2023 TOYOTA LAND CRUISER PRADO,CD374776,2023,"$30,390",,23492,2700,,AT,,,,0,0,0,0,0,0,0,0,Kobe,,https://www.beforward.jp/toyota/land-cruiser-prado/cd374776/id/15329278/?mfg_year_from=2018
CD374794,2021 TOYOTA HILUX 2.4 J REVO DOUBLE CAB,CD374794,2021,"$20,510",,34100,2393,,AT,,,,0,0,0,0,0,0,0,0,Thailand,,https://www.beforward.jp/toyota/hilux/cd374794/id/15329303/?mfg_year_from=2018
CD374789,2022 FORD RANGER 2.0 FORD XL SMART CAB,CD374789,2022,"$18,520",,30000,1996,,MT,,,,0,0,0,0,0,0,0,0,Thailand,,https://www.beforward.jp/ford/ranger/cd374789/id/15329293/?mfg_year_from=2018
CD374777,2021 TOYOTA RAV4,CD374777,2021,"$19,460",,20005,2000,,CVT,,,,0,0,0,0,0,0,0,0,Kobe,,https://www.beforward.jp/toyota/rav4/cd374777/id/15329279/?mfg_year_from=2018
CD374770,2021 VOLVO VOLVO OTHERS,CD374770,2021,"$16,890",,24271,2000,,AT,,,,0,0,0,0,0,0,0,0,Kobe,,https://www.beforward.jp/volvo/volvo-others/cd374770/id/15329270/?mfg_year_from=2018
CD374793,2019 TOYOTA FORTUNER 2.8 V SUV,CD374793,2019,"$31,740",,43800,2755,,AT,,SUV,,0,0,0,0,0,0,0,0,Thailand,,https://www.beforward.jp/toyota/fortuner/cd374793/id/15329301/?mfg_year_from=2018
CD374735,2018 TOYOTA HIACE VAN,CD374735,2018,"$13,780",,146000,2800,,AT,,VAN,,0,0,0,0,0,0,0,0,Osaka,,https://www.beforward.jp/toyota/hiace-van/cd374735/id/15329222/?mfg_year_from=2018
CD374760,2023 TOYOTA HILUX 2.8 J REVO SINGLE CAB,CD374760,2023,"$14,220",,31500,2755,,MT,,,,0,0,0,0,0,0,0,0,Thailand,,https://www.beforward.jp/toyota/hilux/cd374760/id/15329253/?mfg_year_from=2018
CD374761,2025 FORD RANGER 2.0 FORD XLS DOUBLE CAB,CD374761,2025,"$24,820",,30000,1996,,AT,,,,0,0,0,0,0,0,0,0,Thailand,,https://www.beforward.jp/ford/ranger/cd374761/id/15329255/?mfg_year_from=2018
CD374757,2019 FORD RANGER 2.0 FORD WILDTRAK DOUBLE CAB,CD374757,2019,"$17,530",,47200,1996,,AT,,,,0,0,0,0,0,0,0,0,Thailand,,https://www.beforward.jp/ford/ranger/cd374757/id/15329249/?mfg_year_from=2018
CD374731,2023 FORD RANGER 2.0 BI-TERBO RANGER DCAB,CD374731,2023,"$33,610",,35000,1996,,AT,,,,0,0,0,0,0,0,0,0,Thailand,,https://www.beforward.jp/ford/ranger/cd374731/id/15329217/?mfg_year_from=2018
CD374725,2019 FORD RANGER 2.2 FORD XLT SMART CAB,CD374725,2019,"$14,310",,42100,2198,,AT,,,,0,0,0,0,0,0,0,0,Thailand,,https://www.beforward.jp/ford/ranger/cd374725/id/15329206/?mfg_year_from=2018
CD374687,2024 TOYOTA HILUX 2.4 J REVO DOUBLE CAB,CD374687,2024,"$17,530",,35100,2393,,MT,,,,0,0,0,0,0,0,0,0,Thailand,,https://www.beforward.jp/toyota/hilux/cd374687/id/15329150/?mfg_year_from=2018
CD374686,2018 TOYOTA HILUX 2.4 J REVO SINGLE CAB,CD374686,2018,"$12,560",,43600,2393,,MT,,,,0,0,0,0,0,0,0,0,Thailand,,https://www.beforward.jp/toyota/hilux/cd374686/id/15329149/?mfg_year_from=2018
CD374685,2025 TOYOTA HILUX 2.4 J REVO SMART CAB,CD374685,2025,"$16,870",,31400,2393,,MT,,,,0,0,0,0,0,0,0,0,Thailand,,https://www.beforward.jp/toyota/hilux/cd374685/id/15329146/?mfg_year_from=2018
CD374684,2020 TOYOTA HILUX 2.4 J REVO SMART CAB,CD374684,2020,"$16,530",,34200,2393,,MT,,,,0,0,0,0,0,0,0,0,Thailand,,https://www.beforward.jp/toyota/hilux/cd374684/id/15329145/?mfg_year_from=2018
CD374680,2022 TOYOTA HILUX 2.4 E REVO SMART CAB,CD374680,2022,"$18,720",,34800,2393,,AT,,,,0,0,0,0,0,0,0,0,Thailand,,https://www.beforward.jp/toyota/hilux/cd374680/id/15329135/?mfg_year_from=2018
CD374661,2022 TOYOTA HILUX 2.4 E REVO SMART CAB,CD374661,2022,"$21,170",,35700,2393,,MT,,,,0,0,0,0,0,0,0,0,Thailand,,https://www.beforward.jp/toyota/hilux/cd374661/id/15329091/?mfg_year_from=2018
CD374659,2022 TOYOTA HILUX 2.4 E REVO SMART CAB,CD374659,2022,"$21,170",,31200,2393,,MT,,,,0,0,0,0,0,0,0,0,Thailand,,https://www.beforward.jp/toyota/hilux/cd374659/id/15329086/?mfg_year_from=2018
CD374642,2021 TOYOTA HILUX 2.4 MID REVO SMART CAB,CD374642,2021,"$17,810",,82700,2393,,MT,,,,0,0,0,0,0,0,0,0,Thailand,,https://www.beforward.jp/toyota/hilux/cd374642/id/15329057/?mfg_year_from=2018
CD374632,2021 TOYOTA HILUX 2.4 E REVO DOUBLE CAB,CD374632,2021,"$19,190",,65000,2393,,AT,,,,0,0,0,0,0,0,0,0,Thailand,,https://www.beforward.jp/toyota/hilux/cd374632/id/15329043/?mfg_year_from=2018
CD374631,2022 TOYOTA HILUX 2.4 MID REVO SMART CAB,CD374631,2022,"$21,100",,25000,2393,,AT,,,,0,0,0,0,0,0,0,0,Thailand,,https://www.beforward.jp/toyota/hilux/cd374631/id/15329041/?mfg_year_from=2018
CD374612,2020 TOYOTA HILUX 2.4 E REVO SMART CAB,CD374612,2020,"$18,820",,44000,2393,,AT,,,,0,0,0,0,0,0,0,0,Thailand,,https://www.beforward.jp/toyota/hilux/cd374612/id/15329017/?mfg_year_from=2018
CD374651,2023 FORD RANGER 2.0 FORD WILDTRAK DOUBLE CAB,CD374651,2023,"$26,180",,37400,1996,,AT,,,,0,0,0,0,0,0,0,0,Thailand,,https://www.beforward.jp/ford/ranger/cd374651/id/15329073/?mfg_year_from=2018
CD374588,2021 TOYOTA HIACE VAN,CD374588,2021,"$14,150",,182151,2800,,AT,,VAN,,0,0,0,0,0,0,0,0,Yokohama,,https://www.beforward.jp/toyota/hiace-van/cd374588/id/15328968/?mfg_year_from=2018
CD374596,2020 TOYOTA HILUX 2.4 E REVO DOUBLE CAB,CD374596,2020,"$20,550",,56300,2393,,AT,,,,0,0,0,0,0,0,0,0,Thailand,,https://www.beforward.jp/toyota/hilux/cd374596/id/15328998/?mfg_year_from=2018
CD374593,2021 TOYOTA HILUX 2.4 J REVO DOUBLE CAB,CD374593,2021,"$19,350",,94000,2393,,AT,,,,0,0,0,0,0,0,0,0,Thailand,,https://www.beforward.jp/toyota/hilux/cd374593/id/15328986/?mfg_year_from=2018
CD374590,2021 TOYOTA HILUX 2.4 E REVO SMART CAB,CD374590,2021,"$20,140",,62500,2393,,MT,,,,0,0,0,0,0,0,0,0,Thailand,,https://www.beforward.jp/toyota/hilux/cd374590/id/15328974/?mfg_year_from=2018
CD374586,2020 MERCEDES-BENZ GLB- CLASS,CD374586,2020,"$26,360",,34912,2000,,AT,,,,0,0,0,0,0,0,0,0,Yokohama,,https://www.beforward.jp/mercedes-benz/glb-class/cd374586/id/15328966/?mfg_year_from=2018
CD374611,2018 TOYOTA ALPHARD,CD374611,2018,"$22,810",,67681,2500,,CVT,,,,0,0,0,0,0,0,0,0,Yokohama,,https://www.beforward.jp/toyota/alphard/cd374611/id/15329016/?mfg_year_from=2018
CD374578,2022 TOYOTA FORTUNER 2.4 V SUV,CD374578,2022,"$37,530",,59000,2393,,AT,,SUV,,0,0,0,0,0,0,0,0,Thailand,,https://www.beforward.jp/toyota/fortuner/cd374578/id/15328956/?mfg_year_from=2018
CD374572,2023 ISUZU D-MAX 3.0 HI-LANDER DOUBLE CAB,CD374572,2023,"$26,500",,39900,2999,,MT,,,,0,0,0,0,0,0,0,0,Thailand,,https://www.beforward.jp/isuzu/d-max/cd374572/id/15328944/?mfg_year_from=2018
CD351355,2026 DAIHATSU COPEN S,CD351355,2026,"$13,780",,2480,658,,MT,,,,0,0,0,0,0,0,0,0,Osaka,,https://www.beforward.jp/daihatsu/copen/cd351355/id/15304939/?mfg_year_from=2018
CD237065,2019 NISSAN X-TRAIL 20XI,CD237065,2019,"$8,880",,74462,1997,,CVT,,,,0,0,0,0,0,0,0,0,Kyushu,,https://www.beforward.jp/nissan/x-trail/cd237065/id/15189704/?mfg_year_from=2018
CD162324,2018 MINI MINI OTHERS D,CD162324,2018,"$7,950",,61750,1995,,AT,,,,0,0,0,0,0,0,0,0,Osaka,,https://www.beforward.jp/mini/mini-others/cd162324/id/15115384/?mfg_year_from=2018
CD162322,2021 CITROEN BERLINGO XTR,CD162322,2021,"$13,580",,47100,1498,,AT,,,,0,0,0,0,0,0,0,0,Yokohama,,https://www.beforward.jp/citroen/berlingo/cd162322/id/15115382/?mfg_year_from=2018
CD101792,2023 PEUGEOT 308 SWGTHDI,CD101792,2023,"$19,210",,17100,1498,,AT,,,,0,0,0,0,0,0,0,0,Osaka,,https://www.beforward.jp/peugeot/308/cd101792/id/15054228/?mfg_year_from=2018
CD161260,2021 BMW X3 XDRIVE20DX,CD161260,2021,"$18,880",,34540,1995,,AT,,,,0,0,0,0,0,0,0,0,Nagoya,,https://www.beforward.jp/bmw/x3/cd161260/id/15114317/?mfg_year_from=2018
CD112066,2021 JEEP RENEGADE,CD112066,2021,"$14,240",,46592,1331,,AT,,,,0,0,0,0,0,0,0,0,Yokohama,,https://www.beforward.jp/jeep/renegade/cd112066/id/15064536/?mfg_year_from=2018
CD101603,2019 MERCEDES-BENZ CLA-CLASS CLA2504AMG,CD101603,2019,"$19,870",,36200,1991,,AT,,,,0,0,0,0,0,0,0,0,Hokkaido,,https://www.beforward.jp/mercedes-benz/cla-class/cd101603/id/15054038/?mfg_year_from=2018
CD110664,2018 MINI MINI OTHERS D,CD110664,2018,"$12,920",,10080,1995,,AT,,,,0,0,0,0,0,0,0,0,Nagoya,,https://www.beforward.jp/mini/mini-others/cd110664/id/15063082/?mfg_year_from=2018
CD077078,2024 MERCEDES-BENZ GLC-CLASS GLC220D4,CD077078,2024,"$41,730",,11730,1992,,AT,,,,0,0,0,0,0,0,0,0,Yokohama,,https://www.beforward.jp/mercedes-benz/glc-class/cd077078/id/15029352/?mfg_year_from=2018
CD374564,2018 MITSUBISHI CANTER,CD374564,2018,"$21,860",,112034,3000,,MT,,,,0,0,0,0,0,0,0,0,Yokohama,,https://www.beforward.jp/mitsubishi/canter/cd374564/id/15328923/?mfg_year_from=2018
CD374567,2019 JEEP RENEGADE,CD374567,2019,"$9,260",,69305,1300,,AT,,,,0,0,0,0,0,0,0,0,Nagoya,,https://www.beforward.jp/jeep/renegade/cd374567/id/15328929/?mfg_year_from=2018
CD374571,2021 ISUZU D-MAX 3.0 HI-LANDER DOUBLE CAB,CD374571,2021,"$26,190",,97000,2999,,MT,,,,0,0,0,0,0,0,0,0,Thailand,,https://www.beforward.jp/isuzu/d-max/cd374571/id/15328933/?mfg_year_from=2018
CD374565,2024 TOYOTA PRIUS,CD374565,2024,"$21,400",,25000,2000,,CVT,,,,0,0,0,0,0,0,0,0,Kyushu,,https://www.beforward.jp/toyota/prius/cd374565/id/15328927/?mfg_year_from=2018
CD374569,2023 LEXUS LS,CD374569,2023,"$51,330",,12785,3500,,AT,,,,0,0,0,0,0,0,0,0,Osaka,,https://www.beforward.jp/lexus/ls/cd374569/id/15328931/?mfg_year_from=2018
CC802963,2023 JEEP COMPASS,CC802963,2023,"$15,630",,23500,2359,,AT,,,,0,0,0,0,0,0,0,0,Yokohama,,https://www.beforward.jp/jeep/compass/cc802963/id/14824512/?mfg_year_from=2018
CD374559,2022 TOYOTA HILUX 2.4E REVO SMART CAB,CD374559,2022,"$14,000",,42970,2393,,MT,,,,0,0,0,0,0,0,0,0,Thailand,,https://www.beforward.jp/toyota/hilux/cd374559/id/15328913/?mfg_year_from=2018
CD374556,2021 TOYOTA HILUX 2.4 ROCCO DOUBLE CAB,CD374556,2021,"$26,990",,41000,2393,,AT,,,,0,0,0,0,0,0,0,0,Thailand,,https://www.beforward.jp/toyota/hilux/cd374556/id/15328902/?mfg_year_from=2018
CD374547,2020 TOYOTA HILUX 2.4E REVO SMART CAB,CD374547,2020,"$15,900",,72333,2393,,MT,,,,0,0,0,0,0,0,0,0,Thailand,,https://www.beforward.jp/toyota/hilux/cd374547/id/15328888/?mfg_year_from=2018
CD374527,2022 TOYOTA HILUX 2.8G ROCCO DOUBLE CAB,CD374527,2022,"$35,730",,20000,2755,,AT,,,,0,0,0,0,0,0,0,0,Thailand,,https://www.beforward.jp/toyota/hilux/cd374527/id/15328863/?mfg_year_from=2018
CD374524,2020 TOYOTA HILUX 2.4 J REVO SMART CAB,CD374524,2020,"$14,550",,50000,2393,,MT,,,,0,0,0,0,0,0,0,0,Thailand,,https://www.beforward.jp/toyota/hilux/cd374524/id/15328852/?mfg_year_from=2018
CD374570,2025 TOYOTA LAND CRUISER,CD374570,2025,"$74,180",,557,3300,,AT,,,,0,0,0,0,0,0,0,0,Osaka,,https://www.beforward.jp/toyota/land-cruiser/cd374570/id/15328932/?mfg_year_from=2018
CD374484,2021 TOYOTA HILUX 2.4E REVO DOUBLE CAB,CD374484,2021,"$16,430",,40000,2393,,MT,,,,0,0,0,0,0,0,0,0,Thailand,,https://www.beforward.jp/toyota/hilux/cd374484/id/15328801/?mfg_year_from=2018
CD374480,2021 TOYOTA HILUX 2.4E REVO DOUBLE CAB,CD374480,2021,"$14,630",,33200,2393,,AT,,,,0,0,0,0,0,0,0,0,Thailand,,https://www.beforward.jp/toyota/hilux/cd374480/id/15328795/?mfg_year_from=2018
CD374476,2022 TOYOTA HILUX 2.4 E REVO DOUBLE CAB,CD374476,2022,"$26,400",,38000,2393,,AT,,,,0,0,0,0,0,0,0,0,Thailand,,https://www.beforward.jp/toyota/hilux/cd374476/id/15328781/?mfg_year_from=2018
CD374470,2020 TOYOTA HILUX REVO 2.8 J SINGLE CAB,CD374470,2020,"$13,890",,66000,2755,,MT,,,,0,0,0,0,0,0,0,0,Thailand,,https://www.beforward.jp/toyota/hilux/cd374470/id/15328768/?mfg_year_from=2018
CD374449,2020 TOYOTA HILUX 2.4 E REVO SMART CAB,CD374449,2020,"$18,240",,42000,2393,,AT,,,,0,0,0,0,0,0,0,0,Thailand,,https://www.beforward.jp/toyota/hilux/cd374449/id/15328741/?mfg_year_from=2018
CD374472,2021 FORD RANGER 2.2 XLT RANGER DCAB,CD374472,2021,"$20,250",,40000,2198,,AT,,,,0,0,0,0,0,0,0,0,Thailand,,https://www.beforward.jp/ford/ranger/cd374472/id/15328772/?mfg_year_from=2018
CD374436,2022 TOYOTA HILUX 2.4 J REVO SMART CAB,CD374436,2022,"$14,880",,73000,2393,,MT,,,,0,0,0,0,0,0,0,0,Thailand,,https://www.beforward.jp/toyota/hilux/cd374436/id/15328722/?mfg_year_from=2018
CD374432,2018 TOYOTA HILUX 2.8 J REVO SINGLE CAB,CD374432,2018,"$18,980",,52000,2755,,MT,,,,0,0,0,0,0,0,0,0,Thailand,,https://www.beforward.jp/toyota/hilux/cd374432/id/15328716/?mfg_year_from=2018
CD374421,2019 TOYOTA HILUX 2.8G REVO SMART CAB,CD374421,2019,"$24,380",,50000,2755,,MT,,,,0,0,0,0,0,0,0,0,Thailand,,https://www.beforward.jp/toyota/hilux/cd374421/id/15328703/?mfg_year_from=2018
CD374417,2024 TOYOTA HILUX 2.4 E REVO SMART CAB,CD374417,2024,"$19,930",,23000,2393,,MT,,,,0,0,0,0,0,0,0,0,Thailand,,https://www.beforward.jp/toyota/hilux/cd374417/id/15328698/?mfg_year_from=2018
CD374444,2022 FORD RANGER 2.2 XLT DCAB,CD374444,2022,"$22,260",,62715,2198,,MT,,,,0,0,0,0,0,0,0,0,Thailand,,https://www.beforward.jp/ford/ranger/cd374444/id/15328734/?mfg_year_from=2018
CD374434,2023 FORD RANGER 2.0 FORD WILDTRAK DOUBLE CAB,CD374434,2023,"$29,480",,53000,1996,,AT,,,,0,0,0,0,0,0,0,0,Thailand,,https://www.beforward.jp/ford/ranger/cd374434/id/15328718/?mfg_year_from=2018
CD374318,2019 TOYOTA HILUX 2.4 G REVO DOUBLE CAB,CD374318,2019,"$29,050",,50000,2393,,AT,,,,0,0,0,0,0,0,0,0,Thailand,,https://www.beforward.jp/toyota/hilux/cd374318/id/15328594/?mfg_year_from=2018
CD374288,2021 TOYOTA HILUX 2.4 E REVO DOUBLE CAB,CD374288,2021,"$23,320",,35000,2393,,AT,,,,0,0,0,0,0,0,0,0,Thailand,,https://www.beforward.jp/toyota/hilux/cd374288/id/15328563/?mfg_year_from=2018
CD374279,2023 TOYOTA HILUX 2.4 Z-EDITION DOUBLE CAB,CD374279,2023,"$16,220",,40000,2393,,MT,,,,0,0,0,0,0,0,0,0,Thailand,,https://www.beforward.jp/toyota/hilux/cd374279/id/15328550/?mfg_year_from=2018
CD374275,2018 TOYOTA HILUX 2.4 E REVO SMART CAB,CD374275,2018,"$12,830",,52000,2393,,MT,,,,0,0,0,0,0,0,0,0,Thailand,,https://www.beforward.jp/toyota/hilux/cd374275/id/15328543/?mfg_year_from=2018
CD374269,2020 TOYOTA HILUX 2.4 E REVO SMART CAB,CD374269,2020,"$17,920",,28000,2393,,MT,,,,0,0,0,0,0,0,0,0,Thailand,,https://www.beforward.jp/toyota/hilux/cd374269/id/15328534/?mfg_year_from=2018
CD374286,2021 FORD RANGER 2.0 WILDTRAK DCAB,CD374286,2021,"$25,340",,35000,1996,,AT,,,,0,0,0,0,0,0,0,0,Thailand,,https://www.beforward.jp/ford/ranger/cd374286/id/15328559/?mfg_year_from=2018
CD374255,2022 TOYOTA HILUX 2.4 E REVO DOUBLE CAB,CD374255,2022,"$21,200",,39000,2393,,AT,,,,0,0,0,0,0,0,0,0,Thailand,,https://www.beforward.jp/toyota/hilux/cd374255/id/15328511/?mfg_year_from=2018
CD374248,2023 HONDA ZR-V,CD374248,2023,"$16,890",,26495,1500,,CVT,,,,0,0,0,0,0,0,0,0,Nagoya,,https://www.beforward.jp/honda/zr-v/cd374248/id/15328499/?mfg_year_from=2018
CD373511,2020 NISSAN DAYZ ROOX X,CD373511,2020,"$6,740",,64314,659,,CVT,,,,0,0,0,0,0,0,0,0,Kyushu,,https://www.beforward.jp/nissan/dayz-roox/cd373511/id/15327748/?mfg_year_from=2018
CD373517,2021 LEXUS UX UX250HF,CD373517,2021,"$21,200",,39872,1986,,CVT,,,,0,0,0,0,0,0,0,0,Yokohama,,https://www.beforward.jp/lexus/ux/cd373517/id/15327754/?mfg_year_from=2018
CD373518,2019 SUBARU XV,CD373518,2019,"$11,930",,50310,1995,,CVT,,,,0,0,0,0,0,0,0,0,Nagoya,,https://www.beforward.jp/subaru/xv/cd373518/id/15327755/?mfg_year_from=2018
CD373525,2021 TOYOTA HARRIER HYBRID Z,CD373525,2021,"$22,810",,35400,2487,HYBRID,CVT,,,,0,0,0,0,0,0,0,0,Niigata,,https://www.beforward.jp/toyota/harrier-hybrid/cd373525/id/15327762/?mfg_year_from=2018
CD373545,2025 TOYOTA LAND CRUISER AX,CD373545,2025,"$47,690",,8140,2754,,AT,,,,0,0,0,0,0,0,0,0,Nagoya,,https://www.beforward.jp/toyota/land-cruiser/cd373545/id/15327782/?mfg_year_from=2018
CD373536,2019 TOYOTA RAV4 GZ,CD373536,2019,"$19,080",,42657,1986,,CVT,,,,0,0,0,0,0,0,0,0,Hokkaido,,https://www.beforward.jp/toyota/rav4/cd373536/id/15327773/?mfg_year_from=2018
CD373539,2020 NISSAN DAYZ X,CD373539,2020,"$5,970",,29060,659,,CVT,,,,0,0,0,0,0,0,0,0,Kyoto,,https://www.beforward.jp/nissan/dayz/cd373539/id/15327776/?mfg_year_from=2018
CD373540,2018 SUBARU XV,CD373540,2018,"$10,930",,51867,1995,,CVT,,,,0,0,0,0,0,0,0,0,Hokkaido,,https://www.beforward.jp/subaru/xv/cd373540/id/15327777/?mfg_year_from=2018
CD373541,2025 SUZUKI SPACIA XS,CD373541,2025,"$11,930",,3815,657,,CVT,,,,0,0,0,0,0,0,0,0,Nagoya,,https://www.beforward.jp/suzuki/spacia/cd373541/id/15327778/?mfg_year_from=2018
CD373542,2021 SUZUKI HUSTLER X,CD373542,2021,"$9,140",,19290,657,,CVT,,,,0,0,0,0,0,0,0,0,Nagoya,,https://www.beforward.jp/suzuki/hustler/cd373542/id/15327779/?mfg_year_from=2018
CD373571,2024 TOYOTA COROLLA CROSS Z,CD373571,2024,"$21,860",,16830,1797,,CVT,,,,0,0,0,0,0,0,0,0,Yokohama,,https://www.beforward.jp/toyota/corolla-cross/cd373571/id/15327808/?mfg_year_from=2018
CD373572,2024 TOYOTA COROLLA CROSS Z,CD373572,2024,"$19,870",,3795,1797,,CVT,,,,0,0,0,0,0,0,0,0,Kyushu,,https://www.beforward.jp/toyota/corolla-cross/cd373572/id/15327809/?mfg_year_from=2018
CD373575,2023 TOYOTA HARRIER HYBRID Z,CD373575,2023,"$24,180",,29120,2487,HYBRID,CVT,,,,0,0,0,0,0,0,0,0,Kobe,,https://www.beforward.jp/toyota/harrier-hybrid/cd373575/id/15327812/?mfg_year_from=2018
CD373576,2021 NISSAN DAYZ S,CD373576,2021,"$4,640",,9550,659,,CVT,,,,0,0,0,0,0,0,0,0,Toyama,,https://www.beforward.jp/nissan/dayz/cd373576/id/15327813/?mfg_year_from=2018
CD373583,2020 DAIHATSU TAFT X,CD373583,2020,"$7,620",,7010,658,,CVT,,,,0,0,0,0,0,0,0,0,Kyushu,,https://www.beforward.jp/daihatsu/taft/cd373583/id/15327820/?mfg_year_from=2018
CD373589,2020 HONDA N BOX GEX,CD373589,2020,"$8,220",,15804,658,,CVT,,,,0,0,0,0,0,0,0,0,Kobe,,https://www.beforward.jp/honda/n-box/cd373589/id/15327826/?mfg_year_from=2018
CD373605,2020 NISSAN KIX X,CD373605,2020,"$11,590",,22545,1198,,CVT,,,,0,0,0,0,0,0,0,0,Kyoto,,https://www.beforward.jp/nissan/kix/cd373605/id/15327842/?mfg_year_from=2018
CD373613,2019 MAZDA CX-5 XD,CD373613,2019,"$10,530",,73110,2188,,AT,,,,0,0,0,0,0,0,0,0,Nagoya,,https://www.beforward.jp/mazda/cx-5/cd373613/id/15327850/?mfg_year_from=2018
CD373616,2019 TOYOTA RAIZE G,CD373616,2019,"$11,400",,47300,996,,CVT,,,,0,0,0,0,0,0,0,0,Toyama,,https://www.beforward.jp/toyota/raize/cd373616/id/15327853/?mfg_year_from=2018
CD373617,2022 LEXUS NX NX450HF,CD373617,2022,"$33,780",,28110,2487,,CVT,,,,0,0,0,0,0,0,0,0,Niigata,,https://www.beforward.jp/lexus/nx/cd373617/id/15327854/?mfg_year_from=2018
CD373624,2022 MITSUBISHI OUTLANDER PHEV P,CD373624,2022,"$22,460",,26680,2359,,CVT,,,,0,0,0,0,0,0,0,0,Nagoya,,https://www.beforward.jp/mitsubishi/outlander-phev/cd373624/id/15327861/?mfg_year_from=2018
CD373627,2018 TOYOTA FJ CRUISER,CD373627,2018,"$19,080",,82637,3955,,AT,,,,0,0,0,0,0,0,0,0,Hokkaido,,https://www.beforward.jp/toyota/fj-cruiser/cd373627/id/15327864/?mfg_year_from=2018
CD373640,2024 SUZUKI SPACIA G,CD373640,2024,"$8,950",,13710,657,,CVT,,,,0,0,0,0,0,0,0,0,Nagoya,,https://www.beforward.jp/suzuki/spacia/cd373640/id/15327877/?mfg_year_from=2018
CD373641,2024 SUZUKI SPACIA XS,CD373641,2024,"$13,540",,12430,657,,CVT,,,,0,0,0,0,0,0,0,0,Nagoya,,https://www.beforward.jp/suzuki/spacia/cd373641/id/15327878/?mfg_year_from=2018
CD373642,2020 SUZUKI X BEE MZ,CD373642,2020,"$10,800",,19992,996,,AT,,,,0,0,0,0,0,0,0,0,Yokohama,,https://www.beforward.jp/suzuki/x-bee/cd373642/id/15327879/?mfg_year_from=2018
CD373643,2025 SUZUKI HUSTLER G,CD373643,2025,"$10,600",,8,657,,CVT,,,,0,0,0,0,0,0,0,0,Yokohama,,https://www.beforward.jp/suzuki/hustler/cd373643/id/15327880/?mfg_year_from=2018
CD373646,2025 HONDA VEZEL EHEVZ,CD373646,2025,"$20,870",,3100,1496,,CVT,,,,0,0,0,0,0,0,0,0,Yokohama,,https://www.beforward.jp/honda/vezel/cd373646/id/15327883/?mfg_year_from=2018
CD373647,2024 HONDA ZR-V EHEVZ,CD373647,2024,"$20,200",,19530,1993,,CVT,,,,0,0,0,0,0,0,0,0,Yokohama,,https://www.beforward.jp/honda/zr-v/cd373647/id/15327884/?mfg_year_from=2018
CD373669,2022 HONDA N BOX L,CD373669,2022,"$7,220",,34830,658,,CVT,,,,0,0,0,0,0,0,0,0,Yokohama,,https://www.beforward.jp/honda/n-box/cd373669/id/15327906/?mfg_year_from=2018
CD373670,2022 HONDA N BOX L,CD373670,2022,"$9,410",,29440,658,,CVT,,,,0,0,0,0,0,0,0,0,Toyama,,https://www.beforward.jp/honda/n-box/cd373670/id/15327907/?mfg_year_from=2018
CD373673,2024 DAIHATSU TANTO X,CD373673,2024,"$11,360",,2365,658,,CVT,,,,0,0,0,0,0,0,0,0,Yokohama,,https://www.beforward.jp/daihatsu/tanto/cd373673/id/15327910/?mfg_year_from=2018
CD373675,2025 DAIHATSU MOVE CANBUS G,CD373675,2025,"$11,260",,2070,658,,CVT,,,,0,0,0,0,0,0,0,0,Nagoya,,https://www.beforward.jp/daihatsu/move-canbus/cd373675/id/15327912/?mfg_year_from=2018
CD373677,2023 TOYOTA YARIS CROSS Z,CD373677,2023,"$16,230",,29950,1490,,CVT,,,,0,0,0,0,0,0,0,0,Nagoya,,https://www.beforward.jp/toyota/yaris-cross/cd373677/id/15327914/?mfg_year_from=2018
CD373679,2021 NISSAN KIX X,CD373679,2021,"$10,930",,40135,1198,,CVT,,,,0,0,0,0,0,0,0,0,Yokohama,,https://www.beforward.jp/nissan/kix/cd373679/id/15327916/?mfg_year_from=2018
CD373709,2020 TOYOTA LAND CRUISER PRADO TXL,CD373709,2020,"$26,500",,46355,2754,,AT,,,,0,0,0,0,0,0,0,0,Nagoya,,https://www.beforward.jp/toyota/land-cruiser-prado/cd373709/id/15327946/?mfg_year_from=2018
CD373704,2022 SUZUKI EVERY,CD373704,2022,"$7,420",,41060,658,,AT,,,,0,0,0,0,0,0,0,0,Kyoto,,https://www.beforward.jp/suzuki/every/cd373704/id/15327941/?mfg_year_from=2018
CD373714,2025 SUZUKI JIMNY XC,CD373714,2025,"$15,240",,4490,658,,AT,,,,0,0,0,0,0,0,0,0,Osaka,,https://www.beforward.jp/suzuki/jimny/cd373714/id/15327951/?mfg_year_from=2018
CD373715,2021 HONDA N BOX L,CD373715,2021,"$8,950",,50200,658,,CVT,,,,0,0,0,0,0,0,0,0,Osaka,,https://www.beforward.jp/honda/n-box/cd373715/id/15327952/?mfg_year_from=2018
CD373716,2022 HONDA N BOX G,CD373716,2022,"$6,820",,37720,658,,CVT,,,,0,0,0,0,0,0,0,0,Nagoya,,https://www.beforward.jp/honda/n-box/cd373716/id/15327953/?mfg_year_from=2018
CD373719,2025 DAIHATSU TAFT G,CD373719,2025,"$8,610",,11,658,,CVT,,,,0,0,0,0,0,0,0,0,Nagoya,,https://www.beforward.jp/daihatsu/taft/cd373719/id/15327956/?mfg_year_from=2018
CD373744,2023 TOYOTA LAND CRUISER PRADO TXL,CD373744,2023,"$29,670",,14870,2693,,AT,,,,0,0,0,0,0,0,0,0,Osaka,,https://www.beforward.jp/toyota/land-cruiser-prado/cd373744/id/15327981/?mfg_year_from=2018
CD373736,2025 TOYOTA YARIS CROSS Z,CD373736,2025,"$19,070",,14590,1490,,CVT,,,,0,0,0,0,0,0,0,0,Nagoya,,https://www.beforward.jp/toyota/yaris-cross/cd373736/id/15327973/?mfg_year_from=2018
CD373737,2023 TOYOTA YARIS CROSS G,CD373737,2023,"$15,860",,16365,1490,,CVT,,,,0,0,0,0,0,0,0,0,Nagoya,,https://www.beforward.jp/toyota/yaris-cross/cd373737/id/15327974/?mfg_year_from=2018
CD373738,2021 TOYOTA HARRIER Z,CD373738,2021,"$18,550",,36560,1986,,CVT,,,,0,0,0,0,0,0,0,0,Nagoya,,https://www.beforward.jp/toyota/harrier/cd373738/id/15327975/?mfg_year_from=2018
CD373739,2023 TOYOTA HARRIER S,CD373739,2023,"$14,570",,41230,1986,,CVT,,,,0,0,0,0,0,0,0,0,Nagoya,,https://www.beforward.jp/toyota/harrier/cd373739/id/15327976/?mfg_year_from=2018
CD373740,2025 TOYOTA HARRIER G,CD373740,2025,"$22,520",,8780,1986,,CVT,,,,0,0,0,0,0,0,0,0,Nagoya,,https://www.beforward.jp/toyota/harrier/cd373740/id/15327977/?mfg_year_from=2018
CD375196,2019 TOYOTA HILUX 2.4 J REVO SMART CAB,CD375196,2019,"$16,540",,50000,2393,,AT,,,,0,0,0,0,0,0,0,0,Thailand,,https://www.beforward.jp/toyota/hilux/cd375196/id/15329973/?mfg_year_from=2018
CD375194,2019 TOYOTA HILUX 2.8 G REVO DOUBLE CAB,CD375194,2019,"$25,120",,40000,2755,,AT,,,,0,0,0,0,0,0,0,0,Thailand,,https://www.beforward.jp/toyota/hilux/cd375194/id/15329971/?mfg_year_from=2018
CD375181,2021 TOYOTA HILUX 2.4 E REVO DOUBLE CAB,CD375181,2021,"$21,530",,37200,2393,,AT,,,,0,0,0,0,0,0,0,0,Thailand,,https://www.beforward.jp/toyota/hilux/cd375181/id/15329957/?mfg_year_from=2018
CD375176,2019 TOYOTA HILUX 2.4 J REVO DOUBLE CAB,CD375176,2019,"$15,210",,44200,2393,,AT,,,,0,0,0,0,0,0,0,0,Thailand,,https://www.beforward.jp/toyota/hilux/cd375176/id/15329951/?mfg_year_from=2018
CD375166,2020 TOYOTA HILUX 2.4 E REVO DOUBLE CAB,CD375166,2020,"$22,030",,35800,2393,,AT,,,,0,0,0,0,0,0,0,0,Thailand,,https://www.beforward.jp/toyota/hilux/cd375166/id/15329935/?mfg_year_from=2018
CD375207,2019 FORD RANGER 2.2 XLT FORD DOUBLE CAB,CD375207,2019,"$15,220",,65000,2198,,AT,,,,0,0,0,0,0,0,0,0,Thailand,,https://www.beforward.jp/ford/ranger/cd375207/id/15329987/?mfg_year_from=2018
CD375145,2020 TOYOTA HILUX 2.8 G REVO SMART CAB,CD375145,2020,"$29,450",,31700,2755,,MT,,,,0,0,0,0,0,0,0,0,Thailand,,https://www.beforward.jp/toyota/hilux/cd375145/id/15329914/?mfg_year_from=2018
CD375137,2022 TOYOTA HILUX 2.4 E REVO DOUBLE CAB,CD375137,2022,"$23,030",,34600,2393,,MT,,,,0,0,0,0,0,0,0,0,Thailand,,https://www.beforward.jp/toyota/hilux/cd375137/id/15329904/?mfg_year_from=2018
CD375132,2019 TOYOTA HILUX 2.4 E REVO DOUBLE CAB,CD375132,2019,"$21,700",,45200,2393,,AT,,,,0,0,0,0,0,0,0,0,Thailand,,https://www.beforward.jp/toyota/hilux/cd375132/id/15329898/?mfg_year_from=2018
CD375115,2020 TOYOTA HILUX 2.4 E REVO DOUBLE CAB,CD375115,2020,"$21,170",,12000,2393,,AT,,,,0,0,0,0,0,0,0,0,Thailand,,https://www.beforward.jp/toyota/hilux/cd375115/id/15329879/?mfg_year_from=2018
CD375124,2019 FORD RANGER 2.2 FORD XL SMART CAB,CD375124,2019,"$12,100",,48900,2198,,MT,,,,0,0,0,0,0,0,0,0,Thailand,,https://www.beforward.jp/ford/ranger/cd375124/id/15329889/?mfg_year_from=2018
CD375164,2022 TOYOTA RAIZE,CD375164,2022,"$11,330",,15071,1200,,CVT,,,,0,0,0,0,0,0,0,0,Yokohama,,https://www.beforward.jp/toyota/raize/cd375164/id/15329933/?mfg_year_from=2018
CD375113,2021 TOYOTA HILUX 2.4 E REVO DOUBLE CAB,CD375113,2021,"$22,790",,65800,2393,,AT,,,,0,0,0,0,0,0,0,0,Thailand,,https://www.beforward.jp/toyota/hilux/cd375113/id/15329873/?mfg_year_from=2018
CD375112,2021 TOYOTA HILUX 2.4 E REVO SMART CAB,CD375112,2021,"$13,210",,29900,2393,,MT,,,,0,0,0,0,0,0,0,0,Thailand,,https://www.beforward.jp/toyota/hilux/cd375112/id/15329872/?mfg_year_from=2018
CD375109,2021 TOYOTA HILUX 2.4 J REVO DOUBLE CAB,CD375109,2021,"$22,140",,33000,2393,,AT,,,,0,0,0,0,0,0,0,0,Thailand,,https://www.beforward.jp/toyota/hilux/cd375109/id/15329867/?mfg_year_from=2018
CD375108,2025 TOYOTA HILUX 2.4 J REVO SMART CAB,CD375108,2025,"$14,740",,19000,2393,,MT,,,,0,0,0,0,0,0,0,0,Thailand,,https://www.beforward.jp/toyota/hilux/cd375108/id/15329864/?mfg_year_from=2018
CD375069,2024 TOYOTA LAND CRUISER,CD375069,2024,"$54,180",,11166,2800,,AT,,,,0,0,0,0,0,0,0,0,Yokohama,,https://www.beforward.jp/toyota/land-cruiser/cd375069/id/15329808/?mfg_year_from=2018
CD375072,2021 TOYOTA RAV4,CD375072,2021,"$19,540",,14614,2000,,CVT,,,,0,0,0,0,0,0,0,0,Yokohama,,https://www.beforward.jp/toyota/rav4/cd375072/id/15329811/?mfg_year_from=2018
CD375056,2021 TOYOTA HIACE VAN,CD375056,2021,"$13,650",,164461,2800,,AT,,VAN,,0,0,0,0,0,0,0,0,Yokohama,,https://www.beforward.jp/toyota/hiace-van/cd375056/id/15329774/?mfg_year_from=2018
CD375035,2019 TOYOTA HILUX 2.4 J REVO SMART CAB,CD375035,2019,"$13,550",,45100,2393,,MT,,,,0,0,0,0,0,0,0,0,Thailand,,https://www.beforward.jp/toyota/hilux/cd375035/id/15329738/?mfg_year_from=2018
CD375036,2018 FORD RANGER 2.2 FORD WILDTRAK DOUBLE CAB,CD375036,2018,"$19,520",,42700,2198,,AT,,,,0,0,0,0,0,0,0,0,Thailand,,https://www.beforward.jp/ford/ranger/cd375036/id/15329741/?mfg_year_from=2018
CD375048,2024 MITSUBISHI CANTER,CD375048,2024,"$33,120",,4173,3000,,AT,,,,0,0,0,0,0,0,0,0,Toyama,,https://www.beforward.jp/mitsubishi/canter/cd375048/id/15329766/?mfg_year_from=2018
CD375052,2021 HONDA VEZEL,CD375052,2021,"$17,040",,51818,1500,,MT,,,,0,0,0,0,0,0,0,0,Yokohama,,https://www.beforward.jp/honda/vezel/cd375052/id/15329770/?mfg_year_from=2018
CD375059,2020 ISUZU D-MAX 3.0 SPARK SINGLE CAB,CD375059,2020,"$18,340",,51100,2999,,MT,,,,0,0,0,0,0,0,0,0,Thailand,,https://www.beforward.jp/isuzu/d-max/cd375059/id/15329778/?mfg_year_from=2018
CD375034,2021 TOYOTA HILUX 2.4 G REVO DOUBLE CAB,CD375034,2021,"$27,170",,37400,2393,,AT,,,,0,0,0,0,0,0,0,0,Thailand,,https://www.beforward.jp/toyota/hilux/cd375034/id/15329736/?mfg_year_from=2018
CD375032,2022 TOYOTA HILUX ROCCO 2.4 DOUBLE CAB,CD375032,2022,"$29,150",,83000,2393,,AT,,,,0,0,0,0,0,0,0,0,Thailand,,https://www.beforward.jp/toyota/hilux/cd375032/id/15329732/?mfg_year_from=2018
CD375016,2023 TOYOTA HILUX 2.4 J REVO SMART CAB,CD375016,2023,"$16,900",,33000,2393,,AT,,,,0,0,0,0,0,0,0,0,Thailand,,https://www.beforward.jp/toyota/hilux/cd375016/id/15329702/?mfg_year_from=2018
CD374999,2022 TOYOTA HILUX REVO 2.4 J SINGLE CAB,CD374999,2022,"$16,120",,55000,2393,,MT,,,,0,0,0,0,0,0,0,0,Thailand,,https://www.beforward.jp/toyota/hilux/cd374999/id/15329671/?mfg_year_from=2018
CD374980,2022 TOYOTA HILUX ROCCO 2.4 SMART CAB,CD374980,2022,"$27,560",,31500,2393,,AT,,,,0,0,0,0,0,0,0,0,Thailand,,https://www.beforward.jp/toyota/hilux/cd374980/id/15329641/?mfg_year_from=2018
CD374978,2019 TOYOTA HILUX 2.4 E REVO SMART CAB,CD374978,2019,"$16,400",,44300,2393,,AT,,,,0,0,0,0,0,0,0,0,Thailand,,https://www.beforward.jp/toyota/hilux/cd374978/id/15329636/?mfg_year_from=2018
CD374975,2022 TOYOTA HILUX 2.8J SINGLE CAB,CD374975,2022,"$23,110",,17181,2755,,MT,,,,0,0,0,0,0,0,0,0,Thailand,,https://www.beforward.jp/toyota/hilux/cd374975/id/15329625/?mfg_year_from=2018
CD374974,2022 FORD RANGER 2.0 FORD WILDTRAK DOUBLE CAB,CD374974,2022,"$20,140",,31700,1996,,AT,,,,0,0,0,0,0,0,0,0,Thailand,,https://www.beforward.jp/ford/ranger/cd374974/id/15329623/?mfg_year_from=2018
CD374973,2021 FORD RANGER 2.0 DOUBLE CAB NEXT GEN SPORT,CD374973,2021,"$24,380",,48000,1996,,MT,,,,0,0,0,0,0,0,0,0,Thailand,,https://www.beforward.jp/ford/ranger/cd374973/id/15329621/?mfg_year_from=2018
CD374940,2022 HONDA VEZEL,CD374940,2022,"$15,570",,40000,1500,,CVT,,,,0,0,0,0,0,0,0,0,Osaka,,https://www.beforward.jp/honda/vezel/cd374940/id/15329574/?mfg_year_from=2018
CD374946,2018 TOYOTA C-HR,CD374946,2018,"$12,920",,18115,1800,,CVT,,,,0,0,0,0,0,0,0,0,Nagoya,,https://www.beforward.jp/toyota/c-hr/cd374946/id/15329581/?mfg_year_from=2018
CD374959,2023 LEXUS NX,CD374959,2023,"$32,990",,31000,2500,,CVT,,,,0,0,0,0,0,0,0,0,Osaka,,https://www.beforward.jp/lexus/nx/cd374959/id/15329599/?mfg_year_from=2018
CD374922,2019 FORD EVEREST 2.0 EVEREST TITANIUM PLUS,CD374922,2019,"$23,320",,104000,1996,,AT,,,,0,0,0,0,0,0,0,0,Thailand,,https://www.beforward.jp/ford/everest/cd374922/id/15329534/?mfg_year_from=2018
CD374963,2026 TOYOTA PRIUS,CD374963,2026,"$28,080",,10,2000,,CVT,,,,0,0,0,0,0,0,0,0,Osaka,,https://www.beforward.jp/toyota/prius/cd374963/id/15329603/?mfg_year_from=2018
CD314445,2020 TOYOTA HARRIER HYBRID,CD314445,2020,"$17,490",,55225,2500,HYBRID,CVT,,,,0,0,0,0,0,0,0,0,Yokohama,,https://www.beforward.jp/toyota/harrier-hybrid/cd314445/id/15268633/?mfg_year_from=2018
CD065937,2020 HONDA FREED HYBRID,CD065937,2020,"$4,970",,126426,1500,HYBRID,AT,,,,0,0,0,0,0,0,0,0,Yokohama,,https://www.beforward.jp/honda/freed-hybrid/cd065937/id/15018107/?mfg_year_from=2018
CD014227,2023 TOYOTA PRIUS,CD014227,2023,"$12,990",,69799,1800,,CVT,,,,0,0,0,0,0,0,0,0,Yokohama,,https://www.beforward.jp/toyota/prius/cd014227/id/14966057/?mfg_year_from=2018
CC915692,2021 TOYOTA HIACE VAN,CC915692,2021,"$15,440",,118902,2800,,AT,,VAN,,0,0,0,0,0,0,0,0,Yokohama,,https://www.beforward.jp/toyota/hiace-van/cc915692/id/14939039/?mfg_year_from=2018
CD374924,2021 TOYOTA HIACE VAN,CD374924,2021,"$18,480",,20746,2000,,AT,,VAN,,0,0,0,0,0,0,0,0,Yokohama,,https://www.beforward.jp/toyota/hiace-van/cd374924/id/15329536/?mfg_year_from=2018
CD374897,2023 SUBARU LEVORG,CD374897,2023,"$20,990",,4688,1800,,CVT,,,,0,0,0,0,0,0,0,0,Yokohama,,https://www.beforward.jp/subaru/levorg/cd374897/id/15329504/?mfg_year_from=2018
CD374899,2022 MAZDA CX-60,CD374899,2022,"$18,280",,80829,3300,,AT,,,,0,0,0,0,0,0,0,0,Yokohama,,https://www.beforward.jp/mazda/cx-60/cd374899/id/15329506/?mfg_year_from=2018
CD374901,2018 MAZDA CX-8,CD374901,2018,"$12,580",,74029,2200,,AT,,,,0,0,0,0,0,0,0,0,Yokohama,,https://www.beforward.jp/mazda/cx-8/cd374901/id/15329508/?mfg_year_from=2018
CD374905,2022 LEXUS NX,CD374905,2022,"$25,430",,107453,2500,,CVT,,,,0,0,0,0,0,0,0,0,Yokohama,,https://www.beforward.jp/lexus/nx/cd374905/id/15329512/?mfg_year_from=2018
CD374914,2021 MAZDA CX-5,CD374914,2021,"$16,890",,26000,2200,,AT,,,,0,0,0,0,0,0,0,0,Yokohama,,https://www.beforward.jp/mazda/cx-5/cd374914/id/15329526/?mfg_year_from=2018
CD374925,2026 TOYOTA HIACE VAN,CD374925,2026,"$19,080",,40,2000,,AT,,VAN,,0,0,0,0,0,0,0,0,Yokohama,,https://www.beforward.jp/toyota/hiace-van/cd374925/id/15329537/?mfg_year_from=2018
CD374892,2021 TOYOTA HILUX 2.4 E REVO SMART CAB,CD374892,2021,"$16,500",,34700,2393,,AT,,,,0,0,0,0,0,0,0,0,Thailand,,https://www.beforward.jp/toyota/hilux/cd374892/id/15329498/?mfg_year_from=2018
CD374888,2021 TOYOTA HILUX 2.4 J REVO SMART CAB,CD374888,2021,"$12,890",,35200,2393,,MT,,,,0,0,0,0,0,0,0,0,Thailand,,https://www.beforward.jp/toyota/hilux/cd374888/id/15329490/?mfg_year_from=2018
CD374883,2020 TOYOTA HILUX 2.8 J REVO SINGLE CAB,CD374883,2020,"$12,510",,114000,2755,,MT,,,,0,0,0,0,0,0,0,0,Thailand,,https://www.beforward.jp/toyota/hilux/cd374883/id/15329484/?mfg_year_from=2018
CD374877,2021 TOYOTA HILUX 2.4 J REVO SMART CAB,CD374877,2021,"$18,520",,32700,2393,,MT,,,,0,0,0,0,0,0,0,0,Thailand,,https://www.beforward.jp/toyota/hilux/cd374877/id/15329474/?mfg_year_from=2018
CD374849,2021 TOYOTA HILUX 2.4 J REVO SMART CAB,CD374849,2021,"$17,530",,34700,2393,,MT,,,,0,0,0,0,0,0,0,0,Thailand,,https://www.beforward.jp/toyota/hilux/cd374849/id/15329425/?mfg_year_from=2018
CD374823,2022 TOYOTA HILUX 2.4 J REVO SMART CAB,CD374823,2022,"$17,860",,31200,2393,,MT,,,,0,0,0,0,0,0,0,0,Thailand,,https://www.beforward.jp/toyota/hilux/cd374823/id/15329394/?mfg_year_from=2018
CD374795,2021 TOYOTA HILUX 2.4 J REVO SMART CAB,CD374795,2021,"$16,870",,34500,2393,,MT,,,,0,0,0,0,0,0,0,0,Thailand,,https://www.beforward.jp/toyota/hilux/cd374795/id/15329305/?mfg_year_from=2018
CD374829,2018 TOYOTA FORTUNER,CD374829,2018,"$24,270",,172717,2400,,AT,,,,0,0,0,0,0,0,0,0,Thailand,,https://www.beforward.jp/toyota/fortuner/cd374829/id/15329402/?mfg_year_from=2018
CD374830,2021 TOYOTA FORTUNER,CD374830,2021,"$30,860",,70701,2400,,AT,,,,0,0,0,0,0,0,0,0,Thailand,,https://www.beforward.jp/toyota/fortuner/cd374830/id/15329403/?mfg_year_from=2018
CD374831,2023 TOYOTA FORTUNER,CD374831,2023,"$41,590",,39988,2400,,AT,,,,0,0,0,0,0,0,0,0,Thailand,,https://www.beforward.jp/toyota/fortuner/cd374831/id/15329404/?mfg_year_from=2018
CD374835,2023 TOYOTA FORTUNER,CD374835,2023,"$41,270",,78428,2400,,AT,,,,0,0,0,0,0,0,0,0,Thailand,,https://www.beforward.jp/toyota/fortuner/cd374835/id/15329408/?mfg_year_from=2018
CD374776,2023 TOYOTA LAND CRUISER PRADO,CD374776,2023,"$30,390",,23492,2700,,AT,,,,0,0,0,0,0,0,0,0,Kobe,,https://www.beforward.jp/toyota/land-cruiser-prado/cd374776/id/15329278/?mfg_year_from=2018
CD374794,2021 TOYOTA HILUX 2.4 J REVO DOUBLE CAB,CD374794,2021,"$20,510",,34100,2393,,AT,,,,0,0,0,0,0,0,0,0,Thailand,,https://www.beforward.jp/toyota/hilux/cd374794/id/15329303/?mfg_year_from=2018
CD374789,2022 FORD RANGER 2.0 FORD XL SMART CAB,CD374789,2022,"$18,520",,30000,1996,,MT,,,,0,0,0,0,0,0,0,0,Thailand,,https://www.beforward.jp/ford/ranger/cd374789/id/15329293/?mfg_year_from=2018
CD374777,2021 TOYOTA RAV4,CD374777,2021,"$19,460",,20005,2000,,CVT,,,,0,0,0,0,0,0,0,0,Kobe,,https://www.beforward.jp/toyota/rav4/cd374777/id/15329279/?mfg_year_from=2018
CD374770,2021 VOLVO VOLVO OTHERS,CD374770,2021,"$16,890",,24271,2000,,AT,,,,0,0,0,0,0,0,0,0,Kobe,,https://www.beforward.jp/volvo/volvo-others/cd374770/id/15329270/?mfg_year_from=2018
CD374793,2019 TOYOTA FORTUNER 2.8 V SUV,CD374793,2019,"$31,740",,43800,2755,,AT,,SUV,,0,0,0,0,0,0,0,0,Thailand,,https://www.beforward.jp/toyota/fortuner/cd374793/id/15329301/?mfg_year_from=2018
CD374735,2018 TOYOTA HIACE VAN,CD374735,2018,"$13,780",,146000,2800,,AT,,VAN,,0,0,0,0,0,0,0,0,Osaka,,https://www.beforward.jp/toyota/hiace-van/cd374735/id/15329222/?mfg_year_from=2018
CD374760,2023 TOYOTA HILUX 2.8 J REVO SINGLE CAB,CD374760,2023,"$14,220",,31500,2755,,MT,,,,0,0,0,0,0,0,0,0,Thailand,,https://www.beforward.jp/toyota/hilux/cd374760/id/15329253/?mfg_year_from=2018
CD374761,2025 FORD RANGER 2.0 FORD XLS DOUBLE CAB,CD374761,2025,"$24,820",,30000,1996,,AT,,,,0,0,0,0,0,0,0,0,Thailand,,https://www.beforward.jp/ford/ranger/cd374761/id/15329255/?mfg_year_from=2018
CD374757,2019 FORD RANGER 2.0 FORD WILDTRAK DOUBLE CAB,CD374757,2019,"$17,530",,47200,1996,,AT,,,,0,0,0,0,0,0,0,0,Thailand,,https://www.beforward.jp/ford/ranger/cd374757/id/15329249/?mfg_year_from=2018
CD374731,2023 FORD RANGER 2.0 BI-TERBO RANGER DCAB,CD374731,2023,"$33,610",,35000,1996,,AT,,,,0,0,0,0,0,0,0,0,Thailand,,https://www.beforward.jp/ford/ranger/cd374731/id/15329217/?mfg_year_from=2018
CD374725,2019 FORD RANGER 2.2 FORD XLT SMART CAB,CD374725,2019,"$14,310",,42100,2198,,AT,,,,0,0,0,0,0,0,0,0,Thailand,,https://www.beforward.jp/ford/ranger/cd374725/id/15329206/?mfg_year_from=2018
CD374687,2024 TOYOTA HILUX 2.4 J REVO DOUBLE CAB,CD374687,2024,"$17,530",,35100,2393,,MT,,,,0,0,0,0,0,0,0,0,Thailand,,https://www.beforward.jp/toyota/hilux/cd374687/id/15329150/?mfg_year_from=2018
CD374686,2018 TOYOTA HILUX 2.4 J REVO SINGLE CAB,CD374686,2018,"$12,560",,43600,2393,,MT,,,,0,0,0,0,0,0,0,0,Thailand,,https://www.beforward.jp/toyota/hilux/cd374686/id/15329149/?mfg_year_from=2018
CD374685,2025 TOYOTA HILUX 2.4 J REVO SMART CAB,CD374685,2025,"$16,870",,31400,2393,,MT,,,,0,0,0,0,0,0,0,0,Thailand,,https://www.beforward.jp/toyota/hilux/cd374685/id/15329146/?mfg_year_from=2018
CD374684,2020 TOYOTA HILUX 2.4 J REVO SMART CAB,CD374684,2020,"$16,530",,34200,2393,,MT,,,,0,0,0,0,0,0,0,0,Thailand,,https://www.beforward.jp/toyota/hilux/cd374684/id/15329145/?mfg_year_from=2018
CD374680,2022 TOYOTA HILUX 2.4 E REVO SMART CAB,CD374680,2022,"$18,720",,34800,2393,,AT,,,,0,0,0,0,0,0,0,0,Thailand,,https://www.beforward.jp/toyota/hilux/cd374680/id/15329135/?mfg_year_from=2018
CD374661,2022 TOYOTA HILUX 2.4 E REVO SMART CAB,CD374661,2022,"$21,170",,35700,2393,,MT,,,,0,0,0,0,0,0,0,0,Thailand,,https://www.beforward.jp/toyota/hilux/cd374661/id/15329091/?mfg_year_from=2018
CD374659,2022 TOYOTA HILUX 2.4 E REVO SMART CAB,CD374659,2022,"$21,170",,31200,2393,,MT,,,,0,0,0,0,0,0,0,0,Thailand,,https://www.beforward.jp/toyota/hilux/cd374659/id/15329086/?mfg_year_from=2018
CD374642,2021 TOYOTA HILUX 2.4 MID REVO SMART CAB,CD374642,2021,"$17,810",,82700,2393,,MT,,,,0,0,0,0,0,0,0,0,Thailand,,https://www.beforward.jp/toyota/hilux/cd374642/id/15329057/?mfg_year_from=2018
CD374632,2021 TOYOTA HILUX 2.4 E REVO DOUBLE CAB,CD374632,2021,"$19,190",,65000,2393,,AT,,,,0,0,0,0,0,0,0,0,Thailand,,https://www.beforward.jp/toyota/hilux/cd374632/id/15329043/?mfg_year_from=2018
CD374631,2022 TOYOTA HILUX 2.4 MID REVO SMART CAB,CD374631,2022,"$21,100",,25000,2393,,AT,,,,0,0,0,0,0,0,0,0,Thailand,,https://www.beforward.jp/toyota/hilux/cd374631/id/15329041/?mfg_year_from=2018
CD374612,2020 TOYOTA HILUX 2.4 E REVO SMART CAB,CD374612,2020,"$18,820",,44000,2393,,AT,,,,0,0,0,0,0,0,0,0,Thailand,,https://www.beforward.jp/toyota/hilux/cd374612/id/15329017/?mfg_year_from=2018
CD374651,2023 FORD RANGER 2.0 FORD WILDTRAK DOUBLE CAB,CD374651,2023,"$26,180",,37400,1996,,AT,,,,0,0,0,0,0,0,0,0,Thailand,,https://www.beforward.jp/ford/ranger/cd374651/id/15329073/?mfg_year_from=2018
CD374588,2021 TOYOTA HIACE VAN,CD374588,2021,"$14,150",,182151,2800,,AT,,VAN,,0,0,0,0,0,0,0,0,Yokohama,,https://www.beforward.jp/toyota/hiace-van/cd374588/id/15328968/?mfg_year_from=2018
CD374596,2020 TOYOTA HILUX 2.4 E REVO DOUBLE CAB,CD374596,2020,"$20,550",,56300,2393,,AT,,,,0,0,0,0,0,0,0,0,Thailand,,https://www.beforward.jp/toyota/hilux/cd374596/id/15328998/?mfg_year_from=2018
CD374593,2021 TOYOTA HILUX 2.4 J REVO DOUBLE CAB,CD374593,2021,"$19,350",,94000,2393,,AT,,,,0,0,0,0,0,0,0,0,Thailand,,https://www.beforward.jp/toyota/hilux/cd374593/id/15328986/?mfg_year_from=2018
CD374590,2021 TOYOTA HILUX 2.4 E REVO SMART CAB,CD374590,2021,"$20,140",,62500,2393,,MT,,,,0,0,0,0,0,0,0,0,Thailand,,https://www.beforward.jp/toyota/hilux/cd374590/id/15328974/?mfg_year_from=2018
CD374586,2020 MERCEDES-BENZ GLB- CLASS,CD374586,2020,"$26,360",,34912,2000,,AT,,,,0,0,0,0,0,0,0,0,Yokohama,,https://www.beforward.jp/mercedes-benz/glb-class/cd374586/id/15328966/?mfg_year_from=2018
CD374611,2018 TOYOTA ALPHARD,CD374611,2018,"$22,810",,67681,2500,,CVT,,,,0,0,0,0,0,0,0,0,Yokohama,,https://www.beforward.jp/toyota/alphard/cd374611/id/15329016/?mfg_year_from=2018
CD374578,2022 TOYOTA FORTUNER 2.4 V SUV,CD374578,2022,"$37,530",,59000,2393,,AT,,SUV,,0,0,0,0,0,0,0,0,Thailand,,https://www.beforward.jp/toyota/fortuner/cd374578/id/15328956/?mfg_year_from=2018
CD374572,2023 ISUZU D-MAX 3.0 HI-LANDER DOUBLE CAB,CD374572,2023,"$26,500",,39900,2999,,MT,,,,0,0,0,0,0,0,0,0,Thailand,,https://www.beforward.jp/isuzu/d-max/cd374572/id/15328944/?mfg_year_from=2018
CD351355,2026 DAIHATSU COPEN S,CD351355,2026,"$13,780",,2480,658,,MT,,,,0,0,0,0,0,0,0,0,Osaka,,https://www.beforward.jp/daihatsu/copen/cd351355/id/15304939/?mfg_year_from=2018
CD237065,2019 NISSAN X-TRAIL 20XI,CD237065,2019,"$8,880",,74462,1997,,CVT,,,,0,0,0,0,0,0,0,0,Kyushu,,https://www.beforward.jp/nissan/x-trail/cd237065/id/15189704/?mfg_year_from=2018
CD162324,2018 MINI MINI OTHERS D,CD162324,2018,"$7,950",,61750,1995,,AT,,,,0,0,0,0,0,0,0,0,Osaka,,https://www.beforward.jp/mini/mini-others/cd162324/id/15115384/?mfg_year_from=2018
CD162322,2021 CITROEN BERLINGO XTR,CD162322,2021,"$13,580",,47100,1498,,AT,,,,0,0,0,0,0,0,0,0,Yokohama,,https://www.beforward.jp/citroen/berlingo/cd162322/id/15115382/?mfg_year_from=2018
CD101792,2023 PEUGEOT 308 SWGTHDI,CD101792,2023,"$19,210",,17100,1498,,AT,,,,0,0,0,0,0,0,0,0,Osaka,,https://www.beforward.jp/peugeot/308/cd101792/id/15054228/?mfg_year_from=2018
CD161260,2021 BMW X3 XDRIVE20DX,CD161260,2021,"$18,880",,34540,1995,,AT,,,,0,0,0,0,0,0,0,0,Nagoya,,https://www.beforward.jp/bmw/x3/cd161260/id/15114317/?mfg_year_from=2018
CD112066,2021 JEEP RENEGADE,CD112066,2021,"$14,240",,46592,1331,,AT,,,,0,0,0,0,0,0,0,0,Yokohama,,https://www.beforward.jp/jeep/renegade/cd112066/id/15064536/?mfg_year_from=2018
CD101603,2019 MERCEDES-BENZ CLA-CLASS CLA2504AMG,CD101603,2019,"$19,870",,36200,1991,,AT,,,,0,0,0,0,0,0,0,0,Hokkaido,,https://www.beforward.jp/mercedes-benz/cla-class/cd101603/id/15054038/?mfg_year_from=2018
CD110664,2018 MINI MINI OTHERS D,CD110664,2018,"$12,920",,10080,1995,,AT,,,,0,0,0,0,0,0,0,0,Nagoya,,https://www.beforward.jp/mini/mini-others/cd110664/id/15063082/?mfg_year_from=2018
CD077078,2024 MERCEDES-BENZ GLC-CLASS GLC220D4,CD077078,2024,"$41,730",,11730,1992,,AT,,,,0,0,0,0,0,0,0,0,Yokohama,,https://www.beforward.jp/mercedes-benz/glc-class/cd077078/id/15029352/?mfg_year_from=2018
CD374564,2018 MITSUBISHI CANTER,CD374564,2018,"$21,860",,112034,3000,,MT,,,,0,0,0,0,0,0,0,0,Yokohama,,https://www.beforward.jp/mitsubishi/canter/cd374564/id/15328923/?mfg_year_from=2018
CD374567,2019 JEEP RENEGADE,CD374567,2019,"$9,260",,69305,1300,,AT,,,,0,0,0,0,0,0,0,0,Nagoya,,https://www.beforward.jp/jeep/renegade/cd374567/id/15328929/?mfg_year_from=2018
CD374571,2021 ISUZU D-MAX 3.0 HI-LANDER DOUBLE CAB,CD374571,2021,"$26,190",,97000,2999,,MT,,,,0,0,0,0,0,0,0,0,Thailand,,https://www.beforward.jp/isuzu/d-max/cd374571/id/15328933/?mfg_year_from=2018
CD374565,2024 TOYOTA PRIUS,CD374565,2024,"$21,400",,25000,2000,,CVT,,,,0,0,0,0,0,0,0,0,Kyushu,,https://www.beforward.jp/toyota/prius/cd374565/id/15328927/?mfg_year_from=2018
CD374569,2023 LEXUS LS,CD374569,2023,"$51,330",,12785,3500,,AT,,,,0,0,0,0,0,0,0,0,Osaka,,https://www.beforward.jp/lexus/ls/cd374569/id/15328931/?mfg_year_from=2018
CC802963,2023 JEEP COMPASS,CC802963,2023,"$15,630",,23500,2359,,AT,,,,0,0,0,0,0,0,0,0,Yokohama,,https://www.beforward.jp/jeep/compass/cc802963/id/14824512/?mfg_year_from=2018
CD374559,2022 TOYOTA HILUX 2.4E REVO SMART CAB,CD374559,2022,"$14,000",,42970,2393,,MT,,,,0,0,0,0,0,0,0,0,Thailand,,https://www.beforward.jp/toyota/hilux/cd374559/id/15328913/?mfg_year_from=2018
CD374556,2021 TOYOTA HILUX 2.4 ROCCO DOUBLE CAB,CD374556,2021,"$26,990",,41000,2393,,AT,,,,0,0,0,0,0,0,0,0,Thailand,,https://www.beforward.jp/toyota/hilux/cd374556/id/15328902/?mfg_year_from=2018
CD374547,2020 TOYOTA HILUX 2.4E REVO SMART CAB,CD374547,2020,"$15,900",,72333,2393,,MT,,,,0,0,0,0,0,0,0,0,Thailand,,https://www.beforward.jp/toyota/hilux/cd374547/id/15328888/?mfg_year_from=2018
CD374527,2022 TOYOTA HILUX 2.8G ROCCO DOUBLE CAB,CD374527,2022,"$35,730",,20000,2755,,AT,,,,0,0,0,0,0,0,0,0,Thailand,,https://www.beforward.jp/toyota/hilux/cd374527/id/15328863/?mfg_year_from=2018
CD374524,2020 TOYOTA HILUX 2.4 J REVO SMART CAB,CD374524,2020,"$14,550",,50000,2393,,MT,,,,0,0,0,0,0,0,0,0,Thailand,,https://www.beforward.jp/toyota/hilux/cd374524/id/15328852/?mfg_year_from=2018
CD374570,2025 TOYOTA LAND CRUISER,CD374570,2025,"$74,180",,557,3300,,AT,,,,0,0,0,0,0,0,0,0,Osaka,,https://www.beforward.jp/toyota/land-cruiser/cd374570/id/15328932/?mfg_year_from=2018
CD374484,2021 TOYOTA HILUX 2.4E REVO DOUBLE CAB,CD374484,2021,"$16,430",,40000,2393,,MT,,,,0,0,0,0,0,0,0,0,Thailand,,https://www.beforward.jp/toyota/hilux/cd374484/id/15328801/?mfg_year_from=2018
CD374480,2021 TOYOTA HILUX 2.4E REVO DOUBLE CAB,CD374480,2021,"$14,630",,33200,2393,,AT,,,,0,0,0,0,0,0,0,0,Thailand,,https://www.beforward.jp/toyota/hilux/cd374480/id/15328795/?mfg_year_from=2018
CD374476,2022 TOYOTA HILUX 2.4 E REVO DOUBLE CAB,CD374476,2022,"$26,400",,38000,2393,,AT,,,,0,0,0,0,0,0,0,0,Thailand,,https://www.beforward.jp/toyota/hilux/cd374476/id/15328781/?mfg_year_from=2018
CD374470,2020 TOYOTA HILUX REVO 2.8 J SINGLE CAB,CD374470,2020,"$13,890",,66000,2755,,MT,,,,0,0,0,0,0,0,0,0,Thailand,,https://www.beforward.jp/toyota/hilux/cd374470/id/15328768/?mfg_year_from=2018
CD374449,2020 TOYOTA HILUX 2.4 E REVO SMART CAB,CD374449,2020,"$18,240",,42000,2393,,AT,,,,0,0,0,0,0,0,0,0,Thailand,,https://www.beforward.jp/toyota/hilux/cd374449/id/15328741/?mfg_year_from=2018
CD374472,2021 FORD RANGER 2.2 XLT RANGER DCAB,CD374472,2021,"$20,250",,40000,2198,,AT,,,,0,0,0,0,0,0,0,0,Thailand,,https://www.beforward.jp/ford/ranger/cd374472/id/15328772/?mfg_year_from=2018
CD374436,2022 TOYOTA HILUX 2.4 J REVO SMART CAB,CD374436,2022,"$14,880",,73000,2393,,MT,,,,0,0,0,0,0,0,0,0,Thailand,,https://www.beforward.jp/toyota/hilux/cd374436/id/15328722/?mfg_year_from=2018
CD374432,2018 TOYOTA HILUX 2.8 J REVO SINGLE CAB,CD374432,2018,"$18,980",,52000,2755,,MT,,,,0,0,0,0,0,0,0,0,Thailand,,https://www.beforward.jp/toyota/hilux/cd374432/id/15328716/?mfg_year_from=2018
CD374421,2019 TOYOTA HILUX 2.8G REVO SMART CAB,CD374421,2019,"$24,380",,50000,2755,,MT,,,,0,0,0,0,0,0,0,0,Thailand,,https://www.beforward.jp/toyota/hilux/cd374421/id/15328703/?mfg_year_from=2018
CD374417,2024 TOYOTA HILUX 2.4 E REVO SMART CAB,CD374417,2024,"$19,930",,23000,2393,,MT,,,,0,0,0,0,0,0,0,0,Thailand,,https://www.beforward.jp/toyota/hilux/cd374417/id/15328698/?mfg_year_from=2018
CD374444,2022 FORD RANGER 2.2 XLT DCAB,CD374444,2022,"$22,260",,62715,2198,,MT,,,,0,0,0,0,0,0,0,0,Thailand,,https://www.beforward.jp/ford/ranger/cd374444/id/15328734/?mfg_year_from=2018
CD374434,2023 FORD RANGER 2.0 FORD WILDTRAK DOUBLE CAB,CD374434,2023,"$29,480",,53000,1996,,AT,,,,0,0,0,0,0,0,0,0,Thailand,,https://www.beforward.jp/ford/ranger/cd374434/id/15328718/?mfg_year_from=2018
CD374255,2022 TOYOTA HILUX 2.4 E REVO DOUBLE CAB,CD374255,2022,"$21,200",,39000,2393,,AT,,,,0,0,0,0,0,0,0,0,Thailand,,https://www.beforward.jp/toyota/hilux/cd374255/id/15328511/?mfg_year_from=2018
CD374248,2023 HONDA ZR-V,CD374248,2023,"$16,890",,26495,1500,,CVT,,,,0,0,0,0,0,0,0,0,Nagoya,,https://www.beforward.jp/honda/zr-v/cd374248/id/15328499/?mfg_year_from=2018
CD373511,2020 NISSAN DAYZ ROOX X,CD373511,2020,"$6,740",,64314,659,,CVT,,,,0,0,0,0,0,0,0,0,Kyushu,,https://www.beforward.jp/nissan/dayz-roox/cd373511/id/15327748/?mfg_year_from=2018
CD373517,2021 LEXUS UX UX250HF,CD373517,2021,"$21,200",,39872,1986,,CVT,,,,0,0,0,0,0,0,0,0,Yokohama,,https://www.beforward.jp/lexus/ux/cd373517/id/15327754/?mfg_year_from=2018
CD373518,2019 SUBARU XV,CD373518,2019,"$11,930",,50310,1995,,CVT,,,,0,0,0,0,0,0,0,0,Nagoya,,https://www.beforward.jp/subaru/xv/cd373518/id/15327755/?mfg_year_from=2018
CD373525,2021 TOYOTA HARRIER HYBRID Z,CD373525,2021,"$22,810",,35400,2487,HYBRID,CVT,,,,0,0,0,0,0,0,0,0,Niigata,,https://www.beforward.jp/toyota/harrier-hybrid/cd373525/id/15327762/?mfg_year_from=2018
CD373545,2025 TOYOTA LAND CRUISER AX,CD373545,2025,"$47,690",,8140,2754,,AT,,,,0,0,0,0,0,0,0,0,Nagoya,,https://www.beforward.jp/toyota/land-cruiser/cd373545/id/15327782/?mfg_year_from=2018
CD373536,2019 TOYOTA RAV4 GZ,CD373536,2019,"$19,080",,42657,1986,,CVT,,,,0,0,0,0,0,0,0,0,Hokkaido,,https://www.beforward.jp/toyota/rav4/cd373536/id/15327773/?mfg_year_from=2018
CD373539,2020 NISSAN DAYZ X,CD373539,2020,"$5,970",,29060,659,,CVT,,,,0,0,0,0,0,0,0,0,Kyoto,,https://www.beforward.jp/nissan/dayz/cd373539/id/15327776/?mfg_year_from=2018
CD373540,2018 SUBARU XV,CD373540,2018,"$10,930",,51867,1995,,CVT,,,,0,0,0,0,0,0,0,0,Hokkaido,,https://www.beforward.jp/subaru/xv/cd373540/id/15327777/?mfg_year_from=2018
CD373541,2025 SUZUKI SPACIA XS,CD373541,2025,"$11,930",,3815,657,,CVT,,,,0,0,0,0,0,0,0,0,Nagoya,,https://www.beforward.jp/suzuki/spacia/cd373541/id/15327778/?mfg_year_from=2018
CD373542,2021 SUZUKI HUSTLER X,CD373542,2021,"$9,140",,19290,657,,CVT,,,,0,0,0,0,0,0,0,0,Nagoya,,https://www.beforward.jp/suzuki/hustler/cd373542/id/15327779/?mfg_year_from=2018
CD373571,2024 TOYOTA COROLLA CROSS Z,CD373571,2024,"$21,860",,16830,1797,,CVT,,,,0,0,0,0,0,0,0,0,Yokohama,,https://www.beforward.jp/toyota/corolla-cross/cd373571/id/15327808/?mfg_year_from=2018
CD373572,2024 TOYOTA COROLLA CROSS Z,CD373572,2024,"$19,870",,3795,1797,,CVT,,,,0,0,0,0,0,0,0,0,Kyushu,,https://www.beforward.jp/toyota/corolla-cross/cd373572/id/15327809/?mfg_year_from=2018
CD373575,2023 TOYOTA HARRIER HYBRID Z,CD373575,2023,"$24,180",,29120,2487,HYBRID,CVT,,,,0,0,0,0,0,0,0,0,Kobe,,https://www.beforward.jp/toyota/harrier-hybrid/cd373575/id/15327812/?mfg_year_from=2018
CD373576,2021 NISSAN DAYZ S,CD373576,2021,"$4,640",,9550,659,,CVT,,,,0,0,0,0,0,0,0,0,Toyama,,https://www.beforward.jp/nissan/dayz/cd373576/id/15327813/?mfg_year_from=2018
CD373583,2020 DAIHATSU TAFT X,CD373583,2020,"$7,620",,7010,658,,CVT,,,,0,0,0,0,0,0,0,0,Kyushu,,https://www.beforward.jp/daihatsu/taft/cd373583/id/15327820/?mfg_year_from=2018
CD373589,2020 HONDA N BOX GEX,CD373589,2020,"$8,220",,15804,658,,CVT,,,,0,0,0,0,0,0,0,0,Kobe,,https://www.beforward.jp/honda/n-box/cd373589/id/15327826/?mfg_year_from=2018
CD373605,2020 NISSAN KIX X,CD373605,2020,"$11,590",,22545,1198,,CVT,,,,0,0,0,0,0,0,0,0,Kyoto,,https://www.beforward.jp/nissan/kix/cd373605/id/15327842/?mfg_year_from=2018
CD373613,2019 MAZDA CX-5 XD,CD373613,2019,"$10,530",,73110,2188,,AT,,,,0,0,0,0,0,0,0,0,Nagoya,,https://www.beforward.jp/mazda/cx-5/cd373613/id/15327850/?mfg_year_from=2018
CD373616,2019 TOYOTA RAIZE G,CD373616,2019,"$11,400",,47300,996,,CVT,,,,0,0,0,0,0,0,0,0,Toyama,,https://www.beforward.jp/toyota/raize/cd373616/id/15327853/?mfg_year_from=2018
CD373617,2022 LEXUS NX NX450HF,CD373617,2022,"$33,780",,28110,2487,,CVT,,,,0,0,0,0,0,0,0,0,Niigata,,https://www.beforward.jp/lexus/nx/cd373617/id/15327854/?mfg_year_from=2018
CD373624,2022 MITSUBISHI OUTLANDER PHEV P,CD373624,2022,"$22,460",,26680,2359,,CVT,,,,0,0,0,0,0,0,0,0,Nagoya,,https://www.beforward.jp/mitsubishi/outlander-phev/cd373624/id/15327861/?mfg_year_from=2018
CD373627,2018 TOYOTA FJ CRUISER,CD373627,2018,"$19,080",,82637,3955,,AT,,,,0,0,0,0,0,0,0,0,Hokkaido,,https://www.beforward.jp/toyota/fj-cruiser/cd373627/id/15327864/?mfg_year_from=2018
CD373640,2024 SUZUKI SPACIA G,CD373640,2024,"$8,950",,13710,657,,CVT,,,,0,0,0,0,0,0,0,0,Nagoya,,https://www.beforward.jp/suzuki/spacia/cd373640/id/15327877/?mfg_year_from=2018
CD373641,2024 SUZUKI SPACIA XS,CD373641,2024,"$13,540",,12430,657,,CVT,,,,0,0,0,0,0,0,0,0,Nagoya,,https://www.beforward.jp/suzuki/spacia/cd373641/id/15327878/?mfg_year_from=2018
CD373642,2020 SUZUKI X BEE MZ,CD373642,2020,"$10,800",,19992,996,,AT,,,,0,0,0,0,0,0,0,0,Yokohama,,https://www.beforward.jp/suzuki/x-bee/cd373642/id/15327879/?mfg_year_from=2018
CD373643,2025 SUZUKI HUSTLER G,CD373643,2025,"$10,600",,8,657,,CVT,,,,0,0,0,0,0,0,0,0,Yokohama,,https://www.beforward.jp/suzuki/hustler/cd373643/id/15327880/?mfg_year_from=2018
CD373646,2025 HONDA VEZEL EHEVZ,CD373646,2025,"$20,870",,3100,1496,,CVT,,,,0,0,0,0,0,0,0,0,Yokohama,,https://www.beforward.jp/honda/vezel/cd373646/id/15327883/?mfg_year_from=2018
CD373647,2024 HONDA ZR-V EHEVZ,CD373647,2024,"$20,200",,19530,1993,,CVT,,,,0,0,0,0,0,0,0,0,Yokohama,,https://www.beforward.jp/honda/zr-v/cd373647/id/15327884/?mfg_year_from=2018
CD373669,2022 HONDA N BOX L,CD373669,2022,"$7,220",,34830,658,,CVT,,,,0,0,0,0,0,0,0,0,Yokohama,,https://www.beforward.jp/honda/n-box/cd373669/id/15327906/?mfg_year_from=2018
CD373670,2022 HONDA N BOX L,CD373670,2022,"$9,410",,29440,658,,CVT,,,,0,0,0,0,0,0,0,0,Toyama,,https://www.beforward.jp/honda/n-box/cd373670/id/15327907/?mfg_year_from=2018
CD373673,2024 DAIHATSU TANTO X,CD373673,2024,"$11,360",,2365,658,,CVT,,,,0,0,0,0,0,0,0,0,Yokohama,,https://www.beforward.jp/daihatsu/tanto/cd373673/id/15327910/?mfg_year_from=2018
CD373675,2025 DAIHATSU MOVE CANBUS G,CD373675,2025,"$11,260",,2070,658,,CVT,,,,0,0,0,0,0,0,0,0,Nagoya,,https://www.beforward.jp/daihatsu/move-canbus/cd373675/id/15327912/?mfg_year_from=2018
CD373677,2023 TOYOTA YARIS CROSS Z,CD373677,2023,"$16,230",,29950,1490,,CVT,,,,0,0,0,0,0,0,0,0,Nagoya,,https://www.beforward.jp/toyota/yaris-cross/cd373677/id/15327914/?mfg_year_from=2018
CD373679,2021 NISSAN KIX X,CD373679,2021,"$10,930",,40135,1198,,CVT,,,,0,0,0,0,0,0,0,0,Yokohama,,https://www.beforward.jp/nissan/kix/cd373679/id/15327916/?mfg_year_from=2018
CD373709,2020 TOYOTA LAND CRUISER PRADO TXL,CD373709,2020,"$26,500",,46355,2754,,AT,,,,0,0,0,0,0,0,0,0,Nagoya,,https://www.beforward.jp/toyota/land-cruiser-prado/cd373709/id/15327946/?mfg_year_from=2018
CD373704,2022 SUZUKI EVERY,CD373704,2022,"$7,420",,41060,658,,AT,,,,0,0,0,0,0,0,0,0,Kyoto,,https://www.beforward.jp/suzuki/every/cd373704/id/15327941/?mfg_year_from=2018
CD373714,2025 SUZUKI JIMNY XC,CD373714,2025,"$15,240",,4490,658,,AT,,,,0,0,0,0,0,0,0,0,Osaka,,https://www.beforward.jp/suzuki/jimny/cd373714/id/15327951/?mfg_year_from=2018
CD373715,2021 HONDA N BOX L,CD373715,2021,"$8,950",,50200,658,,CVT,,,,0,0,0,0,0,0,0,0,Osaka,,https://www.beforward.jp/honda/n-box/cd373715/id/15327952/?mfg_year_from=2018
CD373716,2022 HONDA N BOX G,CD373716,2022,"$6,820",,37720,658,,CVT,,,,0,0,0,0,0,0,0,0,Nagoya,,https://www.beforward.jp/honda/n-box/cd373716/id/15327953/?mfg_year_from=2018
CD373719,2025 DAIHATSU TAFT G,CD373719,2025,"$8,610",,11,658,,CVT,,,,0,0,0,0,0,0,0,0,Nagoya,,https://www.beforward.jp/daihatsu/taft/cd373719/id/15327956/?mfg_year_from=2018
CD373744,2023 TOYOTA LAND CRUISER PRADO TXL,CD373744,2023,"$29,670",,14870,2693,,AT,,,,0,0,0,0,0,0,0,0,Osaka,,https://www.beforward.jp/toyota/land-cruiser-prado/cd373744/id/15327981/?mfg_year_from=2018
CD373736,2025 TOYOTA YARIS CROSS Z,CD373736,2025,"$19,070",,14590,1490,,CVT,,,,0,0,0,0,0,0,0,0,Nagoya,,https://www.beforward.jp/toyota/yaris-cross/cd373736/id/15327973/?mfg_year_from=2018
CD373737,2023 TOYOTA YARIS CROSS G,CD373737,2023,"$15,860",,16365,1490,,CVT,,,,0,0,0,0,0,0,0,0,Nagoya,,https://www.beforward.jp/toyota/yaris-cross/cd373737/id/15327974/?mfg_year_from=2018
CD373738,2021 TOYOTA HARRIER Z,CD373738,2021,"$18,550",,36560,1986,,CVT,,,,0,0,0,0,0,0,0,0,Nagoya,,https://www.beforward.jp/toyota/harrier/cd373738/id/15327975/?mfg_year_from=2018
CD373739,2023 TOYOTA HARRIER S,CD373739,2023,"$14,570",,41230,1986,,CVT,,,,0,0,0,0,0,0,0,0,Nagoya,,https://www.beforward.jp/toyota/harrier/cd373739/id/15327976/?mfg_year_from=2018
CD373740,2025 TOYOTA HARRIER G,CD373740,2025,"$22,520",,8780,1986,,CVT,,,,0,0,0,0,0,0,0,0,Nagoya,,https://www.beforward.jp/toyota/harrier/cd373740/id/15327977/?mfg_year_from=2018
CD373771,2020 TOYOTA LAND CRUISER PRADO TXL,CD373771,2020,"$23,120",,40560,2693,,AT,,,,0,0,0,0,0,0,0,0,Nagoya,,https://www.beforward.jp/toyota/land-cruiser-prado/cd373771/id/15328008/?mfg_year_from=2018
CD373783,2024 TOYOTA LAND CRUISER VX,CD373783,2024,"$49,010",,6265,2754,,AT,,,,0,0,0,0,0,0,0,0,Nagoya,,https://www.beforward.jp/toyota/land-cruiser/cd373783/id/15328020/?mfg_year_from=2018
CD373767,2020 TOYOTA HARRIER Z,CD373767,2020,"$16,890",,29676,1986,,CVT,,,,0,0,0,0,0,0,0,0,Hokkaido,,https://www.beforward.jp/toyota/harrier/cd373767/id/15328004/?mfg_year_from=2018
CD373773,2024 TOYOTA COROLLA CROSS Z,CD373773,2024,"$20,240",,12510,1797,,CVT,,,,0,0,0,0,0,0,0,0,Nagoya,,https://www.beforward.jp/toyota/corolla-cross/cd373773/id/15328010/?mfg_year_from=2018
CD373784,2022 MITSUBISHI OUTLANDER PHEV P,CD373784,2022,"$22,520",,41135,2359,,CVT,,,,0,0,0,0,0,0,0,0,Nagoya,,https://www.beforward.jp/mitsubishi/outlander-phev/cd373784/id/15328021/?mfg_year_from=2018
CD373788,2025 SUZUKI JIMNY SIERRA JC,CD373788,2025,"$17,220",,12360,1460,,AT,,,,0,0,0,0,0,0,0,0,Nagoya,,https://www.beforward.jp/suzuki/jimny-sierra/cd373788/id/15328025/?mfg_year_from=2018
CD373825,2024 TOYOTA LAND CRUISER VX,CD373825,2024,"$48,350",,11100,2754,,AT,,,,0,0,0,0,0,0,0,0,Kyushu,,https://www.beforward.jp/toyota/land-cruiser/cd373825/id/15328062/?mfg_year_from=2018
CD373809,2022 DAIHATSU ROCKY GHEV,CD373809,2022,"$11,260",,32705,1196,,CVT,,,,0,0,0,0,0,0,0,0,Yokohama,,https://www.beforward.jp/daihatsu/rocky/cd373809/id/15328046/?mfg_year_from=2018
CD373810,2023 LEXUS NX NX350HL,CD373810,2023,"$35,440",,16950,2487,,CVT,,,,0,0,0,0,0,0,0,0,Yokohama,,https://www.beforward.jp/lexus/nx/cd373810/id/15328047/?mfg_year_from=2018
CD373814,2025 TOYOTA RAV4,CD373814,2025,"$27,820",,19040,2487,,CVT,,,,0,0,0,0,0,0,0,0,Nagoya,,https://www.beforward.jp/toyota/rav4/cd373814/id/15328051/?mfg_year_from=2018
CD373815,2026 TOYOTA RAV4 Z,CD373815,2026,"$32,990",,49,2487,,CVT,,,,0,0,0,0,0,0,0,0,Kyushu,,https://www.beforward.jp/toyota/rav4/cd373815/id/15328052/?mfg_year_from=2018
CD373817,2025 MITSUBISHI DELICA MINI G,CD373817,2025,"$13,250",,3165,659,,CVT,,,,0,0,0,0,0,0,0,0,Kyushu,,https://www.beforward.jp/mitsubishi/delica-mini/cd373817/id/15328054/?mfg_year_from=2018
CD373865,2023 TOYOTA LAND CRUISER PRADO TXL,CD373865,2023,"$29,670",,10823,2693,,AT,,,,0,0,0,0,0,0,0,0,Kyushu,,https://www.beforward.jp/toyota/land-cruiser-prado/cd373865/id/15328103/?mfg_year_from=2018
CD373846,2019 DAIHATSU MOVE CANBUS GSA,CD373846,2019,"$9,380",,22440,658,,CVT,,,,0,0,0,0,0,0,0,0,Kyushu,,https://www.beforward.jp/daihatsu/move-canbus/cd373846/id/15328083/?mfg_year_from=2018
CD373847,2022 DAIHATSU TAFT G,CD373847,2022,"$11,260",,27840,658,,CVT,,,,0,0,0,0,0,0,0,0,Yokohama,,https://www.beforward.jp/daihatsu/taft/cd373847/id/15328084/?mfg_year_from=2018
CD373849,2026 SUZUKI JIMNY NOMADE FC,CD373849,2026,"$19,610",,26,1460,,AT,,,,0,0,0,0,0,0,0,0,Kyushu,,https://www.beforward.jp/suzuki/jimny-nomade/cd373849/id/15328086/?mfg_year_from=2018
CD373852,2020 SUZUKI SPACIA XZ,CD373852,2020,"$9,610",,28160,658,,CVT,,,,0,0,0,0,0,0,0,0,Kyushu,,https://www.beforward.jp/suzuki/spacia/cd373852/id/15328089/?mfg_year_from=2018
CD373853,2022 SUZUKI SPACIA XZ,CD373853,2022,"$9,480",,36600,658,,CVT,,,,0,0,0,0,0,0,0,0,Kyushu,,https://www.beforward.jp/suzuki/spacia/cd373853/id/15328090/?mfg_year_from=2018
CD373880,2022 TOYOTA LAND CRUISER PRADO TXL70TH,CD373880,2022,"$31,790",,54340,2754,,AT,,,,0,0,0,0,0,0,0,0,Osaka,,https://www.beforward.jp/toyota/land-cruiser-prado/cd373880/id/15328118/?mfg_year_from=2018
CD373885,2025 DAIHATSU TANTO RS,CD373885,2025,"$11,790",,15,658,,CVT,,,,0,0,0,0,0,0,0,0,Osaka,,https://www.beforward.jp/daihatsu/tanto/cd373885/id/15328123/?mfg_year_from=2018
CD373888,2021 TOYOTA YARIS CROSS Z,CD373888,2021,"$15,240",,27530,1490,,CVT,,,,0,0,0,0,0,0,0,0,Nagoya,,https://www.beforward.jp/toyota/yaris-cross/cd373888/id/15328126/?mfg_year_from=2018
CD373889,2025 TOYOTA YARIS CROSS Z,CD373889,2025,"$19,870",,12940,1490,,CVT,,,,0,0,0,0,0,0,0,0,Osaka,,https://www.beforward.jp/toyota/yaris-cross/cd373889/id/15328127/?mfg_year_from=2018
CD373904,2023 MITSUBISHI DELICA MINI T,CD373904,2023,"$11,590",,15250,659,,CVT,,,,0,0,0,0,0,0,0,0,Nagoya,,https://www.beforward.jp/mitsubishi/delica-mini/cd373904/id/15328142/?mfg_year_from=2018
CD373905,2020 NISSAN ROOX X,CD373905,2020,"$7,620",,52708,659,,CVT,,,,0,0,0,0,0,0,0,0,Kyushu,,https://www.beforward.jp/nissan/roox/cd373905/id/15328143/?mfg_year_from=2018
CD373942,2022 TOYOTA LAND CRUISER PRADO TXL70TH,CD373942,2022,"$27,090",,33130,2693,,AT,,,,0,0,0,0,0,0,0,0,Nagoya,,https://www.beforward.jp/toyota/land-cruiser-prado/cd373942/id/15328180/?mfg_year_from=2018
CD373957,2022 TOYOTA HIACE VAN GL,CD373957,2022,"$26,360",,20925,2754,,AT,,VAN,,0,0,0,0,0,0,0,0,Nagoya,,https://www.beforward.jp/toyota/hiace-van/cd373957/id/15328195/?mfg_year_from=2018
CD373939,2023 HONDA VEZEL EHEVZ,CD373939,2023,"$18,420",,27037,1496,,CVT,,,,0,0,0,0,0,0,0,0,Yokohama,,https://www.beforward.jp/honda/vezel/cd373939/id/15328177/?mfg_year_from=2018
CD373940,2024 HONDA VEZEL EHEVZ,CD373940,2024,"$18,550",,19975,1496,,CVT,,,,0,0,0,0,0,0,0,0,Nagoya,,https://www.beforward.jp/honda/vezel/cd373940/id/15328178/?mfg_year_from=2018
CD373943,2024 MINI MINI OTHERS D,CD373943,2024,"$22,520",,7680,1995,,AT,,,,0,0,0,0,0,0,0,0,Nagoya,,https://www.beforward.jp/mini/mini-others/cd373943/id/15328181/?mfg_year_from=2018
CD373948,2026 TOYOTA RAIZE Z,CD373948,2026,"$18,880",,4240,1196,,CVT,,,,0,0,0,0,0,0,0,0,Kyushu,,https://www.beforward.jp/toyota/raize/cd373948/id/15328186/?mfg_year_from=2018
CD374000,2024 TOYOTA LAND CRUISER VX,CD374000,2024,"$38,080",,2172,2693,,AT,,,,0,0,0,0,0,0,0,0,Kyushu,,https://www.beforward.jp/toyota/land-cruiser/cd374000/id/15328238/?mfg_year_from=2018
CD373983,2019 SUZUKI SPACIA G,CD373983,2019,"$6,230",,51717,658,,CVT,,,,0,0,0,0,0,0,0,0,Yokohama,,https://www.beforward.jp/suzuki/spacia/cd373983/id/15328221/?mfg_year_from=2018
CD373984,2022 SUZUKI WAGON R G,CD373984,2022,"$7,420",,25129,657,,CVT,,WAGON,,0,0,0,0,0,0,0,0,Kyoto,,https://www.beforward.jp/suzuki/wagon-r/cd373984/id/15328222/?mfg_year_from=2018
CD373985,2021 TOYOTA RAV4 X,CD373985,2021,"$15,240",,37350,1986,,CVT,,,,0,0,0,0,0,0,0,0,Nagoya,,https://www.beforward.jp/toyota/rav4/cd373985/id/15328223/?mfg_year_from=2018
CD373986,2022 TOYOTA RAV4,CD373986,2022,"$17,550",,64300,1986,,CVT,,,,0,0,0,0,0,0,0,0,Kobe,,https://www.beforward.jp/toyota/rav4/cd373986/id/15328224/?mfg_year_from=2018
CD373988,2023 TOYOTA YARIS CROSS Z,CD373988,2023,"$15,240",,33070,1490,,CVT,,,,0,0,0,0,0,0,0,0,Nagoya,,https://www.beforward.jp/toyota/yaris-cross/cd373988/id/15328226/?mfg_year_from=2018
CD374018,2021 MITSUBISHI ECLIPSE CROSS P,CD374018,2021,"$15,230",,30410,2359,,CVT,,,,0,0,0,0,0,0,0,0,Yokohama,,https://www.beforward.jp/mitsubishi/eclipse-cross/cd374018/id/15328256/?mfg_year_from=2018
CD374020,2020 SUZUKI JIMNY SIERRA JL,CD374020,2020,"$13,250",,30150,1460,,AT,,,,0,0,0,0,0,0,0,0,Nagoya,,https://www.beforward.jp/suzuki/jimny-sierra/cd374020/id/15328258/?mfg_year_from=2018
CD374021,2018 HONDA N BOX GL,CD374021,2018,"$5,300",,81520,658,,CVT,,,,0,0,0,0,0,0,0,0,Osaka,,https://www.beforward.jp/honda/n-box/cd374021/id/15328259/?mfg_year_from=2018
CD374023,2018 DAIHATSU CAST GSA,CD374023,2018,"$6,960",,68938,658,,CVT,,,,0,0,0,0,0,0,0,0,Nagoya,,https://www.beforward.jp/daihatsu/cast/cd374023/id/15328261/?mfg_year_from=2018
CD374024,2019 DAIHATSU TANTO RSVSSA,CD374024,2019,"$6,760",,46945,658,,CVT,,,,0,0,0,0,0,0,0,0,Yokohama,,https://www.beforward.jp/daihatsu/tanto/cd374024/id/15328262/?mfg_year_from=2018
CD374026,2021 DAIHATSU TAFT G,CD374026,2021,"$10,400",,24542,658,,CVT,,,,0,0,0,0,0,0,0,0,Yokohama,,https://www.beforward.jp/daihatsu/taft/cd374026/id/15328264/?mfg_year_from=2018
CD374081,2022 TOYOTA LAND CRUISER PRADO TXL,CD374081,2022,"$37,090",,17140,2754,,AT,,,,0,0,0,0,0,0,0,0,Osaka,,https://www.beforward.jp/toyota/land-cruiser-prado/cd374081/id/15328320/?mfg_year_from=2018
CD374079,2024 TOYOTA HIACE VAN GL,CD374079,2024,"$23,180",,27562,2754,,AT,,VAN,,0,0,0,0,0,0,0,0,Kobe,,https://www.beforward.jp/toyota/hiace-van/cd374079/id/15328318/?mfg_year_from=2018
CD374082,2025 TOYOTA LAND CRUISER GX,CD374082,2025,"$37,090",,4916,2754,,AT,,,,0,0,0,0,0,0,0,0,Kyushu,,https://www.beforward.jp/toyota/land-cruiser/cd374082/id/15328321/?mfg_year_from=2018
CD374062,2018 NISSAN DAYZ G,CD374062,2018,"$2,990",,108300,659,,CVT,,,,0,0,0,0,0,0,0,0,Nagoya,,https://www.beforward.jp/nissan/dayz/cd374062/id/15328301/?mfg_year_from=2018
CD374063,2020 MITSUBISHI EK X G,CD374063,2020,"$5,570",,46182,659,,CVT,,,,0,0,0,0,0,0,0,0,Nagoya,,https://www.beforward.jp/mitsubishi/ek-x/cd374063/id/15328302/?mfg_year_from=2018
CD374064,2025 NISSAN DAYZ X,CD374064,2025,"$8,280",,4885,659,,CVT,,,,0,0,0,0,0,0,0,0,Kyushu,,https://www.beforward.jp/nissan/dayz/cd374064/id/15328303/?mfg_year_from=2018
CD374096,2023 HONDA N BOX L,CD374096,2023,"$10,070",,8635,658,,CVT,,,,0,0,0,0,0,0,0,0,Kobe,,https://www.beforward.jp/honda/n-box/cd374096/id/15328337/?mfg_year_from=2018
CD374097,2024 HONDA N BOX,CD374097,2024,"$11,930",,4878,658,,CVT,,,,0,0,0,0,0,0,0,0,Niigata,,https://www.beforward.jp/honda/n-box/cd374097/id/15328338/?mfg_year_from=2018
CD374100,2020 HONDA N-WGN L,CD374100,2020,"$9,540",,3289,658,,CVT,,,,0,0,0,0,0,0,0,0,Yokohama,,https://www.beforward.jp/honda/n-wgn/cd374100/id/15328341/?mfg_year_from=2018
CD374112,2022 DAIHATSU MOVE CANBUS G,CD374112,2022,"$9,410",,20204,658,,CVT,,,,0,0,0,0,0,0,0,0,Yokohama,,https://www.beforward.jp/daihatsu/move-canbus/cd374112/id/15328353/?mfg_year_from=2018
CD374113,2026 DAIHATSU MOVE RS,CD374113,2026,"$10,600",,5670,658,,CVT,,,,0,0,0,0,0,0,0,0,Yokohama,,https://www.beforward.jp/daihatsu/move/cd374113/id/15328354/?mfg_year_from=2018
CD374114,2021 DAIHATSU TAFT G,CD374114,2021,"$9,610",,19710,658,,CVT,,,,0,0,0,0,0,0,0,0,Kobe,,https://www.beforward.jp/daihatsu/taft/cd374114/id/15328355/?mfg_year_from=2018
CD374144,2022 TOYOTA LAND CRUISER PRADO TXL70TH,CD374144,2022,"$28,150",,25380,2693,,AT,,,,0,0,0,0,0,0,0,0,Osaka,,https://www.beforward.jp/toyota/land-cruiser-prado/cd374144/id/15328385/?mfg_year_from=2018
CD374145,2022 TOYOTA LAND CRUISER PRADO TXL70TH,CD374145,2022,"$28,150",,42070,2693,,AT,,,,0,0,0,0,0,0,0,0,Osaka,,https://www.beforward.jp/toyota/land-cruiser-prado/cd374145/id/15328386/?mfg_year_from=2018
CD374146,2022 TOYOTA LAND CRUISER PRADO TXL,CD374146,2022,"$28,480",,46400,2693,,AT,,,,0,0,0,0,0,0,0,0,Yokohama,,https://www.beforward.jp/toyota/land-cruiser-prado/cd374146/id/15328387/?mfg_year_from=2018
CD374147,2024 TOYOTA LAND CRUISER VX,CD374147,2024,"$37,090",,10,2693,,AT,,,,0,0,0,0,0,0,0,0,Osaka,,https://www.beforward.jp/toyota/land-cruiser/cd374147/id/15328388/?mfg_year_from=2018
CD374139,2022 HONDA VEZEL EHEVX,CD374139,2022,"$14,240",,60007,1496,,CVT,,,,0,0,0,0,0,0,0,0,Yokohama,,https://www.beforward.jp/honda/vezel/cd374139/id/15328380/?mfg_year_from=2018
CD374140,2023 HONDA VEZEL EHEVZ,CD374140,2023,"$18,420",,9820,1496,,CVT,,,,0,0,0,0,0,0,0,0,Yokohama,,https://www.beforward.jp/honda/vezel/cd374140/id/15328381/?mfg_year_from=2018
CD374171,2025 DAIHATSU TANTO RSECOIDLE,CD374171,2025,"$10,600",,11206,658,,CVT,,,,0,0,0,0,0,0,0,0,Kyoto,,https://www.beforward.jp/daihatsu/tanto/cd374171/id/15328412/?mfg_year_from=2018
CD374172,2021 DAIHATSU TAFT G,CD374172,2021,"$8,750",,14585,658,,CVT,,,,0,0,0,0,0,0,0,0,Nagoya,,https://www.beforward.jp/daihatsu/taft/cd374172/id/15328413/?mfg_year_from=2018
CD374175,2024 TOYOTA YARIS CROSS Z,CD374175,2024,"$16,230",,22369,1490,,CVT,,,,0,0,0,0,0,0,0,0,Nagoya,,https://www.beforward.jp/toyota/yaris-cross/cd374175/id/15328416/?mfg_year_from=2018
CD374182,2021 HONDA VEZEL EHEVZ,CD374182,2021,"$14,570",,62150,1496,,CVT,,,,0,0,0,0,0,0,0,0,Nagoya,,https://www.beforward.jp/honda/vezel/cd374182/id/15328423/?mfg_year_from=2018
CD374183,2025 HONDA VEZEL EHEVZ,CD374183,2025,"$19,870",,21470,1496,,CVT,,,,0,0,0,0,0,0,0,0,Kyushu,,https://www.beforward.jp/honda/vezel/cd374183/id/15328424/?mfg_year_from=2018
CD374185,2018 PEUGEOT 5008 GTHDI,CD374185,2018,"$12,590",,50440,1997,,AT,,,,0,0,0,0,0,0,0,0,Yokohama,,https://www.beforward.jp/peugeot/5008/cd374185/id/15328426/?mfg_year_from=2018
CD373508,2022 TOYOTA HILUX 2.4 E ROCCO DOUBLE CAB,CD373508,2022,"$27,630",,37000,2393,,AT,,,,0,0,0,0,0,0,0,0,Thailand,,https://www.beforward.jp/toyota/hilux/cd373508/id/15327744/?mfg_year_from=2018
CD373491,2021 TOYOTA HILUX REVO 2.4 E DOUBLE CAB,CD373491,2021,"$23,850",,71000,2393,,AT,,,,0,0,0,0,0,0,0,0,Thailand,,https://www.beforward.jp/toyota/hilux/cd373491/id/15327712/?mfg_year_from=2018
CD374214,2024 TOYOTA LAND CRUISER VX,CD374214,2024,"$35,100",,16900,2693,,AT,,,,0,0,0,0,0,0,0,0,Yokohama,,https://www.beforward.jp/toyota/land-cruiser/cd374214/id/15328456/?mfg_year_from=2018
CD374212,2023 HONDA ZR-V EHEVZ,CD374212,2023,"$21,860",,13920,1993,,CVT,,,,0,0,0,0,0,0,0,0,Yokohama,,https://www.beforward.jp/honda/zr-v/cd374212/id/15328454/?mfg_year_from=2018
CD374213,2022 NISSAN X-TRAIL GE-4ORCE,CD374213,2022,"$22,720",,6230,1497,,CVT,,,,0,0,0,0,0,0,0,0,Niigata,,https://www.beforward.jp/nissan/x-trail/cd374213/id/15328455/?mfg_year_from=2018
CD374222,2020 HONDA N BOX GL,CD374222,2020,"$7,620",,16570,658,,CVT,,,,0,0,0,0,0,0,0,0,Kyushu,,https://www.beforward.jp/honda/n-box/cd374222/id/15328464/?mfg_year_from=2018
CD373485,2023 TOYOTA HILUX 2.4 J REVO SMART CAB,CD373485,2023,"$16,870",,45000,2393,,MT,,,,0,0,0,0,0,0,0,0,Thailand,,https://www.beforward.jp/toyota/hilux/cd373485/id/15327697/?mfg_year_from=2018
CD373455,2021 TOYOTA HILUX 2.4 J REVO SMART CAB,CD373455,2021,"$15,870",,45000,2393,,MT,,,,0,0,0,0,0,0,0,0,Thailand,,https://www.beforward.jp/toyota/hilux/cd373455/id/15327659/?mfg_year_from=2018
CD373449,2019 TOYOTA HILUX 2.4 J REVO SMART CAB,CD373449,2019,"$17,170",,47000,2393,,AT,,,,0,0,0,0,0,0,0,0,Thailand,,https://www.beforward.jp/toyota/hilux/cd373449/id/15327645/?mfg_year_from=2018
CD373448,2022 FORD RANGER 2.2 XLT DOUBLE CAB,CD373448,2022,"$22,480",,38670,2198,,AT,,,,0,0,0,0,0,0,0,0,Thailand,,https://www.beforward.jp/ford/ranger/cd373448/id/15327643/?mfg_year_from=2018
CD373425,2022 FORD RANGER 2.0 FORD WILDTRAK DOUBLE CAB,CD373425,2022,"$25,480",,60000,1996,,AT,,,,0,0,0,0,0,0,0,0,Thailand,,https://www.beforward.jp/ford/ranger/cd373425/id/15327613/?mfg_year_from=2018
CD373482,2021 BMW X3,CD373482,2021,"$23,710",,45000,2000,,AT,,,,0,0,0,0,0,0,0,0,Yokohama,,https://www.beforward.jp/bmw/x3/cd373482/id/15327692/?mfg_year_from=2018
CD373417,2024 TOYOTA LAND CRUISER,CD373417,2024,"$79,400",,3000,3500,,AT,,,,0,0,0,0,0,0,0,0,Yokohama,,https://www.beforward.jp/toyota/land-cruiser/cd373417/id/15327597/?mfg_year_from=2018
CD373424,2022 FORD RANGER 2.2 XLTSMART CAB,CD373424,2022,"$17,600",,38000,2198,,MT,,,,0,0,0,0,0,0,0,0,Thailand,,https://www.beforward.jp/ford/ranger/cd373424/id/15327608/?mfg_year_from=2018
CD373398,2025 SUBARU LEVORG,CD373398,2025,"$20,420",,17917,1800,,CVT,,,,0,0,0,0,0,0,0,0,Yokohama,,https://www.beforward.jp/subaru/levorg/cd373398/id/15327572/?mfg_year_from=2018
CD373378,2024 VOLVO XC90,CD373378,2024,"$39,610",,30000,2000,,AT,,,,0,0,0,0,0,0,0,0,Nagoya,,https://www.beforward.jp/volvo/xc90/cd373378/id/15327545/?mfg_year_from=2018
CD373379,2023 TOYOTA RAV4,CD373379,2023,"$17,160",,33334,2000,,CVT,,,,0,0,0,0,0,0,0,0,Yokohama,,https://www.beforward.jp/toyota/rav4/cd373379/id/15327546/?mfg_year_from=2018
CD373381,2018 MAZDA CX-8,CD373381,2018,"$8,300",,100022,2200,,AT,,,,0,0,0,0,0,0,0,0,Yokohama,,https://www.beforward.jp/mazda/cx-8/cd373381/id/15327548/?mfg_year_from=2018
CD373372,2018 TOYOTA HILUX 2.4 J REVO DOUBLE CAB,CD373372,2018,"$15,210",,56000,2393,,MT,,,,0,0,0,0,0,0,0,0,Thailand,,https://www.beforward.jp/toyota/hilux/cd373372/id/15327528/?mfg_year_from=2018
CD373357,2022 TOYOTA HILUX 2.8 G REVO DOUBLE CAB,CD373357,2022,"$35,830",,88400,2755,,AT,,,,0,0,0,0,0,0,0,0,Thailand,,https://www.beforward.jp/toyota/hilux/cd373357/id/15327510/?mfg_year_from=2018
CD373347,2022 FORD RANGER 2.0 FORD XL SINGLE CAB,CD373347,2022,"$20,010",,43000,1996,,MT,,,,0,0,0,0,0,0,0,0,Thailand,,https://www.beforward.jp/ford/ranger/cd373347/id/15327492/?mfg_year_from=2018
CD373361,2021 LEXUS RX,CD373361,2021,"$25,170",,100000,3500,,CVT,,,,0,0,0,0,0,0,0,0,Osaka,,https://www.beforward.jp/lexus/rx/cd373361/id/15327515/?mfg_year_from=2018
CD373363,2024 LEXUS RX,CD373363,2024,"$46,690",,31151,2400,,AT,,,,0,0,0,0,0,0,0,0,Yokohama,,https://www.beforward.jp/lexus/rx/cd373363/id/15327518/?mfg_year_from=2018
CD373349,2019 MITSUBISHI CANTER FLAT BODY,CD373349,2019,"$14,910",,82000,2990,,MT,,,,0,0,0,0,0,0,0,0,Yokohama,,https://www.beforward.jp/mitsubishi/canter/cd373349/id/15327501/?mfg_year_from=2018
CD372898,2019 TOYOTA HILUX 2.4 E REVO DOUBLE CAB,CD372898,2019,"$13,090",,50000,2393,,MT,,,,0,0,0,0,0,0,0,0,Thailand,,https://www.beforward.jp/toyota/hilux/cd372898/id/15327001/?mfg_year_from=2018
CD372875,2019 FORD RANGER 2.2 FORD XL SMART CAB,CD372875,2019,"$11,900",,46000,2198,,MT,,,,0,0,0,0,0,0,0,0,Thailand,,https://www.beforward.jp/ford/ranger/cd372875/id/15326968/?mfg_year_from=2018
CD373340,2022 MERCEDES-BENZ C-CLASS,CD373340,2022,"$33,620",,25076,2000,,AT,,,,0,0,0,0,0,0,0,0,Yokohama,,https://www.beforward.jp/mercedes-benz/c-class/cd373340/id/15327476/?mfg_year_from=2018
CD373341,2022 MERCEDES-BENZ GLC-CLASS,CD373341,2022,"$30,470",,20690,2000,,AT,,,,0,0,0,0,0,0,0,0,Yokohama,,https://www.beforward.jp/mercedes-benz/glc-class/cd373341/id/15327477/?mfg_year_from=2018
CD373343,2019 MITSUBISHI TRITON 2.4 DOUBLE CAB,CD373343,2019,"$16,750",,30000,2442,,MT,,,,0,0,0,0,0,0,0,0,Thailand,,https://www.beforward.jp/mitsubishi/triton/cd373343/id/15327481/?mfg_year_from=2018
CD373329,2024 TOYOTA CROWN,CD373329,2024,"$41,530",,4352,2500,,CVT,,,,0,0,0,0,0,0,0,0,Kobe,,https://www.beforward.jp/toyota/crown/cd373329/id/15327465/?mfg_year_from=2018
CD372816,2023 TOYOTA HILUX 2.4 J REVO SMART CAB,CD372816,2023,"$13,880",,49000,2393,,MT,,,,0,0,0,0,0,0,0,0,Thailand,,https://www.beforward.jp/toyota/hilux/cd372816/id/15326887/?mfg_year_from=2018
CD372797,2022 TOYOTA HILUX 2.4 J REVO SMART CAB,CD372797,2022,"$18,190",,24000,2393,,MT,,,,0,0,0,0,0,0,0,0,Thailand,,https://www.beforward.jp/toyota/hilux/cd372797/id/15326845/?mfg_year_from=2018
CD372806,2023 FORD RANGER 2.0 FORD XL SINGLE CAB,CD372806,2023,"$15,540",,30000,1996,,MT,,,,0,0,0,0,0,0,0,0,Thailand,,https://www.beforward.jp/ford/ranger/cd372806/id/15326863/?mfg_year_from=2018
CD372864,2020 TOYOTA FORTUNER 2.4 SUV V,CD372864,2020,"$35,090",,43000,2393,,AT,,SUV,,0,0,0,0,0,0,0,0,Thailand,,https://www.beforward.jp/toyota/fortuner/cd372864/id/15326953/?mfg_year_from=2018
CD372860,2020 TOYOTA FORTUNER 2.4 V SUV,CD372860,2020,"$32,100",,46000,2393,,AT,,SUV,,0,0,0,0,0,0,0,0,Thailand,,https://www.beforward.jp/toyota/fortuner/cd372860/id/15326946/?mfg_year_from=2018
CD372810,2019 FORD EVEREST 2.0 FORD SUV,CD372810,2019,"$26,930",,110000,1996,,AT,,SUV,,0,0,0,0,0,0,0,0,Thailand,,https://www.beforward.jp/ford/everest/cd372810/id/15326874/?mfg_year_from=2018
CD372712,2019 TOYOTA HILUX 2.4 J REVO SMART CAB,CD372712,2019,"$16,430",,55000,2393,,MT,,,,0,0,0,0,0,0,0,0,Thailand,,https://www.beforward.jp/toyota/hilux/cd372712/id/15326709/?mfg_year_from=2018
CD371873,2022 DAIHATSU TANTO X,CD371873,2022,"$7,160",,12680,658,,CVT,,,,0,0,0,0,0,0,0,0,Osaka,,https://www.beforward.jp/daihatsu/tanto/cd371873/id/15325971/?mfg_year_from=2018
CD371874,2020 DAIHATSU TANTO RS,CD371874,2020,"$8,480",,31350,658,,CVT,,,,0,0,0,0,0,0,0,0,Nagoya,,https://www.beforward.jp/daihatsu/tanto/cd371874/id/15325972/?mfg_year_from=2018
CD371875,2022 DAIHATSU WAKE GVSSA,CD371875,2022,"$9,610",,10860,658,,CVT,,,,0,0,0,0,0,0,0,0,Osaka,,https://www.beforward.jp/daihatsu/wake/cd371875/id/15325973/?mfg_year_from=2018
CD372755,2018 TOYOTA FORTUNER 2.8 SUV V,CD372755,2018,"$33,840",,97000,2755,,AT,,SUV,,0,0,0,0,0,0,0,0,Thailand,,https://www.beforward.jp/toyota/fortuner/cd372755/id/15326776/?mfg_year_from=2018
CD372750,2020 FORD RAPTOR 2.0 FORD RAPTOR DOUBLE CAB,CD372750,2020,"$45,350",,30000,1996,,AT,,,,0,0,0,0,0,0,0,0,Thailand,,https://www.beforward.jp/ford/raptor/cd372750/id/15326769/?mfg_year_from=2018
CD371876,2023 DAIHATSU TAFT G,CD371876,2023,"$8,750",,18940,658,,CVT,,,,0,0,0,0,0,0,0,0,Kobe,,https://www.beforward.jp/daihatsu/taft/cd371876/id/15325974/?mfg_year_from=2018
CD371878,2025 SUZUKI SPACIA XS,CD371878,2025,"$12,260",,13460,658,,CVT,,,,0,0,0,0,0,0,0,0,Kobe,,https://www.beforward.jp/suzuki/spacia/cd371878/id/15325976/?mfg_year_from=2018
CD371881,2025 TOYOTA YARIS CROSS G,CD371881,2025,"$15,900",,8770,1490,,CVT,,,,0,0,0,0,0,0,0,0,Kyushu,,https://www.beforward.jp/toyota/yaris-cross/cd371881/id/15325979/?mfg_year_from=2018
CD371882,2023 TOYOTA HARRIER G,CD371882,2023,"$20,200",,20071,1986,,CVT,,,,0,0,0,0,0,0,0,0,Kobe,,https://www.beforward.jp/toyota/harrier/cd371882/id/15325980/?mfg_year_from=2018
CD371888,2023 ROVER DEFENDER 110X-SED300,CD371888,2023,"$46,360",,35322,2993,,AT,,,,0,0,0,0,0,0,0,0,Osaka,,https://www.beforward.jp/rover/defender/cd371888/id/15325986/?mfg_year_from=2018
CD371895,2019 BMW X3 XDRIVE20DM,CD371895,2019,"$16,890",,53000,1995,,AT,,,,0,0,0,0,0,0,0,0,Osaka,,https://www.beforward.jp/bmw/x3/cd371895/id/15325993/?mfg_year_from=2018
CD371924,2023 SUZUKI SPACIA G,CD371924,2023,"$10,450",,21960,658,,CVT,,,,0,0,0,0,0,0,0,0,Hokkaido,,https://www.beforward.jp/suzuki/spacia/cd371924/id/15326022/?mfg_year_from=2018
CD371927,2018 NISSAN DAYZ ROOX X,CD371927,2018,"$3,650",,66800,659,,CVT,,,,0,0,0,0,0,0,0,0,Nagoya,,https://www.beforward.jp/nissan/dayz-roox/cd371927/id/15326025/?mfg_year_from=2018
CD371920,2021 SUZUKI SOLIO BANDIT MV,CD371920,2021,"$10,270",,41970,1242,,CVT,,,,0,0,0,0,0,0,0,0,Kobe,,https://www.beforward.jp/suzuki/solio-bandit/cd371920/id/15326018/?mfg_year_from=2018
CD371921,2020 NISSAN SERENA E-V,CD371921,2020,"$11,260",,71210,1198,,CVT,,,,0,0,0,0,0,0,0,0,Nagoya,,https://www.beforward.jp/nissan/serena/cd371921/id/15326019/?mfg_year_from=2018
CD371925,2020 SUZUKI SOLIO BANDIT MV,CD371925,2020,"$8,610",,54440,1242,,CVT,,,,0,0,0,0,0,0,0,0,Yokohama,,https://www.beforward.jp/suzuki/solio-bandit/cd371925/id/15326023/?mfg_year_from=2018
CD370749,2018 MITSUBISHI CANTER DOUBLE CAB FLAT BODY,CD370749,2018,"$18,550",,80000,2990,,AT,,,,0,0,0,0,0,0,0,0,Yokohama,,https://www.beforward.jp/mitsubishi/canter/cd370749/id/15325498/?mfg_year_from=2018
CD370752,2020 ISUZU FORWARD FLAT BODY,CD370752,2020,"$24,840",,216000,5190,,MT,,,,0,0,0,0,0,0,0,0,Nagoya,,https://www.beforward.jp/isuzu/forward/cd370752/id/15325501/?mfg_year_from=2018
CD321901,2021 DAIHATSU TANTO RS,CD321901,2021,"$8,050",,10500,660,,AT,,,,0,0,0,0,0,0,0,0,Nagoya,,https://www.beforward.jp/daihatsu/tanto/cd321901/id/15275260/?mfg_year_from=2018
CD308677,2023 NISSAN AD VAN 4WDVE,CD308677,2023,"$6,430",,63400,1600,,AT,,VAN,,0,0,0,0,1,0,0,0,Nagoya,,https://www.beforward.jp/nissan/ad-van/cd308677/id/15262150/?mfg_year_from=2018
CD333044,2021 MAZDA MAZDA2 4WD15S,CD333044,2021,"$7,340",,39700,1500,,AT,,,,0,0,0,0,1,0,0,0,Nagoya,,https://www.beforward.jp/mazda/mazda2/cd333044/id/15286729/?mfg_year_from=2018
CD294778,2018 NISSAN SERENA 4WDB,CD294778,2018,"$9,340",,34300,2000,,AT,,,,0,0,0,0,1,0,0,0,Nagoya,,https://www.beforward.jp/nissan/serena/cd294778/id/15248518/?mfg_year_from=2018
CD370439,2023 TOYOTA HARRIER HYBRID 2.5G,CD370439,2023,"$18,950",,26281,2500,HYBRID,CVT,,,,0,0,0,0,0,0,0,0,Yokohama,,https://www.beforward.jp/toyota/harrier-hybrid/cd370439/id/15325188/?mfg_year_from=2018
CD370447,2020 TOYOTA HARRIER HYBRID 2.5ZLEATHERPKG,CD370447,2020,"$17,890",,93245,2500,HYBRID,CVT,,,,0,0,0,0,0,0,0,0,Yokohama,,https://www.beforward.jp/toyota/harrier-hybrid/cd370447/id/15325196/?mfg_year_from=2018
CD370476,2023 MAZDA CX-60 3.3XDLPKG4WD,CD370476,2023,"$15,440",,61062,3300,,AT,,,,0,0,0,0,1,0,0,0,Niigata,,https://www.beforward.jp/mazda/cx-60/cd370476/id/15325225/?mfg_year_from=2018
CD370481,2020 VOLVO XC60 B5AWD,CD370481,2020,"$15,440",,72812,2000,,AT,,,,0,0,0,0,1,0,0,0,Yokohama,,https://www.beforward.jp/volvo/xc60/cd370481/id/15325230/?mfg_year_from=2018
CD370482,2020 TOYOTA HARRIER HYBRID 2.5ZLEATHER,CD370482,2020,"$16,360",,89963,2500,HYBRID,CVT,,,,0,0,0,0,0,0,0,0,Kobe,,https://www.beforward.jp/toyota/harrier-hybrid/cd370482/id/15325231/?mfg_year_from=2018
CD370520,2021 MAZDA CX-30 20S100,CD370520,2021,"$11,790",,43223,2000,,AT,,,,0,0,0,0,0,0,0,0,Yokohama,,https://www.beforward.jp/mazda/cx-30/cd370520/id/15325269/?mfg_year_from=2018
CD370552,2026 DAIHATSU ROCKY 1.2PREMIUMGHEV,CD370552,2026,"$17,750",,10,1200,,AT,,,,0,0,0,0,0,0,0,0,Nagoya,,https://www.beforward.jp/daihatsu/rocky/cd370552/id/15325301/?mfg_year_from=2018
CD370554,2023 MERCEDES-BENZ G-CLASS G400DAMG4WD,CD370554,2023,"$85,970",,21410,3000,,CVT,,,,0,0,0,0,1,0,0,0,Yokohama,,https://www.beforward.jp/mercedes-benz/g-class/cd370554/id/15325303/?mfg_year_from=2018
CD370599,2024 MAZDA CX-30 20SED,CD370599,2024,"$17,740",,2689,2000,,AT,,,,0,0,0,0,0,0,0,0,Kobe,,https://www.beforward.jp/mazda/cx-30/cd370599/id/15325348/?mfg_year_from=2018
CD370611,2020 JAGUAR E-PACE SEP200,CD370611,2020,"$13,100",,43547,2000,,AT,,,,0,0,0,0,0,0,0,0,Nagoya,,https://www.beforward.jp/jaguar/e-pace/cd370611/id/15325360/?mfg_year_from=2018
CD370613,2018 LEXUS NX 300VERSIONLF,CD370613,2018,"$18,810",,70958,2000,,AT,,,,0,0,0,0,0,0,0,0,Kobe,,https://www.beforward.jp/lexus/nx/cd370613/id/15325362/?mfg_year_from=2018
CD370529,2021 SUZUKI ALTO 4WDL,CD370529,2021,"$4,200",,52400,660,,AT,,,,0,0,0,0,1,0,0,0,Nagoya,,https://www.beforward.jp/suzuki/alto/cd370529/id/15325278/?mfg_year_from=2018
CD370694,2023 TOYOTA LAND CRUISER PRADO TX,CD370694,2023,"$29,010",,32240,2800,,AT,,,,0,0,0,0,0,0,0,0,Hokkaido,,https://www.beforward.jp/toyota/land-cruiser-prado/cd370694/id/15325443/?mfg_year_from=2018
CD370645,2018 VOLVO XC60 D4AWDR,CD370645,2018,"$14,970",,92000,1960,,AT,,,,0,0,0,0,1,0,0,0,Kobe,,https://www.beforward.jp/volvo/xc60/cd370645/id/15325394/?mfg_year_from=2018
CD370666,2025 SUZUKI X BEE HYBRIDMZ,CD370666,2025,"$15,630",,93,1200,,CVT,,,,0,0,0,0,0,0,0,0,Yokohama,,https://www.beforward.jp/suzuki/x-bee/cd370666/id/15325415/?mfg_year_from=2018
CD370686,2018 HONDA VEZEL Z,CD370686,2018,"$8,810",,81000,1500,,AT,,,,0,0,0,0,0,0,0,0,Nagoya,,https://www.beforward.jp/honda/vezel/cd370686/id/15325435/?mfg_year_from=2018
CD370699,2019 SUBARU XV 2.0I-L,CD370699,2019,"$10,340",,57220,2000,,AT,,,,0,0,0,0,0,0,0,0,Yokohama,,https://www.beforward.jp/subaru/xv/cd370699/id/15325448/?mfg_year_from=2018
CD370711,2023 PORSCHE MACAN GTS,CD370711,2023,"$72,040",,2772,2890,,AT,,,,0,0,0,0,0,0,0,0,Kobe,,https://www.beforward.jp/porsche/macan/cd370711/id/15325460/?mfg_year_from=2018
CD370720,2021 JEEP WRANGLER,CD370720,2021,"$29,400",,16317,3600,,AT,,,,0,0,0,0,0,0,0,0,Nagoya,,https://www.beforward.jp/jeep/wrangler/cd370720/id/15325469/?mfg_year_from=2018
CD370722,2018 VOLKSWAGEN POLO TSI,CD370722,2018,"$6,830",,49920,1200,,AT,,,,0,0,0,0,0,0,0,0,Yokohama,,https://www.beforward.jp/volkswagen/polo/cd370722/id/15325471/?mfg_year_from=2018
CD370733,2023 AUDI A4 40TDIS4,CD370733,2023,"$22,390",,31049,2000,,AT,,,,0,0,0,0,0,0,0,0,Yokohama,,https://www.beforward.jp/audi/a4/cd370733/id/15325482/?mfg_year_from=2018
CD370737,2025 TOYOTA AQUA 4WDG,CD370737,2025,"$13,710",,26624,1500,,CVT,,,,0,0,0,0,1,0,0,0,Hokkaido,,https://www.beforward.jp/toyota/aqua/cd370737/id/15325486/?mfg_year_from=2018
CD370738,2023 TOYOTA SIENTA 1.5HYBRIDG7,CD370738,2023,"$16,750",,16848,1500,,CVT,,,,0,0,0,0,0,0,0,0,Yokohama,,https://www.beforward.jp/toyota/sienta/cd370738/id/15325487/?mfg_year_from=2018
CD370740,2025 TOYOTA HIACE WAGON 4WD,CD370740,2025,"$37,320",,25,2700,,AT,,WAGON,,0,0,0,0,1,0,0,0,Osaka,,https://www.beforward.jp/toyota/hiace-wagon/cd370740/id/15325489/?mfg_year_from=2018
CD370807,2023 TOYOTA LAND CRUISER 300ZX,CD370807,2023,"$61,690",,17854,3400,,AT,,,,0,0,0,0,0,0,0,0,Nagoya,,https://www.beforward.jp/toyota/land-cruiser/cd370807/id/15325556/?mfg_year_from=2018
CD370789,2021 HONDA CR-V EHEVEX,CD370789,2021,"$17,590",,62906,2000,,AT,,,,0,0,0,0,0,0,0,0,Nagoya,,https://www.beforward.jp/honda/cr-v/cd370789/id/15325538/?mfg_year_from=2018
CD370799,2025 DAIHATSU TAFT X,CD370799,2025,"$8,080",,6,660,,CVT,,,,0,0,0,0,0,0,0,0,Yokohama,,https://www.beforward.jp/daihatsu/taft/cd370799/id/15325548/?mfg_year_from=2018
CD370803,2025 DAIHATSU ROCKY GHEV,CD370803,2025,"$16,760",,4388,1200,,AT,,,,0,0,0,0,0,0,0,0,Kyushu,,https://www.beforward.jp/daihatsu/rocky/cd370803/id/15325552/?mfg_year_from=2018
CD370808,2026 TOYOTA RAIZE Z,CD370808,2026,"$20,770",,4,1200,,AT,,,,0,0,0,0,0,0,0,0,Nagoya,,https://www.beforward.jp/toyota/raize/cd370808/id/15325557/?mfg_year_from=2018
CD370809,2026 TOYOTA RAIZE Z,CD370809,2026,"$20,100",,11,1200,,AT,,,,0,0,0,0,0,0,0,0,Nagoya,,https://www.beforward.jp/toyota/raize/cd370809/id/15325558/?mfg_year_from=2018
CD370823,2019 TOYOTA LAND CRUISER PRADO 2.7TXL7,CD370823,2019,"$23,380",,30294,2700,,AT,,,,0,0,0,0,0,0,0,0,Yokohama,,https://www.beforward.jp/toyota/land-cruiser-prado/cd370823/id/15325572/?mfg_year_from=2018
CD370854,2018 VOLVO XC60 T8EGAWD,CD370854,2018,"$16,430",,50245,2000,,AT,,,,0,0,0,0,1,0,0,0,Yokohama,,https://www.beforward.jp/volvo/xc60/cd370854/id/15325603/?mfg_year_from=2018
CD370867,2019 LEXUS NX 300I,CD370867,2019,"$17,750",,67579,2000,,AT,,,,0,0,0,0,0,0,0,0,Yokohama,,https://www.beforward.jp/lexus/nx/cd370867/id/15325616/?mfg_year_from=2018
CD370869,2026 TOYOTA RAIZE Z,CD370869,2026,"$20,340",,6,1200,,AT,,,,0,0,0,0,0,0,0,0,Kyushu,,https://www.beforward.jp/toyota/raize/cd370869/id/15325618/?mfg_year_from=2018
CD370814,2021 TOYOTA ALPHARD 2.5SC7,CD370814,2021,"$23,850",,66111,2500,,CVT,,,,0,0,0,0,0,0,0,0,Yokohama,,https://www.beforward.jp/toyota/alphard/cd370814/id/15325563/?mfg_year_from=2018
CD370817,2018 VOLVO V60 D4,CD370817,2018,"$5,830",,99000,2000,,AT,,,,0,0,0,0,0,0,0,0,Osaka,,https://www.beforward.jp/volvo/v60/cd370817/id/15325566/?mfg_year_from=2018
CD370904,2021 TOYOTA HIACE VAN 2.0DX3/6/9,CD370904,2021,"$16,100",,28670,2000,,AT,,VAN,,0,0,0,0,0,0,0,0,Yokohama,,https://www.beforward.jp/toyota/hiace-van/cd370904/id/15325653/?mfg_year_from=2018
CD370925,2021 TOYOTA HIACE VAN DX9,CD370925,2021,"$11,990",,101988,2000,,AT,,VAN,,0,0,0,0,0,0,0,0,Yokohama,,https://www.beforward.jp/toyota/hiace-van/cd370925/id/15325674/?mfg_year_from=2018
CD370917,2019 AUDI Q5 TDI1STEDITION,CD370917,2019,"$13,380",,89000,1960,,AT,,,,0,0,0,0,0,0,0,0,Kobe,,https://www.beforward.jp/audi/q5/cd370917/id/15325666/?mfg_year_from=2018
CD370923,2019 TOYOTA RAV4 X,CD370923,2019,"$121,060",,160612,2500,,AT,,,,0,0,0,0,0,0,0,0,Yokohama,,https://www.beforward.jp/toyota/rav4/cd370923/id/15325672/?mfg_year_from=2018
CD370878,2026 HONDA FREED EHEVEX,CD370878,2026,"$21,400",,5,1500,,AT,,,,0,0,0,0,0,0,0,0,Toyama,,https://www.beforward.jp/honda/freed/cd370878/id/15325627/?mfg_year_from=2018
CD370883,2019 SUZUKI JIMNY SIERRA 4WDJC,CD370883,2019,"$14,440",,38100,1500,,AT,,,,0,0,0,0,1,0,0,0,Hokkaido,,https://www.beforward.jp/suzuki/jimny-sierra/cd370883/id/15325632/?mfg_year_from=2018
CD370947,2022 TOYOTA HARRIER S,CD370947,2022,"$21,060",,3900,2000,,AT,,,,0,0,0,0,0,0,0,0,Osaka,,https://www.beforward.jp/toyota/harrier/cd370947/id/15325696/?mfg_year_from=2018
CD370970,2019 SUBARU FORESTER 2.5PREMIUM,CD370970,2019,"$13,120",,33588,2500,,CVT,,,,0,0,0,0,0,0,0,0,Yokohama,,https://www.beforward.jp/subaru/forester/cd370970/id/15325719/?mfg_year_from=2018
CD370973,2021 BMW X3 X20DM,CD370973,2021,"$24,240",,45000,2000,,AT,,,,0,0,0,0,0,0,0,0,Yokohama,,https://www.beforward.jp/bmw/x3/cd370973/id/15325722/?mfg_year_from=2018
CD370981,2022 HONDA VEZEL EHEVX,CD370981,2022,"$14,970",,27780,1500,,AT,,,,0,0,0,0,0,0,0,0,Yokohama,,https://www.beforward.jp/honda/vezel/cd370981/id/15325730/?mfg_year_from=2018
CD370948,2019 HONDA CIVIC US,CD370948,2019,"$12,120",,53450,1500,,AT,,,,0,0,0,0,0,0,0,0,Nagoya,,https://www.beforward.jp/honda/civic/cd370948/id/15325697/?mfg_year_from=2018
CD370949,2020 NISSAN CLIPPER VAN DX,CD370949,2020,"$2,550",,99434,660,,MT,,VAN,,0,0,0,0,0,0,0,0,Nagoya,,https://www.beforward.jp/nissan/clipper-van/cd370949/id/15325698/?mfg_year_from=2018
CD370997,2020 TOYOTA HIACE VAN SPGLDPII2/55,CD370997,2020,"$16,430",,83472,2800,,AT,,VAN,,0,0,0,0,0,0,0,0,Yokohama,,https://www.beforward.jp/toyota/hiace-van/cd370997/id/15325746/?mfg_year_from=2018
CD370983,2020 MAZDA CX-30 1.8XD,CD370983,2020,"$12,320",,30000,1800,,AT,,,,0,0,0,0,0,0,0,0,Yokohama,,https://www.beforward.jp/mazda/cx-30/cd370983/id/15325732/?mfg_year_from=2018
CD370987,2022 MITSUBISHI OUTLANDER PHEV 2.4M54WD,CD370987,2022,"$19,080",,23986,2400,,CVT,,,,0,0,0,0,1,0,0,0,Yokohama,,https://www.beforward.jp/mitsubishi/outlander-phev/cd370987/id/15325736/?mfg_year_from=2018
CD370993,2023 LEXUS UX 250HGRACEFULEXPLO,CD370993,2023,"$20,400",,44973,2000,,CVT,,,,0,0,0,0,0,0,0,0,Yokohama,,https://www.beforward.jp/lexus/ux/cd370993/id/15325742/?mfg_year_from=2018
CD370998,2023 MAZDA CX-8 XD64WD,CD370998,2023,"$18,550",,45806,2200,,AT,,,,0,0,0,0,1,0,0,0,Yokohama,,https://www.beforward.jp/mazda/cx-8/cd370998/id/15325747/?mfg_year_from=2018
CD370988,2019 TOYOTA VOXY 1.8ZS,CD370988,2019,"$14,380",,75954,1800,,CVT,,,,0,0,0,0,0,0,0,0,Yokohama,,https://www.beforward.jp/toyota/voxy/cd370988/id/15325737/?mfg_year_from=2018
CD101475,2019 BMW X3 XDRIVE20DM,CD101475,2019,"$19,280",,33400,1995,,AT,,,,0,0,0,0,0,0,0,0,Nagoya,,https://www.beforward.jp/bmw/x3/cd101475/id/15053909/?mfg_year_from=2018
CD038844,2019 DAIHATSU MOVE CANBUS GSA,CD038844,2019,"$7,620",,34770,658,,CVT,,,,0,0,0,0,0,0,0,0,Kyushu,,https://www.beforward.jp/daihatsu/move-canbus/cd038844/id/14990481/?mfg_year_from=2018
CC914780,2020 DAIHATSU ROCKY G,CC914780,2020,"$9,940",,46838,996,,CVT,,,,0,0,0,0,0,0,0,0,Kyushu,,https://www.beforward.jp/daihatsu/rocky/cc914780/id/14937765/?mfg_year_from=2018
CB806692,2024 NISSAN ROOX G,CB806692,2024,"$9,810",,17133,659,,CVT,,,,0,0,0,0,0,0,0,0,Yokohama,,https://www.beforward.jp/nissan/roox/cb806692/id/13871061/?mfg_year_from=2018
CB046448,2025 SUZUKI SPACIA G,CB046448,2025,"$7,190",,14778,657,,CVT,,,,0,0,0,0,0,0,0,0,Yokohama,,https://www.beforward.jp/suzuki/spacia/cb046448/id/13103205/?mfg_year_from=2018
CD371027,2026 TOYOTA VELLFIRE Z14,CD371027,2026,"$52,060",,30,2500,,AT,,,,0,0,0,0,0,0,0,0,Kobe,,https://www.beforward.jp/toyota/vellfire/cd371027/id/15325776/?mfg_year_from=2018
CD368796,2023 MITSUBISHI CANTER,CD368796,2023,"$44,310",,5000,3000,,AT,,,,0,0,0,0,0,0,0,0,Toyama,,https://www.beforward.jp/mitsubishi/canter/cd368796/id/15323545/?mfg_year_from=2018
CC818552,2026 JEEP COMMANDER,CC818552,2026,"$30,530",,100,2000,,AT,,,,0,0,0,0,0,0,0,0,Nagoya,,https://www.beforward.jp/jeep/commander/cc818552/id/14839955/?mfg_year_from=2018
CC252164,2026 LEXUS RX,CC252164,2026,"$73,380",,4000,2400,,AT,,,,0,0,0,0,0,0,0,0,Yokohama,,https://www.beforward.jp/lexus/rx/cc252164/id/14269899/?mfg_year_from=2018
CD210115,2024 VOLKSWAGEN T-CROSS,CD210115,2024,"$15,950",,18350,1000,,AT,,,,0,0,0,0,0,0,0,0,Osaka,,https://www.beforward.jp/volkswagen/t-cross/cd210115/id/15163691/?mfg_year_from=2018
CD360449,2024 NISSAN AURA,CD360449,2024,"$16,560",,19291,1190,,AT,,,,0,0,0,0,0,0,0,0,Osaka,,https://www.beforward.jp/nissan/aura/cd360449/id/15314846/?mfg_year_from=2018
CD340549,2019 MAZDA BONGO VAN,CD340549,2019,"$10,400",,8016,1800,,AT,,VAN,,0,0,0,0,0,0,0,0,Osaka,,https://www.beforward.jp/mazda/bongo-van/cd340549/id/15293791/?mfg_year_from=2018
CD368877,2022 TOYOTA LAND CRUISER PRADO,CD368877,2022,"$26,360",,12000,2700,,AT,,,,0,0,0,0,0,0,0,0,Kyushu,,https://www.beforward.jp/toyota/land-cruiser-prado/cd368877/id/15323626/?mfg_year_from=2018
CD368883,2024 TOYOTA LAND CRUISER,CD368883,2024,"$44,240",,20000,2800,,AT,,,,0,0,0,0,0,0,0,0,Nagoya,,https://www.beforward.jp/toyota/land-cruiser/cd368883/id/15323632/?mfg_year_from=2018
CD368908,2021 MAZDA CX-5,CD368908,2021,"$12,060",,47698,2200,,AT,,,,0,0,0,0,0,0,0,0,Kobe,,https://www.beforward.jp/mazda/cx-5/cd368908/id/15323657/?mfg_year_from=2018
CD368917,2022 NISSAN X-TRAIL,CD368917,2022,"$23,850",,19000,1500,,AT,,,,0,0,0,0,0,0,0,0,Nagoya,,https://www.beforward.jp/nissan/x-trail/cd368917/id/15323666/?mfg_year_from=2018
CD368922,2022 FIAT 500X,CD368922,2022,"$9,740",,34000,1300,,AT,,,,0,0,0,0,0,0,0,0,Nagoya,,https://www.beforward.jp/fiat/500x/cd368922/id/15323671/?mfg_year_from=2018
CA789241,2018 NISSAN NOTE,CA789241,2018,"$5,650",,53000,1200,,AT,,,,0,0,0,0,0,0,0,0,Nagoya,,https://www.beforward.jp/nissan/note/ca789241/id/12878405/?mfg_year_from=2018
CD368931,2022 TOYOTA LAND CRUISER PRADO,CD368931,2022,"$26,760",,20000,2700,,AT,,,,0,0,0,0,0,0,0,0,Nagoya,,https://www.beforward.jp/toyota/land-cruiser-prado/cd368931/id/15323680/?mfg_year_from=2018
CD368929,2020 TOYOTA HIACE VAN,CD368929,2020,"$17,890",,91000,2800,,AT,,VAN,,0,0,0,0,0,0,0,0,Nagoya,,https://www.beforward.jp/toyota/hiace-van/cd368929/id/15323678/?mfg_year_from=2018
CD368961,2025 TOYOTA HIACE VAN,CD368961,2025,"$27,490",,17000,2800,,AT,,VAN,,0,0,0,0,0,0,0,0,Nagoya,,https://www.beforward.jp/toyota/hiace-van/cd368961/id/15323710/?mfg_year_from=2018
CD368927,2023 TESLA MODEL Y,CD368927,2023,"$19,480",,47292,1,,AT,,,,0,0,0,0,0,0,0,0,Yokohama,,https://www.beforward.jp/tesla/model-y/cd368927/id/15323676/?mfg_year_from=2018
CD368932,2020 TOYOTA RAIZE,CD368932,2020,"$11,200",,25000,1000,,AT,,,,0,0,0,0,0,0,0,0,Nagoya,,https://www.beforward.jp/toyota/raize/cd368932/id/15323681/?mfg_year_from=2018
CD368933,2024 TOYOTA HARRIER,CD368933,2024,"$27,890",,10000,2000,,AT,,,,0,0,0,0,0,0,0,0,Osaka,,https://www.beforward.jp/toyota/harrier/cd368933/id/15323682/?mfg_year_from=2018
CD368982,2021 AUDI Q5,CD368982,2021,"$24,640",,34000,2000,,AT,,,,0,0,0,0,0,0,0,0,Nagoya,,https://www.beforward.jp/audi/q5/cd368982/id/15323731/?mfg_year_from=2018
CD368983,2022 PEUGEOT 3008,CD368983,2022,"$19,610",,30000,1600,,AT,,,,0,0,0,0,0,0,0,0,Nagoya,,https://www.beforward.jp/peugeot/3008/cd368983/id/15323732/?mfg_year_from=2018
CD368986,2020 BMW X6,CD368986,2020,"$35,630",,33000,3000,,AT,,,,0,0,0,0,0,0,0,0,Nagoya,,https://www.beforward.jp/bmw/x6/cd368986/id/15323735/?mfg_year_from=2018
CD368987,2021 PEUGEOT 5008,CD368987,2021,"$19,010",,44000,2000,,AT,,,,0,0,0,0,0,0,0,0,Nagoya,,https://www.beforward.jp/peugeot/5008/cd368987/id/15323736/?mfg_year_from=2018
CD368988,2023 BMW X1,CD368988,2023,"$26,100",,9000,2000,,AT,,,,0,0,0,0,0,0,0,0,Nagoya,,https://www.beforward.jp/bmw/x1/cd368988/id/15323737/?mfg_year_from=2018
CD368989,2021 LAND ROVER DEFENDER,CD368989,2021,"$41,400",,28000,3000,,AT,,,,0,0,0,0,0,0,0,0,Nagoya,,https://www.beforward.jp/land-rover/defender/cd368989/id/15323738/?mfg_year_from=2018
CD369042,2022 TOYOTA HIACE VAN,CD369042,2022,"$23,710",,51800,2800,,AT,,VAN,,0,0,0,0,0,0,0,0,Osaka,,https://www.beforward.jp/toyota/hiace-van/cd369042/id/15323791/?mfg_year_from=2018
CD369044,2020 TOYOTA HIACE VAN,CD369044,2020,"$19,080",,68300,2800,,AT,,VAN,,0,0,0,0,0,0,0,0,Osaka,,https://www.beforward.jp/toyota/hiace-van/cd369044/id/15323793/?mfg_year_from=2018
CD369045,2025 TOYOTA HIACE VAN,CD369045,2025,"$26,360",,10300,2800,,AT,,VAN,,0,0,0,0,0,0,0,0,Osaka,,https://www.beforward.jp/toyota/hiace-van/cd369045/id/15323794/?mfg_year_from=2018
CD369046,2019 TOYOTA HIACE VAN,CD369046,2019,"$18,420",,29600,2700,,AT,,VAN,,0,0,0,0,0,0,0,0,Osaka,,https://www.beforward.jp/toyota/hiace-van/cd369046/id/15323795/?mfg_year_from=2018
CD369028,2020 DAIHATSU HIJET CARGO,CD369028,2020,"$5,170",,39200,660,,AT,,,,0,0,0,0,0,0,0,0,Osaka,,https://www.beforward.jp/daihatsu/hijet-cargo/cd369028/id/15323777/?mfg_year_from=2018
CD369029,2020 DAIHATSU HIJET CARGO,CD369029,2020,"$4,180",,40800,660,,AT,,,,0,0,0,0,0,0,0,0,Osaka,,https://www.beforward.jp/daihatsu/hijet-cargo/cd369029/id/15323778/?mfg_year_from=2018
CD369074,2020 LEXUS RX,CD369074,2020,"$27,420",,76227,3500,,AT,,,,0,0,0,0,0,0,0,0,Osaka,,https://www.beforward.jp/lexus/rx/cd369074/id/15323823/?mfg_year_from=2018
CD369077,2019 LEXUS RX,CD369077,2019,"$29,800",,68002,3500,,AT,,,,0,0,0,0,0,0,0,0,Osaka,,https://www.beforward.jp/lexus/rx/cd369077/id/15323826/?mfg_year_from=2018
CD369078,2018 LEXUS UX,CD369078,2018,"$18,350",,79381,2000,,AT,,,,0,0,0,0,0,0,0,0,Osaka,,https://www.beforward.jp/lexus/ux/cd369078/id/15323827/?mfg_year_from=2018
CD369082,2019 LEXUS UX,CD369082,2019,"$19,060",,88421,2000,,AT,,,,0,0,0,0,0,0,0,0,Osaka,,https://www.beforward.jp/lexus/ux/cd369082/id/15323831/?mfg_year_from=2018
CD369084,2024 LEXUS RX,CD369084,2024,"$43,260",,51941,2400,,AT,,,,0,0,0,0,0,0,0,0,Osaka,,https://www.beforward.jp/lexus/rx/cd369084/id/15323833/?mfg_year_from=2018
CD369085,2018 LEXUS UX,CD369085,2018,"$21,650",,38870,2000,,AT,,,,0,0,0,0,0,0,0,0,Osaka,,https://www.beforward.jp/lexus/ux/cd369085/id/15323834/?mfg_year_from=2018
CD369090,2023 LEXUS RX,CD369090,2023,"$46,830",,32363,2400,,AT,,,,0,0,0,0,0,0,0,0,Osaka,,https://www.beforward.jp/lexus/rx/cd369090/id/15323839/?mfg_year_from=2018
CD369092,2019 LEXUS UX,CD369092,2019,"$17,790",,89000,2000,,AT,,,,0,0,0,0,0,0,0,0,Osaka,,https://www.beforward.jp/lexus/ux/cd369092/id/15323841/?mfg_year_from=2018
CD369093,2019 LEXUS UX,CD369093,2019,"$20,870",,36000,2000,,AT,,,,0,0,0,0,0,0,0,0,Osaka,,https://www.beforward.jp/lexus/ux/cd369093/id/15323842/?mfg_year_from=2018
CD369100,2019 LEXUS NX,CD369100,2019,"$18,960",,90000,2500,,AT,,,,0,0,0,0,0,0,0,0,Osaka,,https://www.beforward.jp/lexus/nx/cd369100/id/15323849/?mfg_year_from=2018
CD369103,2019 LEXUS UX,CD369103,2019,"$22,630",,28145,2000,,AT,,,,0,0,0,0,0,0,0,0,Osaka,,https://www.beforward.jp/lexus/ux/cd369103/id/15323852/?mfg_year_from=2018
CD369104,2023 LEXUS RX,CD369104,2023,"$47,000",,32448,2400,,AT,,,,0,0,0,0,0,0,0,0,Osaka,,https://www.beforward.jp/lexus/rx/cd369104/id/15323853/?mfg_year_from=2018
CD369126,2018 LEXUS NX,CD369126,2018,"$21,110",,79292,2500,,AT,,,,0,0,0,0,0,0,0,0,Osaka,,https://www.beforward.jp/lexus/nx/cd369126/id/15323875/?mfg_year_from=2018
CD369129,2018 LEXUS NX,CD369129,2018,"$21,910",,88125,2500,,AT,,,,0,0,0,0,0,0,0,0,Osaka,,https://www.beforward.jp/lexus/nx/cd369129/id/15323878/?mfg_year_from=2018
CD369133,2022 LEXUS NX,CD369133,2022,"$31,850",,41000,2500,,AT,,,,0,0,0,0,0,0,0,0,Osaka,,https://www.beforward.jp/lexus/nx/cd369133/id/15323882/?mfg_year_from=2018
CD369135,2019 LEXUS UX,CD369135,2019,"$24,090",,18000,2000,,AT,,,,0,0,0,0,0,0,0,0,Osaka,,https://www.beforward.jp/lexus/ux/cd369135/id/15323884/?mfg_year_from=2018
CD369136,2020 LEXUS UX,CD369136,2020,"$19,300",,30226,2000,,AT,,,,0,0,0,0,0,0,0,0,Osaka,,https://www.beforward.jp/lexus/ux/cd369136/id/15323885/?mfg_year_from=2018
CD369140,2020 LEXUS UX,CD369140,2020,"$20,570",,69000,2000,,AT,,,,0,0,0,0,0,0,0,0,Osaka,,https://www.beforward.jp/lexus/ux/cd369140/id/15323889/?mfg_year_from=2018
CD369172,2020 TOYOTA HIACE VAN,CD369172,2020,"$16,430",,83472,2800,,AT,,VAN,,0,0,0,0,0,0,0,0,Yokohama,,https://www.beforward.jp/toyota/hiace-van/cd369172/id/15323921/?mfg_year_from=2018
CD369171,2020 TOYOTA HARRIER HYBRID,CD369171,2020,"$17,290",,61832,2500,HYBRID,CVT,,,,0,0,0,0,0,0,0,0,Yokohama,,https://www.beforward.jp/toyota/harrier-hybrid/cd369171/id/15323920/?mfg_year_from=2018
CD369213,2019 MAZDA CX-8,CD369213,2019,"$14,090",,65082,2200,,AT,,,,0,0,0,0,0,0,0,0,Nagoya,,https://www.beforward.jp/mazda/cx-8/cd369213/id/15323962/?mfg_year_from=2018
CD369214,2021 HONDA VEZEL,CD369214,2021,"$17,220",,36000,1500,,AT,,,,0,0,0,0,0,0,0,0,Yokohama,,https://www.beforward.jp/honda/vezel/cd369214/id/15323963/?mfg_year_from=2018
CD369218,2018 LEXUS UX,CD369218,2018,"$19,010",,56000,2000,,CVT,,,,0,0,0,0,0,0,0,0,Yokohama,,https://www.beforward.jp/lexus/ux/cd369218/id/15323967/?mfg_year_from=2018
CD369162,2018 TOYOTA NOAH,CD369162,2018,"$10,470",,80355,2000,,CVT,,,,0,0,0,0,0,0,0,0,Yokohama,,https://www.beforward.jp/toyota/noah/cd369162/id/15323911/?mfg_year_from=2018
CD369221,2025 NISSAN KICKS,CD369221,2025,"$21,260",,9000,1200,,AT,,,,0,0,0,0,0,0,0,0,Yokohama,,https://www.beforward.jp/nissan/kicks/cd369221/id/15323970/?mfg_year_from=2018
CD369227,2022 BMW X3,CD369227,2022,"$24,380",,24099,1990,,AT,,,,0,0,0,0,0,0,0,0,Nagoya,,https://www.beforward.jp/bmw/x3/cd369227/id/15323976/?mfg_year_from=2018
CD369244,2024 TOYOTA HARRIER,CD369244,2024,"$21,340",,20350,2000,,CVT,,,,0,0,0,0,0,0,0,0,Yokohama,,https://www.beforward.jp/toyota/harrier/cd369244/id/15323993/?mfg_year_from=2018
CD369245,2020 TOYOTA C-HR,CD369245,2020,"$13,780",,32100,1800,,AT,,,,0,0,0,0,0,0,0,0,Yokohama,,https://www.beforward.jp/toyota/c-hr/cd369245/id/15323994/?mfg_year_from=2018
CD369246,2018 BMW X3,CD369246,2018,"$14,100",,54069,2000,,AT,,,,0,0,0,0,0,0,0,0,Toyama,,https://www.beforward.jp/bmw/x3/cd369246/id/15323995/?mfg_year_from=2018
CD369251,2025 HONDA VEZEL,CD369251,2025,"$24,310",,7362,1500,,AT,,,,0,0,0,0,0,0,0,0,Kobe,,https://www.beforward.jp/honda/vezel/cd369251/id/15324000/?mfg_year_from=2018
CD369291,2026 TOYOTA HIACE VAN,CD369291,2026,"$30,340",,170,2750,,AT,,VAN,,0,0,0,0,0,0,0,0,Niigata,,https://www.beforward.jp/toyota/hiace-van/cd369291/id/15324040/?mfg_year_from=2018
CD369401,2018 HONDA VEZEL,CD369401,2018,"$11,970",,27100,1500,,AT,,,,0,0,0,0,0,0,0,0,Yokohama,,https://www.beforward.jp/honda/vezel/cd369401/id/15324150/?mfg_year_from=2018
CD369429,2024 SUZUKI JIMNY SIERRA,CD369429,2024,"$16,180",,19000,1500,,AT,,,,0,0,0,0,0,0,0,0,Yokohama,,https://www.beforward.jp/suzuki/jimny-sierra/cd369429/id/15324178/?mfg_year_from=2018
CD369278,2018 MAZDA DEMIO,CD369278,2018,"$6,270",,49700,1300,,AT,,,,0,0,0,0,0,0,0,0,Nagoya,,https://www.beforward.jp/mazda/demio/cd369278/id/15324027/?mfg_year_from=2018
CD369281,2020 TOYOTA PRIUS,CD369281,2020,"$13,230",,57300,1800,,AT,,,,0,0,0,0,0,0,0,0,Nagoya,,https://www.beforward.jp/toyota/prius/cd369281/id/15324030/?mfg_year_from=2018
CD369283,2019 NISSAN NOTE,CD369283,2019,"$6,300",,20000,1200,,AT,,,,0,0,0,0,0,0,0,0,Nagoya,,https://www.beforward.jp/nissan/note/cd369283/id/15324032/?mfg_year_from=2018
CD369480,2019 TOYOTA LAND CRUISER PRADO,CD369480,2019,"$23,380",,30294,2700,,AT,,,,0,0,0,0,0,0,0,0,Yokohama,,https://www.beforward.jp/toyota/land-cruiser-prado/cd369480/id/15324229/?mfg_year_from=2018
CD369467,2024 TOYOTA LAND CRUISER,CD369467,2024,"$58,810",,20100,3444,,AT,,,,0,0,0,0,0,0,0,0,Kobe,,https://www.beforward.jp/toyota/land-cruiser/cd369467/id/15324216/?mfg_year_from=2018
CD369448,2023 HONDA VEZEL,CD369448,2023,"$16,890",,43400,1500,,CVT,,,,0,0,0,0,0,0,0,0,Kyoto,,https://www.beforward.jp/honda/vezel/cd369448/id/15324197/?mfg_year_from=2018
CD369456,2021 TOYOTA RAIZE,CD369456,2021,"$11,460",,49100,1000,,AT,,,,0,0,0,0,0,0,0,0,Kyushu,,https://www.beforward.jp/toyota/raize/cd369456/id/15324205/?mfg_year_from=2018
CD369432,2019 TOYOTA SIENTA,CD369432,2019,"$9,000",,58880,1500,,AT,,,,0,0,0,0,0,0,0,0,Osaka,,https://www.beforward.jp/toyota/sienta/cd369432/id/15324181/?mfg_year_from=2018
CD369433,2018 HONDA FIT,CD369433,2018,"$7,520",,54260,1300,,AT,,,,0,0,0,0,0,0,0,0,Osaka,,https://www.beforward.jp/honda/fit/cd369433/id/15324182/?mfg_year_from=2018
CD369523,2023 TOYOTA HIACE VAN,CD369523,2023,"$26,890",,7940,2800,,AT,,VAN,,0,0,0,0,0,0,0,0,Kobe,,https://www.beforward.jp/toyota/hiace-van/cd369523/id/15324272/?mfg_year_from=2018
CD369488,2021 SUBARU FORESTER,CD369488,2021,"$16,020",,47760,1800,,AT,,,,0,0,0,0,0,0,0,0,Kobe,,https://www.beforward.jp/subaru/forester/cd369488/id/15324237/?mfg_year_from=2018
CD369503,2025 LEXUS RX,CD369503,2025,"$51,990",,19800,2400,,AT,,,,0,0,0,0,0,0,0,0,Osaka,,https://www.beforward.jp/lexus/rx/cd369503/id/15324252/?mfg_year_from=2018
CD369512,2022 TOYOTA HARRIER HYBRID,CD369512,2022,"$23,470",,34400,2500,HYBRID,AT,,,,0,0,0,0,0,0,0,0,Kobe,,https://www.beforward.jp/toyota/harrier-hybrid/cd369512/id/15324261/?mfg_year_from=2018
CD369521,2024 HONDA VEZEL,CD369521,2024,"$18,010",,31200,1500,,AT,,,,0,0,0,0,0,0,0,0,Nagoya,,https://www.beforward.jp/honda/vezel/cd369521/id/15324270/?mfg_year_from=2018
CD369484,2018 TOYOTA ALPHARD,CD369484,2018,"$18,080",,75282,2500,,CVT,,,,0,0,0,0,0,0,0,0,Yokohama,,https://www.beforward.jp/toyota/alphard/cd369484/id/15324233/?mfg_year_from=2018
CD369529,2021 HONDA VEZEL,CD369529,2021,"$17,670",,19240,1500,,AT,,,,0,0,0,0,0,0,0,0,Nagoya,,https://www.beforward.jp/honda/vezel/cd369529/id/15324278/?mfg_year_from=2018
CD369532,2020 VOLKSWAGEN T-CROSS,CD369532,2020,"$12,120",,31000,1000,,AT,,,,0,0,0,0,0,0,0,0,Kyushu,,https://www.beforward.jp/volkswagen/t-cross/cd369532/id/15324281/?mfg_year_from=2018
CD369544,2019 TOYOTA HARRIER HYBRID,CD369544,2019,"$14,510",,49000,2500,HYBRID,AT,,,,0,0,0,0,0,0,0,0,Osaka,,https://www.beforward.jp/toyota/harrier-hybrid/cd369544/id/15324293/?mfg_year_from=2018
CD369552,2023 LEXUS RX,CD369552,2023,"$58,280",,15000,2400,,AT,,,,0,0,0,0,0,0,0,0,Yokohama,,https://www.beforward.jp/lexus/rx/cd369552/id/15324301/?mfg_year_from=2018
CD369553,2023 LEXUS RX,CD369553,2023,"$45,630",,12043,2500,,CVT,,,,0,0,0,0,0,0,0,0,Yokohama,,https://www.beforward.jp/lexus/rx/cd369553/id/15324302/?mfg_year_from=2018
CD369554,2025 LEXUS RX,CD369554,2025,"$66,700",,3140,2400,,AT,,,,0,0,0,0,0,0,0,0,Yokohama,,https://www.beforward.jp/lexus/rx/cd369554/id/15324303/?mfg_year_from=2018
CD369595,2018 TOYOTA HIACE VAN,CD369595,2018,"$12,710",,87950,2800,,AT,,VAN,,0,0,0,0,0,0,0,0,Yokohama,,https://www.beforward.jp/toyota/hiace-van/cd369595/id/15324344/?mfg_year_from=2018
CD369575,2018 HONDA VEZEL,CD369575,2018,"$12,040",,22900,1500,,AT,,,,0,0,0,0,0,0,0,0,Kobe,,https://www.beforward.jp/honda/vezel/cd369575/id/15324324/?mfg_year_from=2018
CD369584,2025 MAZDA CX-30,CD369584,2025,"$19,060",,500,1800,,AT,,,,0,0,0,0,0,0,0,0,Osaka,,https://www.beforward.jp/mazda/cx-30/cd369584/id/15324333/?mfg_year_from=2018
CD369614,2023 TOYOTA C-HR,CD369614,2023,"$16,520",,26000,1800,,AT,,,,0,0,0,0,0,0,0,0,Yokohama,,https://www.beforward.jp/toyota/c-hr/cd369614/id/15324363/?mfg_year_from=2018
CD369620,2022 TOYOTA RAIZE,CD369620,2022,"$14,760",,34000,1190,,AT,,,,0,0,0,0,0,0,0,0,Osaka,,https://www.beforward.jp/toyota/raize/cd369620/id/15324369/?mfg_year_from=2018
CD369576,2018 NISSAN SERENA,CD369576,2018,"$10,510",,78510,2000,,AT,,,,0,0,0,0,0,0,0,0,Toyama,,https://www.beforward.jp/nissan/serena/cd369576/id/15324325/?mfg_year_from=2018
CD369635,2023 TOYOTA LAND CRUISER PRADO,CD369635,2023,"$31,650",,28698,2700,,AT,,,,0,0,0,0,0,0,0,0,Osaka,,https://www.beforward.jp/toyota/land-cruiser-prado/cd369635/id/15324384/?mfg_year_from=2018
CD369629,2020 NISSAN X-TRAIL,CD369629,2020,"$6,840",,138657,2000,,AT,,,,0,0,0,0,0,0,0,0,Yokohama,,https://www.beforward.jp/nissan/x-trail/cd369629/id/15324378/?mfg_year_from=2018
CD369638,2020 MAZDA CX-30,CD369638,2020,"$10,830",,59830,2000,,AT,,,,0,0,0,0,0,0,0,0,Osaka,,https://www.beforward.jp/mazda/cx-30/cd369638/id/15324387/?mfg_year_from=2018
CD369647,2021 TOYOTA RAV4,CD369647,2021,"$15,900",,20960,2000,,AT,,,,0,0,0,0,0,0,0,0,Yokohama,,https://www.beforward.jp/toyota/rav4/cd369647/id/15324396/?mfg_year_from=2018
CD369657,2020 TOYOTA RAV4,CD369657,2020,"$14,730",,93100,2000,,AT,,,,0,0,0,0,0,0,0,0,Kyushu,,https://www.beforward.jp/toyota/rav4/cd369657/id/15324406/?mfg_year_from=2018
CD369661,2019 HONDA VEZEL,CD369661,2019,"$12,370",,43230,1500,,AT,,,,0,0,0,0,0,0,0,0,Kyushu,,https://www.beforward.jp/honda/vezel/cd369661/id/15324410/?mfg_year_from=2018
CD369759,2023 LEXUS RX,CD369759,2023,"$37,420",,8470,2500,,AT,,,,0,0,0,0,0,0,0,0,Yokohama,,https://www.beforward.jp/lexus/rx/cd369759/id/15324508/?mfg_year_from=2018
CD369785,2018 VOLVO XC60,CD369785,2018,"$16,430",,50245,2000,,AT,,,,0,0,0,0,0,0,0,0,Yokohama,,https://www.beforward.jp/volvo/xc60/cd369785/id/15324534/?mfg_year_from=2018
CD369857,2023 BMW X5,CD369857,2023,"$38,610",,23400,2992,,AT,,,,0,0,0,0,0,0,0,0,Nagoya,,https://www.beforward.jp/bmw/x5/cd369857/id/15324606/?mfg_year_from=2018
CD369864,2024 DAIHATSU TAFT,CD369864,2024,"$10,120",,3600,660,,CVT,,,,0,0,0,0,0,0,0,0,Kyushu,,https://www.beforward.jp/daihatsu/taft/cd369864/id/15324613/?mfg_year_from=2018
CD369752,2021 MAZDA FAMILIA VAN,CD369752,2021,"$5,140",,69805,1500,,AT,,VAN,,0,0,0,0,0,0,0,0,Kobe,,https://www.beforward.jp/mazda/familia-van/cd369752/id/15324501/?mfg_year_from=2018
CD369755,2018 NISSAN CLIPPER TRUCK,CD369755,2018,"$4,060",,14947,660,,AT,,TRUCK,,0,0,0,0,0,0,0,0,Kobe,,https://www.beforward.jp/nissan/clipper-truck/cd369755/id/15324504/?mfg_year_from=2018
CD373398,2025 SUBARU LEVORG,CD373398,2025,"$20,420",,17917,1800,,CVT,,,,0,0,0,0,0,0,0,0,Yokohama,,https://www.beforward.jp/subaru/levorg/cd373398/id/15327572/?mfg_year_from=2018
CD373378,2024 VOLVO XC90,CD373378,2024,"$39,610",,30000,2000,,AT,,,,0,0,0,0,0,0,0,0,Nagoya,,https://www.beforward.jp/volvo/xc90/cd373378/id/15327545/?mfg_year_from=2018
CD373379,2023 TOYOTA RAV4,CD373379,2023,"$17,160",,33334,2000,,CVT,,,,0,0,0,0,0,0,0,0,Yokohama,,https://www.beforward.jp/toyota/rav4/cd373379/id/15327546/?mfg_year_from=2018
CD373381,2018 MAZDA CX-8,CD373381,2018,"$8,300",,100022,2200,,AT,,,,0,0,0,0,0,0,0,0,Yokohama,,https://www.beforward.jp/mazda/cx-8/cd373381/id/15327548/?mfg_year_from=2018
CD373406,2018 FORD EVEREST 2.2 FORD SUV,CD373406,2018,"$20,720",,52000,2198,,AT,,SUV,,0,0,0,0,0,0,0,0,Thailand,,https://www.beforward.jp/ford/everest/cd373406/id/15327583/?mfg_year_from=2018
CD373396,2021 TOYOTA FORTUNER 2.4 G SUV,CD373396,2021,"$32,770",,45000,2393,,AT,,SUV,,0,0,0,0,0,0,0,0,Thailand,,https://www.beforward.jp/toyota/fortuner/cd373396/id/15327569/?mfg_year_from=2018
CD373372,2018 TOYOTA HILUX 2.4 J REVO DOUBLE CAB,CD373372,2018,"$15,210",,56000,2393,,MT,,,,0,0,0,0,0,0,0,0,Thailand,,https://www.beforward.jp/toyota/hilux/cd373372/id/15327528/?mfg_year_from=2018
CD373357,2022 TOYOTA HILUX 2.8 G REVO DOUBLE CAB,CD373357,2022,"$35,830",,88400,2755,,AT,,,,0,0,0,0,0,0,0,0,Thailand,,https://www.beforward.jp/toyota/hilux/cd373357/id/15327510/?mfg_year_from=2018
CD373347,2022 FORD RANGER 2.0 FORD XL SINGLE CAB,CD373347,2022,"$20,010",,43000,1996,,MT,,,,0,0,0,0,0,0,0,0,Thailand,,https://www.beforward.jp/ford/ranger/cd373347/id/15327492/?mfg_year_from=2018
CD373361,2021 LEXUS RX,CD373361,2021,"$25,170",,100000,3500,,CVT,,,,0,0,0,0,0,0,0,0,Osaka,,https://www.beforward.jp/lexus/rx/cd373361/id/15327515/?mfg_year_from=2018
CD373363,2024 LEXUS RX,CD373363,2024,"$46,690",,31151,2400,,AT,,,,0,0,0,0,0,0,0,0,Yokohama,,https://www.beforward.jp/lexus/rx/cd373363/id/15327518/?mfg_year_from=2018
CD373349,2019 MITSUBISHI CANTER FLAT BODY,CD373349,2019,"$14,910",,82000,2990,,MT,,,,0,0,0,0,0,0,0,0,Yokohama,,https://www.beforward.jp/mitsubishi/canter/cd373349/id/15327501/?mfg_year_from=2018
CD372898,2019 TOYOTA HILUX 2.4 E REVO DOUBLE CAB,CD372898,2019,"$13,090",,50000,2393,,MT,,,,0,0,0,0,0,0,0,0,Thailand,,https://www.beforward.jp/toyota/hilux/cd372898/id/15327001/?mfg_year_from=2018
CD372875,2019 FORD RANGER 2.2 FORD XL SMART CAB,CD372875,2019,"$11,900",,46000,2198,,MT,,,,0,0,0,0,0,0,0,0,Thailand,,https://www.beforward.jp/ford/ranger/cd372875/id/15326968/?mfg_year_from=2018
CD373340,2022 MERCEDES-BENZ C-CLASS,CD373340,2022,"$33,620",,25076,2000,,AT,,,,0,0,0,0,0,0,0,0,Yokohama,,https://www.beforward.jp/mercedes-benz/c-class/cd373340/id/15327476/?mfg_year_from=2018
CD373341,2022 MERCEDES-BENZ GLC-CLASS,CD373341,2022,"$30,470",,20690,2000,,AT,,,,0,0,0,0,0,0,0,0,Yokohama,,https://www.beforward.jp/mercedes-benz/glc-class/cd373341/id/15327477/?mfg_year_from=2018
CD372864,2020 TOYOTA FORTUNER 2.4 SUV V,CD372864,2020,"$35,090",,43000,2393,,AT,,SUV,,0,0,0,0,0,0,0,0,Thailand,,https://www.beforward.jp/toyota/fortuner/cd372864/id/15326953/?mfg_year_from=2018
CD373332,2019 TOYOTA COROLLA,CD373332,2019,"$14,040",,45748,1200,,MT,,,,0,0,0,0,0,0,0,0,Kobe,,https://www.beforward.jp/toyota/corolla/cd373332/id/15327468/?mfg_year_from=2018
CD372816,2023 TOYOTA HILUX 2.4 J REVO SMART CAB,CD372816,2023,"$13,880",,49000,2393,,MT,,,,0,0,0,0,0,0,0,0,Thailand,,https://www.beforward.jp/toyota/hilux/cd372816/id/15326887/?mfg_year_from=2018
CD372797,2022 TOYOTA HILUX 2.4 J REVO SMART CAB,CD372797,2022,"$18,190",,24000,2393,,MT,,,,0,0,0,0,0,0,0,0,Thailand,,https://www.beforward.jp/toyota/hilux/cd372797/id/15326845/?mfg_year_from=2018
CD372712,2019 TOYOTA HILUX 2.4 J REVO SMART CAB,CD372712,2019,"$16,430",,55000,2393,,MT,,,,0,0,0,0,0,0,0,0,Thailand,,https://www.beforward.jp/toyota/hilux/cd372712/id/15326709/?mfg_year_from=2018
CD372806,2023 FORD RANGER 2.0 FORD XL SINGLE CAB,CD372806,2023,"$15,540",,30000,1996,,MT,,,,0,0,0,0,0,0,0,0,Thailand,,https://www.beforward.jp/ford/ranger/cd372806/id/15326863/?mfg_year_from=2018
CD372860,2020 TOYOTA FORTUNER 2.4 V SUV,CD372860,2020,"$32,100",,46000,2393,,AT,,SUV,,0,0,0,0,0,0,0,0,Thailand,,https://www.beforward.jp/toyota/fortuner/cd372860/id/15326946/?mfg_year_from=2018
CD372810,2019 FORD EVEREST 2.0 FORD SUV,CD372810,2019,"$26,930",,110000,1996,,AT,,SUV,,0,0,0,0,0,0,0,0,Thailand,,https://www.beforward.jp/ford/everest/cd372810/id/15326874/?mfg_year_from=2018
CD371873,2022 DAIHATSU TANTO X,CD371873,2022,"$7,160",,12680,658,,CVT,,,,0,0,0,0,0,0,0,0,Osaka,,https://www.beforward.jp/daihatsu/tanto/cd371873/id/15325971/?mfg_year_from=2018
CD371874,2020 DAIHATSU TANTO RS,CD371874,2020,"$8,480",,31350,658,,CVT,,,,0,0,0,0,0,0,0,0,Nagoya,,https://www.beforward.jp/daihatsu/tanto/cd371874/id/15325972/?mfg_year_from=2018
CD371875,2022 DAIHATSU WAKE GVSSA,CD371875,2022,"$9,610",,10860,658,,CVT,,,,0,0,0,0,0,0,0,0,Osaka,,https://www.beforward.jp/daihatsu/wake/cd371875/id/15325973/?mfg_year_from=2018
CD371876,2023 DAIHATSU TAFT G,CD371876,2023,"$8,750",,18940,658,,CVT,,,,0,0,0,0,0,0,0,0,Kobe,,https://www.beforward.jp/daihatsu/taft/cd371876/id/15325974/?mfg_year_from=2018
CD371878,2025 SUZUKI SPACIA XS,CD371878,2025,"$12,260",,13460,658,,CVT,,,,0,0,0,0,0,0,0,0,Kobe,,https://www.beforward.jp/suzuki/spacia/cd371878/id/15325976/?mfg_year_from=2018
CD371881,2025 TOYOTA YARIS CROSS G,CD371881,2025,"$15,900",,8770,1490,,CVT,,,,0,0,0,0,0,0,0,0,Kyushu,,https://www.beforward.jp/toyota/yaris-cross/cd371881/id/15325979/?mfg_year_from=2018
CD371895,2019 BMW X3 XDRIVE20DM,CD371895,2019,"$16,890",,53000,1995,,AT,,,,0,0,0,0,0,0,0,0,Osaka,,https://www.beforward.jp/bmw/x3/cd371895/id/15325993/?mfg_year_from=2018
CD371897,2021 BMW X3 XDRIVE20DM,CD371897,2021,"$23,060",,45090,1995,,AT,,,,0,0,0,0,0,0,0,0,Nagoya,,https://www.beforward.jp/bmw/x3/cd371897/id/15325995/?mfg_year_from=2018
CD371901,2020 PORSCHE CAYENNE,CD371901,2020,"$35,100",,36000,2995,,AT,,,,0,0,0,0,0,0,0,0,Osaka,,https://www.beforward.jp/porsche/cayenne/cd371901/id/15325999/?mfg_year_from=2018
CD371902,2021 VOLVO XC60 B5AWD,CD371902,2021,"$23,180",,18800,1968,,AT,,,,0,0,0,0,1,0,0,0,Nagoya,,https://www.beforward.jp/volvo/xc60/cd371902/id/15326000/?mfg_year_from=2018
CD371907,2026 TOYOTA COROLLA CROSS Z,CD371907,2026,"$24,510",,850,1797,,CVT,,,,0,0,0,0,0,0,0,0,Kyushu,,https://www.beforward.jp/toyota/corolla-cross/cd371907/id/15326005/?mfg_year_from=2018
CD371912,2023 SUZUKI HUSTLER G,CD371912,2023,"$7,620",,36085,657,,CVT,,,,0,0,0,0,0,0,0,0,Kyushu,,https://www.beforward.jp/suzuki/hustler/cd371912/id/15326010/?mfg_year_from=2018
CD370481,2020 VOLVO XC60 B5AWD,CD370481,2020,"$15,440",,72812,2000,,AT,,,,0,0,0,0,1,0,0,0,Yokohama,,https://www.beforward.jp/volvo/xc60/cd370481/id/15325230/?mfg_year_from=2018
CD370482,2020 TOYOTA HARRIER HYBRID 2.5ZLEATHER,CD370482,2020,"$16,360",,89963,2500,HYBRID,CVT,,,,0,0,0,0,0,0,0,0,Kobe,,https://www.beforward.jp/toyota/harrier-hybrid/cd370482/id/15325231/?mfg_year_from=2018
CD370752,2020 ISUZU FORWARD FLAT BODY,CD370752,2020,"$24,840",,216000,5190,,MT,,,,0,0,0,0,0,0,0,0,Nagoya,,https://www.beforward.jp/isuzu/forward/cd370752/id/15325501/?mfg_year_from=2018
CD370242,2018 SUZUKI ALTO WORKS,CD370242,2018,"$10,140",,37070,660,,MT,,,,0,0,0,0,0,0,0,0,Yokohama,,https://www.beforward.jp/suzuki/alto-works/cd370242/id/15324991/?mfg_year_from=2018
CD370321,2022 DAIHATSU THOR X,CD370321,2022,"$7,510",,57830,1000,,AT,,,,0,0,0,0,0,0,0,0,Kyushu,,https://www.beforward.jp/daihatsu/thor/cd370321/id/15325070/?mfg_year_from=2018
CD370485,2022 SUBARU LEVORG 2.4STISPORTREX,CD370485,2022,"$14,440",,80512,2400,,AT,,,,0,0,0,0,0,0,0,0,Kobe,,https://www.beforward.jp/subaru/levorg/cd370485/id/15325234/?mfg_year_from=2018
CD370520,2021 MAZDA CX-30 20S100,CD370520,2021,"$11,790",,43223,2000,,AT,,,,0,0,0,0,0,0,0,0,Yokohama,,https://www.beforward.jp/mazda/cx-30/cd370520/id/15325269/?mfg_year_from=2018
CD370552,2026 DAIHATSU ROCKY 1.2PREMIUMGHEV,CD370552,2026,"$17,750",,10,1200,,AT,,,,0,0,0,0,0,0,0,0,Nagoya,,https://www.beforward.jp/daihatsu/rocky/cd370552/id/15325301/?mfg_year_from=2018
CD370554,2023 MERCEDES-BENZ G-CLASS G400DAMG4WD,CD370554,2023,"$85,970",,21410,3000,,CVT,,,,0,0,0,0,1,0,0,0,Yokohama,,https://www.beforward.jp/mercedes-benz/g-class/cd370554/id/15325303/?mfg_year_from=2018
CD370599,2024 MAZDA CX-30 20SED,CD370599,2024,"$17,740",,2689,2000,,AT,,,,0,0,0,0,0,0,0,0,Kobe,,https://www.beforward.jp/mazda/cx-30/cd370599/id/15325348/?mfg_year_from=2018
CD370611,2020 JAGUAR E-PACE SEP200,CD370611,2020,"$13,100",,43547,2000,,AT,,,,0,0,0,0,0,0,0,0,Nagoya,,https://www.beforward.jp/jaguar/e-pace/cd370611/id/15325360/?mfg_year_from=2018
CD370613,2018 LEXUS NX 300VERSIONLF,CD370613,2018,"$18,810",,70958,2000,,AT,,,,0,0,0,0,0,0,0,0,Kobe,,https://www.beforward.jp/lexus/nx/cd370613/id/15325362/?mfg_year_from=2018
CD370694,2023 TOYOTA LAND CRUISER PRADO TX,CD370694,2023,"$29,010",,32240,2800,,AT,,,,0,0,0,0,0,0,0,0,Hokkaido,,https://www.beforward.jp/toyota/land-cruiser-prado/cd370694/id/15325443/?mfg_year_from=2018
CD370645,2018 VOLVO XC60 D4AWDR,CD370645,2018,"$14,970",,92000,1960,,AT,,,,0,0,0,0,1,0,0,0,Kobe,,https://www.beforward.jp/volvo/xc60/cd370645/id/15325394/?mfg_year_from=2018
CD370666,2025 SUZUKI X BEE HYBRIDMZ,CD370666,2025,"$15,630",,93,1200,,CVT,,,,0,0,0,0,0,0,0,0,Yokohama,,https://www.beforward.jp/suzuki/x-bee/cd370666/id/15325415/?mfg_year_from=2018
CD370686,2018 HONDA VEZEL Z,CD370686,2018,"$8,810",,81000,1500,,AT,,,,0,0,0,0,0,0,0,0,Nagoya,,https://www.beforward.jp/honda/vezel/cd370686/id/15325435/?mfg_year_from=2018
CD370699,2019 SUBARU XV 2.0I-L,CD370699,2019,"$10,340",,57220,2000,,AT,,,,0,0,0,0,0,0,0,0,Yokohama,,https://www.beforward.jp/subaru/xv/cd370699/id/15325448/?mfg_year_from=2018
CD370637,2018 BMW MINI SD,CD370637,2018,"$6,480",,79360,2000,,AT,,,,0,0,0,0,0,0,0,0,Nagoya,,https://www.beforward.jp/bmw/mini/cd370637/id/15325386/?mfg_year_from=2018
CD370711,2023 PORSCHE MACAN GTS,CD370711,2023,"$72,040",,2772,2890,,AT,,,,0,0,0,0,0,0,0,0,Kobe,,https://www.beforward.jp/porsche/macan/cd370711/id/15325460/?mfg_year_from=2018
CD370720,2021 JEEP WRANGLER,CD370720,2021,"$29,400",,16317,3600,,AT,,,,0,0,0,0,0,0,0,0,Nagoya,,https://www.beforward.jp/jeep/wrangler/cd370720/id/15325469/?mfg_year_from=2018
CD370707,2025 HONDA CIVIC R,CD370707,2025,"$37,620",,11,2000,,MT,,,,0,0,0,0,0,0,0,0,Nagoya,,https://www.beforward.jp/honda/civic/cd370707/id/15325456/?mfg_year_from=2018
CD370710,2021 TOYOTA ALPHARD 4WDS,CD370710,2021,"$35,630",,27980,2500,,AT,,,,0,0,0,0,1,0,0,0,Yokohama,,https://www.beforward.jp/toyota/alphard/cd370710/id/15325459/?mfg_year_from=2018
CD370722,2018 VOLKSWAGEN POLO TSI,CD370722,2018,"$6,830",,49920,1200,,AT,,,,0,0,0,0,0,0,0,0,Yokohama,,https://www.beforward.jp/volkswagen/polo/cd370722/id/15325471/?mfg_year_from=2018
CD370733,2023 AUDI A4 40TDIS4,CD370733,2023,"$22,390",,31049,2000,,AT,,,,0,0,0,0,0,0,0,0,Yokohama,,https://www.beforward.jp/audi/a4/cd370733/id/15325482/?mfg_year_from=2018
CD370807,2023 TOYOTA LAND CRUISER 300ZX,CD370807,2023,"$61,690",,17854,3400,,AT,,,,0,0,0,0,0,0,0,0,Nagoya,,https://www.beforward.jp/toyota/land-cruiser/cd370807/id/15325556/?mfg_year_from=2018
CD370789,2021 HONDA CR-V EHEVEX,CD370789,2021,"$17,590",,62906,2000,,AT,,,,0,0,0,0,0,0,0,0,Nagoya,,https://www.beforward.jp/honda/cr-v/cd370789/id/15325538/?mfg_year_from=2018
CD370799,2025 DAIHATSU TAFT X,CD370799,2025,"$8,080",,6,660,,CVT,,,,0,0,0,0,0,0,0,0,Yokohama,,https://www.beforward.jp/daihatsu/taft/cd370799/id/15325548/?mfg_year_from=2018
CD370803,2025 DAIHATSU ROCKY GHEV,CD370803,2025,"$16,760",,4388,1200,,AT,,,,0,0,0,0,0,0,0,0,Kyushu,,https://www.beforward.jp/daihatsu/rocky/cd370803/id/15325552/?mfg_year_from=2018
CD370808,2026 TOYOTA RAIZE Z,CD370808,2026,"$20,770",,4,1200,,AT,,,,0,0,0,0,0,0,0,0,Nagoya,,https://www.beforward.jp/toyota/raize/cd370808/id/15325557/?mfg_year_from=2018
CD370770,2023 MERCEDES-BENZ S-CLASS S5004,CD370770,2023,"$58,350",,12300,3000,,CVT,,,,0,0,0,0,0,0,0,0,Yokohama,,https://www.beforward.jp/mercedes-benz/s-class/cd370770/id/15325519/?mfg_year_from=2018
CD370823,2019 TOYOTA LAND CRUISER PRADO 2.7TXL7,CD370823,2019,"$23,380",,30294,2700,,AT,,,,0,0,0,0,0,0,0,0,Yokohama,,https://www.beforward.jp/toyota/land-cruiser-prado/cd370823/id/15325572/?mfg_year_from=2018
CD370809,2026 TOYOTA RAIZE Z,CD370809,2026,"$20,100",,11,1200,,AT,,,,0,0,0,0,0,0,0,0,Nagoya,,https://www.beforward.jp/toyota/raize/cd370809/id/15325558/?mfg_year_from=2018
CD370854,2018 VOLVO XC60 T8EGAWD,CD370854,2018,"$16,430",,50245,2000,,AT,,,,0,0,0,0,1,0,0,0,Yokohama,,https://www.beforward.jp/volvo/xc60/cd370854/id/15325603/?mfg_year_from=2018
CD370812,2021 TOYOTA NOAH X,CD370812,2021,"$13,770",,59900,2000,,CVT,,,,0,0,0,0,0,0,0,0,Osaka,,https://www.beforward.jp/toyota/noah/cd370812/id/15325561/?mfg_year_from=2018
CD370813,2021 TOYOTA PRIUS S,CD370813,2021,"$11,120",,75900,1800,,AT,,,,0,0,0,0,0,0,0,0,Osaka,,https://www.beforward.jp/toyota/prius/cd370813/id/15325562/?mfg_year_from=2018
CD370814,2021 TOYOTA ALPHARD 2.5SC7,CD370814,2021,"$23,850",,66111,2500,,CVT,,,,0,0,0,0,0,0,0,0,Yokohama,,https://www.beforward.jp/toyota/alphard/cd370814/id/15325563/?mfg_year_from=2018
CD370904,2021 TOYOTA HIACE VAN 2.0DX3/6/9,CD370904,2021,"$16,100",,28670,2000,,AT,,VAN,,0,0,0,0,0,0,0,0,Yokohama,,https://www.beforward.jp/toyota/hiace-van/cd370904/id/15325653/?mfg_year_from=2018
CD370925,2021 TOYOTA HIACE VAN DX9,CD370925,2021,"$11,990",,101988,2000,,AT,,VAN,,0,0,0,0,0,0,0,0,Yokohama,,https://www.beforward.jp/toyota/hiace-van/cd370925/id/15325674/?mfg_year_from=2018
CD370869,2026 TOYOTA RAIZE Z,CD370869,2026,"$20,340",,6,1200,,AT,,,,0,0,0,0,0,0,0,0,Kyushu,,https://www.beforward.jp/toyota/raize/cd370869/id/15325618/?mfg_year_from=2018
CD370917,2019 AUDI Q5 TDI1STEDITION,CD370917,2019,"$13,380",,89000,1960,,AT,,,,0,0,0,0,0,0,0,0,Kobe,,https://www.beforward.jp/audi/q5/cd370917/id/15325666/?mfg_year_from=2018
CD370923,2019 TOYOTA RAV4 X,CD370923,2019,"$121,060",,160612,2500,,AT,,,,0,0,0,0,0,0,0,0,Yokohama,,https://www.beforward.jp/toyota/rav4/cd370923/id/15325672/?mfg_year_from=2018
CD370868,2022 MAZDA BONGO VAN DX4WDN23-32,CD370868,2022,"$13,110",,12329,1500,,AT,,VAN,,0,0,0,0,1,0,0,0,Osaka,,https://www.beforward.jp/mazda/bongo-van/cd370868/id/15325617/?mfg_year_from=2018
CD370947,2022 TOYOTA HARRIER S,CD370947,2022,"$21,060",,3900,2000,,AT,,,,0,0,0,0,0,0,0,0,Osaka,,https://www.beforward.jp/toyota/harrier/cd370947/id/15325696/?mfg_year_from=2018
CD370973,2021 BMW X3 X20DM,CD370973,2021,"$24,240",,45000,2000,,AT,,,,0,0,0,0,0,0,0,0,Yokohama,,https://www.beforward.jp/bmw/x3/cd370973/id/15325722/?mfg_year_from=2018
CD370981,2022 HONDA VEZEL EHEVX,CD370981,2022,"$14,970",,27780,1500,,AT,,,,0,0,0,0,0,0,0,0,Yokohama,,https://www.beforward.jp/honda/vezel/cd370981/id/15325730/?mfg_year_from=2018
CD370983,2020 MAZDA CX-30 1.8XD,CD370983,2020,"$12,320",,30000,1800,,AT,,,,0,0,0,0,0,0,0,0,Yokohama,,https://www.beforward.jp/mazda/cx-30/cd370983/id/15325732/?mfg_year_from=2018
CD370946,2018 LEXUS LS 4WDI,CD370946,2018,"$24,380",,45940,3500,,AT,,,,0,0,0,0,1,0,0,0,Nagoya,,https://www.beforward.jp/lexus/ls/cd370946/id/15325695/?mfg_year_from=2018
CD370948,2019 HONDA CIVIC US,CD370948,2019,"$12,120",,53450,1500,,AT,,,,0,0,0,0,0,0,0,0,Nagoya,,https://www.beforward.jp/honda/civic/cd370948/id/15325697/?mfg_year_from=2018
CD370997,2020 TOYOTA HIACE VAN SPGLDPII2/55,CD370997,2020,"$16,430",,83472,2800,,AT,,VAN,,0,0,0,0,0,0,0,0,Yokohama,,https://www.beforward.jp/toyota/hiace-van/cd370997/id/15325746/?mfg_year_from=2018
CD370992,2024 TOYOTA VOXY 2.0S-Z7,CD370992,2024,"$19,410",,19084,2000,,CVT,,,,0,0,0,0,0,0,0,0,Yokohama,,https://www.beforward.jp/toyota/voxy/cd370992/id/15325741/?mfg_year_from=2018
CD370999,2018 TOYOTA NOAH 2.0SIWXB7,CD370999,2018,"$10,470",,80355,2000,,CVT,,,,0,0,0,0,0,0,0,0,Yokohama,,https://www.beforward.jp/toyota/noah/cd370999/id/15325748/?mfg_year_from=2018
CD371005,2022 HONDA STEP WGN EHEV11.4,CD371005,2022,"$19,740",,47000,2000,,AT,,,,0,0,0,0,0,0,0,0,Kyushu,,https://www.beforward.jp/honda/step-wgn/cd371005/id/15325754/?mfg_year_from=2018
CD371012,2021 TOYOTA NOAH X7,CD371012,2021,"$6,880",,150529,2000,,AT,,,,0,0,0,0,0,0,0,0,Yokohama,,https://www.beforward.jp/toyota/noah/cd371012/id/15325761/?mfg_year_from=2018
CD371013,2021 TOYOTA NOAH X8,CD371013,2021,"$14,160",,49862,2000,,AT,,,,0,0,0,0,0,0,0,0,Yokohama,,https://www.beforward.jp/toyota/noah/cd371013/id/15325762/?mfg_year_from=2018
CD101475,2019 BMW X3 XDRIVE20DM,CD101475,2019,"$19,280",,33400,1995,,AT,,,,0,0,0,0,0,0,0,0,Nagoya,,https://www.beforward.jp/bmw/x3/cd101475/id/15053909/?mfg_year_from=2018
CD038844,2019 DAIHATSU MOVE CANBUS GSA,CD038844,2019,"$7,620",,34770,658,,CVT,,,,0,0,0,0,0,0,0,0,Kyushu,,https://www.beforward.jp/daihatsu/move-canbus/cd038844/id/14990481/?mfg_year_from=2018
CC914780,2020 DAIHATSU ROCKY G,CC914780,2020,"$9,940",,46838,996,,CVT,,,,0,0,0,0,0,0,0,0,Kyushu,,https://www.beforward.jp/daihatsu/rocky/cc914780/id/14937765/?mfg_year_from=2018
CB806692,2024 NISSAN ROOX G,CB806692,2024,"$9,810",,17133,659,,CVT,,,,0,0,0,0,0,0,0,0,Yokohama,,https://www.beforward.jp/nissan/roox/cb806692/id/13871061/?mfg_year_from=2018
CB046448,2025 SUZUKI SPACIA G,CB046448,2025,"$7,190",,14778,657,,CVT,,,,0,0,0,0,0,0,0,0,Yokohama,,https://www.beforward.jp/suzuki/spacia/cb046448/id/13103205/?mfg_year_from=2018
CD368796,2023 MITSUBISHI CANTER,CD368796,2023,"$44,310",,5000,3000,,AT,,,,0,0,0,0,0,0,0,0,Toyama,,https://www.beforward.jp/mitsubishi/canter/cd368796/id/15323545/?mfg_year_from=2018
CD368877,2022 TOYOTA LAND CRUISER PRADO,CD368877,2022,"$26,360",,12000,2700,,AT,,,,0,0,0,0,0,0,0,0,Kyushu,,https://www.beforward.jp/toyota/land-cruiser-prado/cd368877/id/15323626/?mfg_year_from=2018
CD368883,2024 TOYOTA LAND CRUISER,CD368883,2024,"$44,240",,20000,2800,,AT,,,,0,0,0,0,0,0,0,0,Nagoya,,https://www.beforward.jp/toyota/land-cruiser/cd368883/id/15323632/?mfg_year_from=2018
CC818552,2026 JEEP COMMANDER,CC818552,2026,"$30,530",,100,2000,,AT,,,,0,0,0,0,0,0,0,0,Nagoya,,https://www.beforward.jp/jeep/commander/cc818552/id/14839955/?mfg_year_from=2018
CC252164,2026 LEXUS RX,CC252164,2026,"$73,380",,4000,2400,,AT,,,,0,0,0,0,0,0,0,0,Yokohama,,https://www.beforward.jp/lexus/rx/cc252164/id/14269899/?mfg_year_from=2018
CD368800,2019 DAIHATSU HIJET CARGO,CD368800,2019,"$5,700",,27000,650,,AT,,,,0,0,0,0,0,0,0,0,Yokohama,,https://www.beforward.jp/daihatsu/hijet-cargo/cd368800/id/15323549/?mfg_year_from=2018
CD368801,2024 DAIHATSU HIJET TRUCK 4WD,CD368801,2024,"$9,560",,7000,650,,CVT,,TRUCK,,0,0,0,0,1,0,0,0,Yokohama,,https://www.beforward.jp/daihatsu/hijet-truck/cd368801/id/15323550/?mfg_year_from=2018
CD368931,2022 TOYOTA LAND CRUISER PRADO,CD368931,2022,"$26,760",,20000,2700,,AT,,,,0,0,0,0,0,0,0,0,Nagoya,,https://www.beforward.jp/toyota/land-cruiser-prado/cd368931/id/15323680/?mfg_year_from=2018
CD368929,2020 TOYOTA HIACE VAN,CD368929,2020,"$17,890",,91000,2800,,AT,,VAN,,0,0,0,0,0,0,0,0,Nagoya,,https://www.beforward.jp/toyota/hiace-van/cd368929/id/15323678/?mfg_year_from=2018
CD368908,2021 MAZDA CX-5,CD368908,2021,"$12,060",,47698,2200,,AT,,,,0,0,0,0,0,0,0,0,Kobe,,https://www.beforward.jp/mazda/cx-5/cd368908/id/15323657/?mfg_year_from=2018
CD368917,2022 NISSAN X-TRAIL,CD368917,2022,"$23,850",,19000,1500,,AT,,,,0,0,0,0,0,0,0,0,Nagoya,,https://www.beforward.jp/nissan/x-trail/cd368917/id/15323666/?mfg_year_from=2018
CD368922,2022 FIAT 500X,CD368922,2022,"$9,740",,34000,1300,,AT,,,,0,0,0,0,0,0,0,0,Nagoya,,https://www.beforward.jp/fiat/500x/cd368922/id/15323671/?mfg_year_from=2018
CD368927,2023 TESLA MODEL Y,CD368927,2023,"$19,480",,47292,1,,AT,,,,0,0,0,0,0,0,0,0,Yokohama,,https://www.beforward.jp/tesla/model-y/cd368927/id/15323676/?mfg_year_from=2018
CD368961,2025 TOYOTA HIACE VAN,CD368961,2025,"$27,490",,17000,2800,,AT,,VAN,,0,0,0,0,0,0,0,0,Nagoya,,https://www.beforward.jp/toyota/hiace-van/cd368961/id/15323710/?mfg_year_from=2018
CD368942,2024 MITSUBISHI DELICA MINI,CD368942,2024,"$11,380",,21030,660,,CVT,,,,0,0,0,0,0,0,0,0,Kyushu,,https://www.beforward.jp/mitsubishi/delica-mini/cd368942/id/15323691/?mfg_year_from=2018
CD368960,2019 NISSAN X-TRAIL,CD368960,2019,"$13,980",,30000,2000,,AT,,,,0,0,0,0,0,0,0,0,Nagoya,,https://www.beforward.jp/nissan/x-trail/cd368960/id/15323709/?mfg_year_from=2018
CD368966,2023 AUDI Q5,CD368966,2023,"$27,890",,25000,2000,,AT,,,,0,0,0,0,0,0,0,0,Nagoya,,https://www.beforward.jp/audi/q5/cd368966/id/15323715/?mfg_year_from=2018
CD368967,2021 PEUGEOT 3008,CD368967,2021,"$16,360",,48000,2000,,AT,,,,0,0,0,0,0,0,0,0,Nagoya,,https://www.beforward.jp/peugeot/3008/cd368967/id/15323716/?mfg_year_from=2018
CD368970,2021 RENAULT CAPTUR,CD368970,2021,"$12,850",,30000,1300,,AT,,,,0,0,0,0,0,0,0,0,Nagoya,,https://www.beforward.jp/renault/captur/cd368970/id/15323719/?mfg_year_from=2018
CD368989,2021 LAND ROVER DEFENDER,CD368989,2021,"$41,400",,28000,3000,,AT,,,,0,0,0,0,0,0,0,0,Nagoya,,https://www.beforward.jp/land-rover/defender/cd368989/id/15323738/?mfg_year_from=2018
CD368990,2023 RENAULT CAPTUR,CD368990,2023,"$13,250",,40000,1600,,AT,,,,0,0,0,0,0,0,0,0,Nagoya,,https://www.beforward.jp/renault/captur/cd368990/id/15323739/?mfg_year_from=2018
CD368991,2023 RENAULT CAPTUR,CD368991,2023,"$11,330",,57000,1600,,AT,,,,0,0,0,0,0,0,0,0,Nagoya,,https://www.beforward.jp/renault/captur/cd368991/id/15323740/?mfg_year_from=2018
CD368992,2020 MAZDA CX-30,CD368992,2020,"$13,320",,42000,2000,,AT,,,,0,0,0,0,0,0,0,0,Nagoya,,https://www.beforward.jp/mazda/cx-30/cd368992/id/15323741/?mfg_year_from=2018
CD368993,2022 NISSAN KICKS,CD368993,2022,"$16,560",,30000,1200,,AT,,,,0,0,0,0,0,0,0,0,Nagoya,,https://www.beforward.jp/nissan/kicks/cd368993/id/15323742/?mfg_year_from=2018
CD368994,2023 TOYOTA HARRIER,CD368994,2023,"$24,380",,14000,2000,,AT,,,,0,0,0,0,0,0,0,0,Nagoya,,https://www.beforward.jp/toyota/harrier/cd368994/id/15323743/?mfg_year_from=2018
CD369042,2022 TOYOTA HIACE VAN,CD369042,2022,"$23,710",,51800,2800,,AT,,VAN,,0,0,0,0,0,0,0,0,Osaka,,https://www.beforward.jp/toyota/hiace-van/cd369042/id/15323791/?mfg_year_from=2018
CD369044,2020 TOYOTA HIACE VAN,CD369044,2020,"$19,080",,68300,2800,,AT,,VAN,,0,0,0,0,0,0,0,0,Osaka,,https://www.beforward.jp/toyota/hiace-van/cd369044/id/15323793/?mfg_year_from=2018
CD369045,2025 TOYOTA HIACE VAN,CD369045,2025,"$26,360",,10300,2800,,AT,,VAN,,0,0,0,0,0,0,0,0,Osaka,,https://www.beforward.jp/toyota/hiace-van/cd369045/id/15323794/?mfg_year_from=2018
CD369046,2019 TOYOTA HIACE VAN,CD369046,2019,"$18,420",,29600,2700,,AT,,VAN,,0,0,0,0,0,0,0,0,Osaka,,https://www.beforward.jp/toyota/hiace-van/cd369046/id/15323795/?mfg_year_from=2018
CD369035,2018 NISSAN CLIPPER TRUCK,CD369035,2018,"$4,310",,24100,660,,AT,,TRUCK,,0,0,0,0,0,0,0,0,Osaka,,https://www.beforward.jp/nissan/clipper-truck/cd369035/id/15323784/?mfg_year_from=2018
CD369037,2024 SUBARU WRX S4,CD369037,2024,"$27,360",,39500,2400,,AT,,,,0,0,0,0,0,0,0,0,Osaka,,https://www.beforward.jp/subaru/wrx-s4/cd369037/id/15323786/?mfg_year_from=2018
CD369074,2020 LEXUS RX,CD369074,2020,"$27,420",,76227,3500,,AT,,,,0,0,0,0,0,0,0,0,Osaka,,https://www.beforward.jp/lexus/rx/cd369074/id/15323823/?mfg_year_from=2018
CD369077,2019 LEXUS RX,CD369077,2019,"$29,800",,68002,3500,,AT,,,,0,0,0,0,0,0,0,0,Osaka,,https://www.beforward.jp/lexus/rx/cd369077/id/15323826/?mfg_year_from=2018
CD369078,2018 LEXUS UX,CD369078,2018,"$18,350",,79381,2000,,AT,,,,0,0,0,0,0,0,0,0,Osaka,,https://www.beforward.jp/lexus/ux/cd369078/id/15323827/?mfg_year_from=2018
CD369082,2019 LEXUS UX,CD369082,2019,"$19,060",,88421,2000,,AT,,,,0,0,0,0,0,0,0,0,Osaka,,https://www.beforward.jp/lexus/ux/cd369082/id/15323831/?mfg_year_from=2018
CD369084,2024 LEXUS RX,CD369084,2024,"$43,260",,51941,2400,,AT,,,,0,0,0,0,0,0,0,0,Osaka,,https://www.beforward.jp/lexus/rx/cd369084/id/15323833/?mfg_year_from=2018
CD369085,2018 LEXUS UX,CD369085,2018,"$21,650",,38870,2000,,AT,,,,0,0,0,0,0,0,0,0,Osaka,,https://www.beforward.jp/lexus/ux/cd369085/id/15323834/?mfg_year_from=2018
CD369104,2023 LEXUS RX,CD369104,2023,"$47,000",,32448,2400,,AT,,,,0,0,0,0,0,0,0,0,Osaka,,https://www.beforward.jp/lexus/rx/cd369104/id/15323853/?mfg_year_from=2018
CD369106,2020 LEXUS RX,CD369106,2020,"$27,360",,61300,3500,,AT,,,,0,0,0,0,0,0,0,0,Osaka,,https://www.beforward.jp/lexus/rx/cd369106/id/15323855/?mfg_year_from=2018
CD369107,2021 LEXUS UX,CD369107,2021,"$17,950",,94301,2000,,AT,,,,0,0,0,0,0,0,0,0,Osaka,,https://www.beforward.jp/lexus/ux/cd369107/id/15323856/?mfg_year_from=2018
CD369108,2023 LEXUS RX,CD369108,2023,"$46,930",,39054,2400,,AT,,,,0,0,0,0,0,0,0,0,Osaka,,https://www.beforward.jp/lexus/rx/cd369108/id/15323857/?mfg_year_from=2018
CD369110,2019 LEXUS UX,CD369110,2019,"$19,700",,75368,2000,,AT,,,,0,0,0,0,0,0,0,0,Osaka,,https://www.beforward.jp/lexus/ux/cd369110/id/15323859/?mfg_year_from=2018
CD369111,2020 LEXUS UX,CD369111,2020,"$20,320",,74913,2000,,AT,,,,0,0,0,0,0,0,0,0,Osaka,,https://www.beforward.jp/lexus/ux/cd369111/id/15323860/?mfg_year_from=2018
CD369140,2020 LEXUS UX,CD369140,2020,"$20,570",,69000,2000,,AT,,,,0,0,0,0,0,0,0,0,Osaka,,https://www.beforward.jp/lexus/ux/cd369140/id/15323889/?mfg_year_from=2018
CD369141,2023 LEXUS NX,CD369141,2023,"$33,780",,19000,2500,,AT,,,,0,0,0,0,0,0,0,0,Osaka,,https://www.beforward.jp/lexus/nx/cd369141/id/15323890/?mfg_year_from=2018
CD369142,2023 LEXUS NX,CD369142,2023,"$37,560",,13412,2500,,AT,,,,0,0,0,0,0,0,0,0,Osaka,,https://www.beforward.jp/lexus/nx/cd369142/id/15323891/?mfg_year_from=2018
CD369143,2023 LEXUS RX,CD369143,2023,"$52,470",,30095,2400,,AT,,,,0,0,0,0,0,0,0,0,Osaka,,https://www.beforward.jp/lexus/rx/cd369143/id/15323892/?mfg_year_from=2018
CD369154,2023 LEXUS NX,CD369154,2023,"$35,040",,15000,2500,,AT,,,,0,0,0,0,0,0,0,0,Osaka,,https://www.beforward.jp/lexus/nx/cd369154/id/15323903/?mfg_year_from=2018
CD369155,2019 LEXUS NX,CD369155,2019,"$20,980",,44106,2500,,AT,,,,0,0,0,0,0,0,0,0,Osaka,,https://www.beforward.jp/lexus/nx/cd369155/id/15323904/?mfg_year_from=2018
CD369213,2019 MAZDA CX-8,CD369213,2019,"$14,090",,65082,2200,,AT,,,,0,0,0,0,0,0,0,0,Nagoya,,https://www.beforward.jp/mazda/cx-8/cd369213/id/15323962/?mfg_year_from=2018
CD369214,2021 HONDA VEZEL,CD369214,2021,"$17,220",,36000,1500,,AT,,,,0,0,0,0,0,0,0,0,Yokohama,,https://www.beforward.jp/honda/vezel/cd369214/id/15323963/?mfg_year_from=2018
CD369218,2018 LEXUS UX,CD369218,2018,"$19,010",,56000,2000,,CVT,,,,0,0,0,0,0,0,0,0,Yokohama,,https://www.beforward.jp/lexus/ux/cd369218/id/15323967/?mfg_year_from=2018
CD369221,2025 NISSAN KICKS,CD369221,2025,"$21,260",,9000,1200,,AT,,,,0,0,0,0,0,0,0,0,Yokohama,,https://www.beforward.jp/nissan/kicks/cd369221/id/15323970/?mfg_year_from=2018
CD369227,2022 BMW X3,CD369227,2022,"$24,380",,24099,1990,,AT,,,,0,0,0,0,0,0,0,0,Nagoya,,https://www.beforward.jp/bmw/x3/cd369227/id/15323976/?mfg_year_from=2018
CD369244,2024 TOYOTA HARRIER,CD369244,2024,"$21,340",,20350,2000,,CVT,,,,0,0,0,0,0,0,0,0,Yokohama,,https://www.beforward.jp/toyota/harrier/cd369244/id/15323993/?mfg_year_from=2018
CD369291,2026 TOYOTA HIACE VAN,CD369291,2026,"$30,340",,170,2750,,AT,,VAN,,0,0,0,0,0,0,0,0,Niigata,,https://www.beforward.jp/toyota/hiace-van/cd369291/id/15324040/?mfg_year_from=2018
CD369246,2018 BMW X3,CD369246,2018,"$14,100",,54069,2000,,AT,,,,0,0,0,0,0,0,0,0,Toyama,,https://www.beforward.jp/bmw/x3/cd369246/id/15323995/?mfg_year_from=2018
CD369251,2025 HONDA VEZEL,CD369251,2025,"$24,310",,7362,1500,,AT,,,,0,0,0,0,0,0,0,0,Kobe,,https://www.beforward.jp/honda/vezel/cd369251/id/15324000/?mfg_year_from=2018
CD369256,2020 DAIHATSU TAFT,CD369256,2020,"$9,460",,30130,660,,AT,,,,0,0,0,0,0,0,0,0,Yokohama,,https://www.beforward.jp/daihatsu/taft/cd369256/id/15324005/?mfg_year_from=2018
CD369270,2025 HONDA VEZEL,CD369270,2025,"$19,210",,16300,1500,,CVT,,,,0,0,0,0,0,0,0,0,Yokohama,,https://www.beforward.jp/honda/vezel/cd369270/id/15324019/?mfg_year_from=2018
CD369250,2023 TOYOTA VOXY,CD369250,2023,"$21,000",,25420,1800,,CVT,,,,0,0,0,0,0,0,0,0,Kobe,,https://www.beforward.jp/toyota/voxy/cd369250/id/15323999/?mfg_year_from=2018
CD369401,2018 HONDA VEZEL,CD369401,2018,"$11,970",,27100,1500,,AT,,,,0,0,0,0,0,0,0,0,Yokohama,,https://www.beforward.jp/honda/vezel/cd369401/id/15324150/?mfg_year_from=2018
CD369429,2024 SUZUKI JIMNY SIERRA,CD369429,2024,"$16,180",,19000,1500,,AT,,,,0,0,0,0,0,0,0,0,Yokohama,,https://www.beforward.jp/suzuki/jimny-sierra/cd369429/id/15324178/?mfg_year_from=2018
CD369448,2023 HONDA VEZEL,CD369448,2023,"$16,890",,43400,1500,,CVT,,,,0,0,0,0,0,0,0,0,Kyoto,,https://www.beforward.jp/honda/vezel/cd369448/id/15324197/?mfg_year_from=2018
CD369456,2021 TOYOTA RAIZE,CD369456,2021,"$11,460",,49100,1000,,AT,,,,0,0,0,0,0,0,0,0,Kyushu,,https://www.beforward.jp/toyota/raize/cd369456/id/15324205/?mfg_year_from=2018
CD369399,2022 SUZUKI SWIFT,CD369399,2022,"$10,820",,56400,1400,,MT,,,,0,0,0,0,0,0,0,0,Yokohama,,https://www.beforward.jp/suzuki/swift/cd369399/id/15324148/?mfg_year_from=2018
CD369400,2022 TOYOTA VOXY,CD369400,2022,"$21,930",,31000,1800,,AT,,,,0,0,0,0,0,0,0,0,Yokohama,,https://www.beforward.jp/toyota/voxy/cd369400/id/15324149/?mfg_year_from=2018
CD369467,2024 TOYOTA LAND CRUISER,CD369467,2024,"$58,810",,20100,3444,,AT,,,,0,0,0,0,0,0,0,0,Kobe,,https://www.beforward.jp/toyota/land-cruiser/cd369467/id/15324216/?mfg_year_from=2018
CD369488,2021 SUBARU FORESTER,CD369488,2021,"$16,020",,47760,1800,,AT,,,,0,0,0,0,0,0,0,0,Kobe,,https://www.beforward.jp/subaru/forester/cd369488/id/15324237/?mfg_year_from=2018
CD369503,2025 LEXUS RX,CD369503,2025,"$51,990",,19800,2400,,AT,,,,0,0,0,0,0,0,0,0,Osaka,,https://www.beforward.jp/lexus/rx/cd369503/id/15324252/?mfg_year_from=2018
CD369512,2022 TOYOTA HARRIER HYBRID,CD369512,2022,"$23,470",,34400,2500,HYBRID,AT,,,,0,0,0,0,0,0,0,0,Kobe,,https://www.beforward.jp/toyota/harrier-hybrid/cd369512/id/15324261/?mfg_year_from=2018
CD369464,2020 HINO DUTRO,CD369464,2020,"$19,080",,66476,4000,,MT,,,,0,0,0,0,0,0,0,0,Nagoya,,https://www.beforward.jp/hino/dutro/cd369464/id/15324213/?mfg_year_from=2018
CD369465,2020 ISUZU ELF TRUCK,CD369465,2020,"$18,420",,12942,2990,,AT,,TRUCK,,0,0,0,0,0,0,0,0,Nagoya,,https://www.beforward.jp/isuzu/elf-truck/cd369465/id/15324214/?mfg_year_from=2018
CD369523,2023 TOYOTA HIACE VAN,CD369523,2023,"$26,890",,7940,2800,,AT,,VAN,,0,0,0,0,0,0,0,0,Kobe,,https://www.beforward.jp/toyota/hiace-van/cd369523/id/15324272/?mfg_year_from=2018
CD369521,2024 HONDA VEZEL,CD369521,2024,"$18,010",,31200,1500,,AT,,,,0,0,0,0,0,0,0,0,Nagoya,,https://www.beforward.jp/honda/vezel/cd369521/id/15324270/?mfg_year_from=2018
CD369529,2021 HONDA VEZEL,CD369529,2021,"$17,670",,19240,1500,,AT,,,,0,0,0,0,0,0,0,0,Nagoya,,https://www.beforward.jp/honda/vezel/cd369529/id/15324278/?mfg_year_from=2018
CD369532,2020 VOLKSWAGEN T-CROSS,CD369532,2020,"$12,120",,31000,1000,,AT,,,,0,0,0,0,0,0,0,0,Kyushu,,https://www.beforward.jp/volkswagen/t-cross/cd369532/id/15324281/?mfg_year_from=2018
CD369544,2019 TOYOTA HARRIER HYBRID,CD369544,2019,"$14,510",,49000,2500,HYBRID,AT,,,,0,0,0,0,0,0,0,0,Osaka,,https://www.beforward.jp/toyota/harrier-hybrid/cd369544/id/15324293/?mfg_year_from=2018
CD369552,2023 LEXUS RX,CD369552,2023,"$58,280",,15000,2400,,AT,,,,0,0,0,0,0,0,0,0,Yokohama,,https://www.beforward.jp/lexus/rx/cd369552/id/15324301/?mfg_year_from=2018
CD369595,2018 TOYOTA HIACE VAN,CD369595,2018,"$12,710",,87950,2800,,AT,,VAN,,0,0,0,0,0,0,0,0,Yokohama,,https://www.beforward.jp/toyota/hiace-van/cd369595/id/15324344/?mfg_year_from=2018
CD369553,2023 LEXUS RX,CD369553,2023,"$45,630",,12043,2500,,CVT,,,,0,0,0,0,0,0,0,0,Yokohama,,https://www.beforward.jp/lexus/rx/cd369553/id/15324302/?mfg_year_from=2018
CD369554,2025 LEXUS RX,CD369554,2025,"$66,700",,3140,2400,,AT,,,,0,0,0,0,0,0,0,0,Yokohama,,https://www.beforward.jp/lexus/rx/cd369554/id/15324303/?mfg_year_from=2018
CD369562,2023 TOYOTA YARIS CROSS,CD369562,2023,"$17,180",,7242,1500,,AT,,,,0,0,0,0,0,0,0,0,Osaka,,https://www.beforward.jp/toyota/yaris-cross/cd369562/id/15324311/?mfg_year_from=2018
CD369573,2020 MAZDA CX-5,CD369573,2020,"$12,710",,38370,2200,,AT,,,,0,0,0,0,0,0,0,0,Kobe,,https://www.beforward.jp/mazda/cx-5/cd369573/id/15324322/?mfg_year_from=2018
CD369574,2021 TOYOTA YARIS CROSS,CD369574,2021,"$14,500",,41450,1500,,AT,,,,0,0,0,0,0,0,0,0,Kobe,,https://www.beforward.jp/toyota/yaris-cross/cd369574/id/15324323/?mfg_year_from=2018
CD369635,2023 TOYOTA LAND CRUISER PRADO,CD369635,2023,"$31,650",,28698,2700,,AT,,,,0,0,0,0,0,0,0,0,Osaka,,https://www.beforward.jp/toyota/land-cruiser-prado/cd369635/id/15324384/?mfg_year_from=2018
CD369614,2023 TOYOTA C-HR,CD369614,2023,"$16,520",,26000,1800,,AT,,,,0,0,0,0,0,0,0,0,Yokohama,,https://www.beforward.jp/toyota/c-hr/cd369614/id/15324363/?mfg_year_from=2018
CD369620,2022 TOYOTA RAIZE,CD369620,2022,"$14,760",,34000,1190,,AT,,,,0,0,0,0,0,0,0,0,Osaka,,https://www.beforward.jp/toyota/raize/cd369620/id/15324369/?mfg_year_from=2018
CD369629,2020 NISSAN X-TRAIL,CD369629,2020,"$6,840",,138657,2000,,AT,,,,0,0,0,0,0,0,0,0,Yokohama,,https://www.beforward.jp/nissan/x-trail/cd369629/id/15324378/?mfg_year_from=2018
CD369638,2020 MAZDA CX-30,CD369638,2020,"$10,830",,59830,2000,,AT,,,,0,0,0,0,0,0,0,0,Osaka,,https://www.beforward.jp/mazda/cx-30/cd369638/id/15324387/?mfg_year_from=2018
CD369612,2020 TOYOTA AQUA,CD369612,2020,"$8,980",,54350,1500,,AT,,,,0,0,0,0,0,0,0,0,Yokohama,,https://www.beforward.jp/toyota/aqua/cd369612/id/15324361/?mfg_year_from=2018
CD369647,2021 TOYOTA RAV4,CD369647,2021,"$15,900",,20960,2000,,AT,,,,0,0,0,0,0,0,0,0,Yokohama,,https://www.beforward.jp/toyota/rav4/cd369647/id/15324396/?mfg_year_from=2018
CD369657,2020 TOYOTA RAV4,CD369657,2020,"$14,730",,93100,2000,,AT,,,,0,0,0,0,0,0,0,0,Kyushu,,https://www.beforward.jp/toyota/rav4/cd369657/id/15324406/?mfg_year_from=2018
CD369661,2019 HONDA VEZEL,CD369661,2019,"$12,370",,43230,1500,,AT,,,,0,0,0,0,0,0,0,0,Kyushu,,https://www.beforward.jp/honda/vezel/cd369661/id/15324410/?mfg_year_from=2018
CD369702,2019 TOYOTA HARRIER,CD369702,2019,"$18,290",,27560,2000,,AT,,,,0,0,0,0,0,0,0,0,Kyushu,,https://www.beforward.jp/toyota/harrier/cd369702/id/15324451/?mfg_year_from=2018
CD369645,2019 MAZDA MAZDA3,CD369645,2019,"$10,840",,45000,2000,,AT,,,,0,0,0,0,0,0,0,0,Yokohama,,https://www.beforward.jp/mazda/mazda3/cd369645/id/15324394/?mfg_year_from=2018
CD369646,2021 SUZUKI SOLIO,CD369646,2021,"$11,080",,9000,1200,,AT,,,,0,0,0,0,0,0,0,0,Yokohama,,https://www.beforward.jp/suzuki/solio/cd369646/id/15324395/?mfg_year_from=2018
CD369759,2023 LEXUS RX,CD369759,2023,"$37,420",,8470,2500,,AT,,,,0,0,0,0,0,0,0,0,Yokohama,,https://www.beforward.jp/lexus/rx/cd369759/id/15324508/?mfg_year_from=2018
CD369785,2018 VOLVO XC60,CD369785,2018,"$16,430",,50245,2000,,AT,,,,0,0,0,0,0,0,0,0,Yokohama,,https://www.beforward.jp/volvo/xc60/cd369785/id/15324534/?mfg_year_from=2018
CD369735,2020 MAZDA MAZDA2,CD369735,2020,"$5,270",,132728,1500,,AT,,,,0,0,0,0,0,0,0,0,Kobe,,https://www.beforward.jp/mazda/mazda2/cd369735/id/15324484/?mfg_year_from=2018
CD369736,2020 MAZDA MAZDA2,CD369736,2020,"$5,550",,72967,1500,,AT,,,,0,0,0,0,0,0,0,0,Kobe,,https://www.beforward.jp/mazda/mazda2/cd369736/id/15324485/?mfg_year_from=2018
CD369739,2019 NISSAN VANETTE VAN,CD369739,2019,"$5,250",,189145,1600,,AT,,VAN,,0,0,0,0,0,0,0,0,Kobe,,https://www.beforward.jp/nissan/vanette-van/cd369739/id/15324488/?mfg_year_from=2018
CD369749,2019 DAIHATSU HIJET CARGO,CD369749,2019,"$3,900",,88747,660,,AT,,,,0,0,0,0,0,0,0,0,Kobe,,https://www.beforward.jp/daihatsu/hijet-cargo/cd369749/id/15324498/?mfg_year_from=2018
CD369857,2023 BMW X5,CD369857,2023,"$38,610",,23400,2992,,AT,,,,0,0,0,0,0,0,0,0,Nagoya,,https://www.beforward.jp/bmw/x5/cd369857/id/15324606/?mfg_year_from=2018
CD369864,2024 DAIHATSU TAFT,CD369864,2024,"$10,120",,3600,660,,CVT,,,,0,0,0,0,0,0,0,0,Kyushu,,https://www.beforward.jp/daihatsu/taft/cd369864/id/15324613/?mfg_year_from=2018
CD369926,2026 TOYOTA RAIZE,CD369926,2026,"$19,340",,4,1200,,AT,,,,0,0,0,0,0,0,0,0,Nagoya,,https://www.beforward.jp/toyota/raize/cd369926/id/15324675/?mfg_year_from=2018
CD369938,2024 HONDA ZR-V,CD369938,2024,"$21,330",,10893,2000,,AT,,,,0,0,0,0,0,0,0,0,Niigata,,https://www.beforward.jp/honda/zr-v/cd369938/id/15324687/?mfg_year_from=2018
CD369947,2021 MAZDA MX-30,CD369947,2021,"$12,040",,34800,2000,,AT,,,,0,0,0,0,0,0,0,0,Kyushu,,https://www.beforward.jp/mazda/mx-30/cd369947/id/15324696/?mfg_year_from=2018
CD369799,2021 TOYOTA YARIS,CD369799,2021,"$8,460",,23600,1000,,AT,,,,0,0,0,0,0,0,0,0,Kyushu,,https://www.beforward.jp/toyota/yaris/cd369799/id/15324548/?mfg_year_from=2018
CD369948,2023 TOYOTA YARIS CROSS,CD369948,2023,"$16,300",,37100,1500,,CVT,,,,0,0,0,0,0,0,0,0,Kyushu,,https://www.beforward.jp/toyota/yaris-cross/cd369948/id/15324697/?mfg_year_from=2018
CD369949,2019 MAZDA CX-3,CD369949,2019,"$8,840",,58600,2000,,AT,,,,0,0,0,0,0,0,0,0,Kyushu,,https://www.beforward.jp/mazda/cx-3/cd369949/id/15324698/?mfg_year_from=2018
CD369955,2023 HONDA VEZEL,CD369955,2023,"$18,100",,20275,1500,,AT,,,,0,0,0,0,0,0,0,0,Yokohama,,https://www.beforward.jp/honda/vezel/cd369955/id/15324704/?mfg_year_from=2018
CD369966,2021 MAZDA CX-5,CD369966,2021,"$15,100",,22080,2000,,AT,,,,0,0,0,0,0,0,0,0,Osaka,,https://www.beforward.jp/mazda/cx-5/cd369966/id/15324715/?mfg_year_from=2018
CD369968,2024 TOYOTA RAIZE,CD369968,2024,"$16,810",,10030,1200,,CVT,,,,0,0,0,0,0,0,0,0,Kyushu,,https://www.beforward.jp/toyota/raize/cd369968/id/15324717/?mfg_year_from=2018
CD369971,2023 MAZDA CX-5,CD369971,2023,"$15,630",,27670,2500,,AT,,,,0,0,0,0,0,0,0,0,Kyushu,,https://www.beforward.jp/mazda/cx-5/cd369971/id/15324720/?mfg_year_from=2018
CD369981,2019 HONDA VEZEL,CD369981,2019,"$12,370",,57960,1500,,AT,,,,0,0,0,0,0,0,0,0,Osaka,,https://www.beforward.jp/honda/vezel/cd369981/id/15324730/?mfg_year_from=2018
CD369991,2023 HONDA VEZEL,CD369991,2023,"$15,990",,12400,1500,,AT,,,,0,0,0,0,0,0,0,0,Kobe,,https://www.beforward.jp/honda/vezel/cd369991/id/15324740/?mfg_year_from=2018
CD369992,2020 MAZDA CX-5,CD369992,2020,"$12,970",,48700,2200,,AT,,,,0,0,0,0,0,0,0,0,Kobe,,https://www.beforward.jp/mazda/cx-5/cd369992/id/15324741/?mfg_year_from=2018
CD369993,2019 NISSAN X-TRAIL,CD369993,2019,"$8,440",,81200,2000,,AT,,,,0,0,0,0,0,0,0,0,Kobe,,https://www.beforward.jp/nissan/x-trail/cd369993/id/15324742/?mfg_year_from=2018
CD369996,2019 SUBARU FORESTER,CD369996,2019,"$11,090",,85000,2000,,AT,,,,0,0,0,0,0,0,0,0,Osaka,,https://www.beforward.jp/subaru/forester/cd369996/id/15324745/?mfg_year_from=2018
CD370001,2019 MAZDA CX-30,CD370001,2019,"$9,590",,64200,2000,,AT,,,,0,0,0,0,0,0,0,0,Osaka,,https://www.beforward.jp/mazda/cx-30/cd370001/id/15324750/?mfg_year_from=2018
CD370016,2021 DAIHATSU TAFT,CD370016,2021,"$9,160",,63400,660,,AT,,,,0,0,0,0,0,0,0,0,Kobe,,https://www.beforward.jp/daihatsu/taft/cd370016/id/15324765/?mfg_year_from=2018
CD370039,2020 TOYOTA RAV4,CD370039,2020,"$16,590",,25210,2000,,CVT,,,,0,0,0,0,0,0,0,0,Nagoya,,https://www.beforward.jp/toyota/rav4/cd370039/id/15324788/?mfg_year_from=2018
CD370095,2022 DAIHATSU TAFT,CD370095,2022,"$10,210",,36720,660,,AT,,,,0,0,0,0,0,0,0,0,Yokohama,,https://www.beforward.jp/daihatsu/taft/cd370095/id/15324844/?mfg_year_from=2018
CD370024,2020 TOYOTA ROOMY,CD370024,2020,"$9,610",,35990,1000,,AT,,,,0,0,0,0,0,0,0,0,Niigata,,https://www.beforward.jp/toyota/roomy/cd370024/id/15324773/?mfg_year_from=2018
CD370025,2021 NISSAN SERENA,CD370025,2021,"$12,280",,79460,1200,,AT,,,,0,0,0,0,0,0,0,0,Osaka,,https://www.beforward.jp/nissan/serena/cd370025/id/15324774/?mfg_year_from=2018
CD370027,2019 TOYOTA PRIUS,CD370027,2019,"$10,770",,74600,1800,,AT,,,,0,0,0,0,0,0,0,0,Osaka,,https://www.beforward.jp/toyota/prius/cd370027/id/15324776/?mfg_year_from=2018
CD370117,2023 MAZDA CX-60,CD370117,2023,"$18,440",,20200,2500,,AT,,,,0,0,0,0,0,0,0,0,Nagoya,,https://www.beforward.jp/mazda/cx-60/cd370117/id/15324866/?mfg_year_from=2018
CD370122,2019 TOYOTA RAIZE,CD370122,2019,"$10,660",,64300,1000,,CVT,,,,0,0,0,0,0,0,0,0,Nagoya,,https://www.beforward.jp/toyota/raize/cd370122/id/15324871/?mfg_year_from=2018
CD370135,2022 DAIHATSU TAFT,CD370135,2022,"$8,240",,29400,660,,AT,,,,0,0,0,0,0,0,0,0,Kyushu,,https://www.beforward.jp/daihatsu/taft/cd370135/id/15324884/?mfg_year_from=2018
CD370112,2021 TOYOTA ALPHARD,CD370112,2021,"$28,850",,28780,2500,,CVT,,,,0,0,0,0,0,0,0,0,Kobe,,https://www.beforward.jp/toyota/alphard/cd370112/id/15324861/?mfg_year_from=2018
CD370114,2023 TOYOTA VOXY,CD370114,2023,"$26,140",,26770,1800,,CVT,,,,0,0,0,0,0,0,0,0,Kobe,,https://www.beforward.jp/toyota/voxy/cd370114/id/15324863/?mfg_year_from=2018
CD370115,2021 TOYOTA NOAH,CD370115,2021,"$18,020",,59900,1800,,AT,,,,0,0,0,0,0,0,0,0,Kyushu,,https://www.beforward.jp/toyota/noah/cd370115/id/15324864/?mfg_year_from=2018
CD370158,2023 TOYOTA HARRIER HYBRID,CD370158,2023,"$24,950",,35200,2500,HYBRID,AT,,,,0,0,0,0,0,0,0,0,Yokohama,,https://www.beforward.jp/toyota/harrier-hybrid/cd370158/id/15324907/?mfg_year_from=2018
CD370159,2024 SUZUKI JIMNY SIERRA,CD370159,2024,"$16,180",,13400,1500,,AT,,,,0,0,0,0,0,0,0,0,Yokohama,,https://www.beforward.jp/suzuki/jimny-sierra/cd370159/id/15324908/?mfg_year_from=2018
CD370161,2025 DAIHATSU TAFT,CD370161,2025,"$8,810",,80,660,,AT,,,,0,0,0,0,0,0,0,0,Yokohama,,https://www.beforward.jp/daihatsu/taft/cd370161/id/15324910/?mfg_year_from=2018
CD370164,2021 DAIHATSU TAFT,CD370164,2021,"$7,950",,76220,660,,AT,,,,0,0,0,0,0,0,0,0,Yokohama,,https://www.beforward.jp/daihatsu/taft/cd370164/id/15324913/?mfg_year_from=2018
CD370167,2022 SUZUKI X BEE,CD370167,2022,"$12,290",,49100,1000,,AT,,,,0,0,0,0,0,0,0,0,Yokohama,,https://www.beforward.jp/suzuki/x-bee/cd370167/id/15324916/?mfg_year_from=2018
CD370168,2020 MAZDA CX-8,CD370168,2020,"$14,480",,63610,2200,,AT,,,,0,0,0,0,0,0,0,0,Yokohama,,https://www.beforward.jp/mazda/cx-8/cd370168/id/15324917/?mfg_year_from=2018
CD370251,2021 TOYOTA RAV4,CD370251,2021,"$20,110",,42700,2000,,AT,,,,0,0,0,0,0,0,0,0,Yokohama,,https://www.beforward.jp/toyota/rav4/cd370251/id/15325000/?mfg_year_from=2018
CD370254,2021 HONDA VEZEL,CD370254,2021,"$16,600",,21430,1500,,CVT,,,,0,0,0,0,0,0,0,0,Osaka,,https://www.beforward.jp/honda/vezel/cd370254/id/15325003/?mfg_year_from=2018
CD370262,2019 SUZUKI JIMNY SIERRA,CD370262,2019,"$14,380",,34000,1500,,AT,,,,0,0,0,0,0,0,0,0,Kobe,,https://www.beforward.jp/suzuki/jimny-sierra/cd370262/id/15325011/?mfg_year_from=2018
CD370274,2020 DAIHATSU TAFT,CD370274,2020,"$8,390",,59200,660,,CVT,,,,0,0,0,0,0,0,0,0,Kyushu,,https://www.beforward.jp/daihatsu/taft/cd370274/id/15325023/?mfg_year_from=2018
CD370289,2019 HONDA VEZEL,CD370289,2019,"$11,690",,43100,1500,,AT,,,,0,0,0,0,0,0,0,0,Osaka,,https://www.beforward.jp/honda/vezel/cd370289/id/15325038/?mfg_year_from=2018
CD370298,2021 DAIHATSU TAFT,CD370298,2021,"$9,510",,17600,660,,AT,,,,0,0,0,0,0,0,0,0,Kyushu,,https://www.beforward.jp/daihatsu/taft/cd370298/id/15325047/?mfg_year_from=2018
CD370356,2023 TOYOTA YARIS CROSS,CD370356,2023,"$15,530",,30720,1500,,AT,,,,0,0,0,0,0,0,0,0,Osaka,,https://www.beforward.jp/toyota/yaris-cross/cd370356/id/15325105/?mfg_year_from=2018
CD370362,2022 DAIHATSU TAFT,CD370362,2022,"$8,580",,44560,660,,AT,,,,0,0,0,0,0,0,0,0,Osaka,,https://www.beforward.jp/daihatsu/taft/cd370362/id/15325111/?mfg_year_from=2018
CD370312,2021 MITSUBISHI DELICA D5,CD370312,2021,"$24,510",,31850,2200,,AT,,,,0,0,0,0,0,0,0,0,Yokohama,,https://www.beforward.jp/mitsubishi/delica-d5/cd370312/id/15325061/?mfg_year_from=2018
CD370323,2024 HONDA STEP WGN,CD370323,2024,"$24,710",,18200,2000,,AT,,,,0,0,0,0,0,0,0,0,Kyushu,,https://www.beforward.jp/honda/step-wgn/cd370323/id/15325072/?mfg_year_from=2018
CD370324,2022 TOYOTA ALPHARD,CD370324,2022,"$28,910",,34710,2500,,AT,,,,0,0,0,0,0,0,0,0,Kyushu,,https://www.beforward.jp/toyota/alphard/cd370324/id/15325073/?mfg_year_from=2018
CD370325,2021 NISSAN SERENA,CD370325,2021,"$16,830",,27210,1200,,AT,,,,0,0,0,0,0,0,0,0,Yokohama,,https://www.beforward.jp/nissan/serena/cd370325/id/15325075/?mfg_year_from=2018
CD370375,2023 TOYOTA YARIS CROSS,CD370375,2023,"$17,830",,17400,1500,,CVT,,,,0,0,0,0,0,0,0,0,Kyushu,,https://www.beforward.jp/toyota/yaris-cross/cd370375/id/15325124/?mfg_year_from=2018
CD370380,2025 DAIHATSU TAFT,CD370380,2025,"$8,660",,30,660,,AT,,,,0,0,0,0,0,0,0,0,Yokohama,,https://www.beforward.jp/daihatsu/taft/cd370380/id/15325129/?mfg_year_from=2018
CD370382,2022 TOYOTA CROWN CROSSOVER,CD370382,2022,"$24,340",,21140,2500,,AT,,,,0,0,0,0,0,0,0,0,Yokohama,,https://www.beforward.jp/toyota/crown-crossover/cd370382/id/15325131/?mfg_year_from=2018
CD370390,2023 HONDA VEZEL,CD370390,2023,"$18,220",,19800,1500,,CVT,,,,0,0,0,0,0,0,0,0,Kobe,,https://www.beforward.jp/honda/vezel/cd370390/id/15325139/?mfg_year_from=2018
CD370396,2021 HONDA VEZEL,CD370396,2021,"$16,130",,40000,1500,,AT,,,,0,0,0,0,0,0,0,0,Kobe,,https://www.beforward.jp/honda/vezel/cd370396/id/15325145/?mfg_year_from=2018
CD370374,2019 TOYOTA TANK,CD370374,2019,"$6,570",,84500,1000,,AT,,,,0,0,0,0,0,0,0,0,Kyushu,,https://www.beforward.jp/toyota/tank/cd370374/id/15325123/?mfg_year_from=2018
CD370418,2020 MAZDA CX-5,CD370418,2020,"$14,740",,36300,2200,,AT,,,,0,0,0,0,0,0,0,0,Yokohama,,https://www.beforward.jp/mazda/cx-5/cd370418/id/15325167/?mfg_year_from=2018
CD370423,2019 SUBARU FORESTER,CD370423,2019,"$13,770",,71000,2000,,AT,,,,0,0,0,0,0,0,0,0,Yokohama,,https://www.beforward.jp/subaru/forester/cd370423/id/15325172/?mfg_year_from=2018
CD370424,2022 JEEP RENEGADE,CD370424,2022,"$12,460",,48000,1300,,AT,,,,0,0,0,0,0,0,0,0,Nagoya,,https://www.beforward.jp/jeep/renegade/cd370424/id/15325173/?mfg_year_from=2018
CD370425,2022 JEEP COMPASS,CD370425,2022,"$12,460",,74000,2400,,AT,,,,0,0,0,0,0,0,0,0,Nagoya,,https://www.beforward.jp/jeep/compass/cd370425/id/15325174/?mfg_year_from=2018
CD370426,2022 JEEP WRANGLER,CD370426,2022,"$31,130",,19000,2000,,AT,,,,0,0,0,0,0,0,0,0,Nagoya,,https://www.beforward.jp/jeep/wrangler/cd370426/id/15325175/?mfg_year_from=2018
CD370427,2023 JEEP WRANGLER,CD370427,2023,"$31,130",,24000,2000,,AT,,,,0,0,0,0,0,0,0,0,Nagoya,,https://www.beforward.jp/jeep/wrangler/cd370427/id/15325176/?mfg_year_from=2018
CD368748,2024 TOYOTA LAND CRUISER,CD368748,2024,"$34,970",,7000,2700,,AT,,,,0,0,0,0,0,0,0,0,Yokohama,,https://www.beforward.jp/toyota/land-cruiser/cd368748/id/15323495/?mfg_year_from=2018
CD368741,2025 MITSUBISHI CANTER 3T,CD368741,2025,"$43,910",,755,2990,,MT,,,,0,0,0,0,0,0,0,0,Yokohama,,https://www.beforward.jp/mitsubishi/canter/cd368741/id/15323488/?mfg_year_from=2018
CD368762,2020 TOYOTA HARRIER,CD368762,2020,"$19,670",,57940,2000,,AT,,,,0,0,0,0,0,0,0,0,Yokohama,,https://www.beforward.jp/toyota/harrier/cd368762/id/15323509/?mfg_year_from=2018
CD368731,2021 LEXUS UX 250HF,CD368731,2021,"$25,440",,22300,1980,,AT,,,,0,0,0,0,0,0,0,0,Kyushu,,https://www.beforward.jp/lexus/ux/cd368731/id/15323478/?mfg_year_from=2018
CD368714,2025 LEXUS RX 350F4WD,CD368714,2025,"$55,240",,5000,2390,,AT,,,,0,0,0,0,1,0,0,0,Kyushu,,https://www.beforward.jp/lexus/rx/cd368714/id/15323451/?mfg_year_from=2018
CD052922,2025 TESLA MODEL Y AWD,CD052922,2025,"$35,830",,17500,,,CVT,,,,0,0,0,0,1,0,0,0,Yokohama,,https://www.beforward.jp/tesla/model-y/cd052922/id/15004285/?mfg_year_from=2018
CD368651,2021 TOYOTA HIACE VAN,CD368651,2021,"$18,480",,36000,2800,,AT,,VAN,,0,0,0,0,0,0,0,0,Yokohama,,https://www.beforward.jp/toyota/hiace-van/cd368651/id/15323381/?mfg_year_from=2018
CD368677,2025 SUZUKI JIMNY NOMADE FC,CD368677,2025,"$21,460",,2900,1460,,AT,,,,0,0,0,0,0,0,0,0,Nagoya,,https://www.beforward.jp/suzuki/jimny-nomade/cd368677/id/15323414/?mfg_year_from=2018
CD368684,2022 LEXUS RX 300F,CD368684,2022,"$40,640",,30000,1990,,AT,,,,0,0,0,0,0,0,0,0,Yokohama,,https://www.beforward.jp/lexus/rx/cd368684/id/15323421/?mfg_year_from=2018
CD368685,2023 MERCEDES-BENZ EQC 4004AMG,CD368685,2023,"$29,010",,15066,,,CVT,,,,0,0,0,0,0,0,0,0,Yokohama,,https://www.beforward.jp/mercedes-benz/eqc/cd368685/id/15323422/?mfg_year_from=2018
CD368698,2024 TOYOTA RAV4 II,CD368698,2024,"$30,610",,10000,2480,,CVT,,,,0,0,0,0,0,0,0,0,Hokkaido,,https://www.beforward.jp/toyota/rav4/cd368698/id/15323435/?mfg_year_from=2018
CD368699,2021 MERCEDES-BENZ GLB- CLASS GLB200D4MATICAMG,CD368699,2021,"$30,680",,19000,1940,,AT,,,,0,0,0,0,0,0,0,0,Kyushu,,https://www.beforward.jp/mercedes-benz/glb-class/cd368699/id/15323436/?mfg_year_from=2018
CD200890,2023 HONDA ZR-V,CD200890,2023,"$19,240",,21193,2000,,AT,,,,0,0,0,0,0,0,0,0,Hokkaido,,https://www.beforward.jp/honda/zr-v/cd200890/id/15153942/?mfg_year_from=2018
CD193203,2020 AUDI Q8,CD193203,2020,"$25,970",,49368,3000,,AT,,,,0,0,0,0,0,0,0,0,Yokohama,,https://www.beforward.jp/audi/q8/cd193203/id/15146005/?mfg_year_from=2018
CC508936,2021 BMW X3,CC508936,2021,"$22,790",,28000,3000,,AT,,,,0,0,0,0,0,0,0,0,Yokohama,,https://www.beforward.jp/bmw/x3/cc508936/id/14529217/?mfg_year_from=2018
CD368097,2023 LEXUS NX,CD368097,2023,"$34,310",,16156,2500,,AT,,,,0,0,0,0,0,0,0,0,Nagoya,,https://www.beforward.jp/lexus/nx/cd368097/id/15322826/?mfg_year_from=2018
CD368098,2019 LEXUS NX,CD368098,2019,"$22,160",,21529,2000,,AT,,,,0,0,0,0,0,0,0,0,Hokkaido,,https://www.beforward.jp/lexus/nx/cd368098/id/15322827/?mfg_year_from=2018
CD368099,2023 NISSAN X-TRAIL,CD368099,2023,"$22,890",,56125,1500,,AT,,,,0,0,0,0,0,0,0,0,Hokkaido,,https://www.beforward.jp/nissan/x-trail/cd368099/id/15322828/?mfg_year_from=2018
CD368129,2023 TOYOTA LAND CRUISER PRADO,CD368129,2023,"$29,380",,28000,2700,,AT,,,,0,0,0,0,0,0,0,0,Osaka,,https://www.beforward.jp/toyota/land-cruiser-prado/cd368129/id/15322858/?mfg_year_from=2018
CD368116,2021 BMW X3,CD368116,2021,"$18,080",,54559,2000,,AT,,,,0,0,0,0,0,0,0,0,Nagoya,,https://www.beforward.jp/bmw/x3/cd368116/id/15322845/?mfg_year_from=2018
CD368117,2019 JEEP CHEROKEE,CD368117,2019,"$15,430",,18273,2000,,AT,,,,0,0,0,0,0,0,0,0,Yokohama,,https://www.beforward.jp/jeep/cherokee/cd368117/id/15322846/?mfg_year_from=2018
CD368130,2019 TOYOTA RAV4,CD368130,2019,"$16,990",,58950,2000,,AT,,,,0,0,0,0,0,0,0,0,Niigata,,https://www.beforward.jp/toyota/rav4/cd368130/id/15322859/?mfg_year_from=2018
CD368131,2021 TOYOTA HARRIER HYBRID,CD368131,2021,"$22,570",,38653,2500,HYBRID,AT,,,,0,0,0,0,0,0,0,0,Yokohama,,https://www.beforward.jp/toyota/harrier-hybrid/cd368131/id/15322860/?mfg_year_from=2018
CD368132,2021 TOYOTA HARRIER,CD368132,2021,"$19,870",,43717,2000,,AT,,,,0,0,0,0,0,0,0,0,Yokohama,,https://www.beforward.jp/toyota/harrier/cd368132/id/15322861/?mfg_year_from=2018
CD368166,2022 TOYOTA LAND CRUISER PRADO,CD368166,2022,"$32,460",,36496,2800,,AT,,,,0,0,0,0,0,0,0,0,Yokohama,,https://www.beforward.jp/toyota/land-cruiser-prado/cd368166/id/15322895/?mfg_year_from=2018
CD368170,2025 TOYOTA LAND CRUISER,CD368170,2025,"$47,690",,1983,2800,,AT,,,,0,0,0,0,0,0,0,0,Osaka,,https://www.beforward.jp/toyota/land-cruiser/cd368170/id/15322899/?mfg_year_from=2018
CD368148,2021 VOLKSWAGEN T-CROSS,CD368148,2021,"$12,390",,54296,1000,,AT,,,,0,0,0,0,0,0,0,0,Kobe,,https://www.beforward.jp/volkswagen/t-cross/cd368148/id/15322877/?mfg_year_from=2018
CD368149,2020 LEXUS RX,CD368149,2020,"$22,190",,132109,2000,,AT,,,,0,0,0,0,0,0,0,0,Kyushu,,https://www.beforward.jp/lexus/rx/cd368149/id/15322878/?mfg_year_from=2018
CD368160,2019 BMW X2,CD368160,2019,"$11,130",,26432,2000,,AT,,,,0,0,0,0,0,0,0,0,Niigata,,https://www.beforward.jp/bmw/x2/cd368160/id/15322889/?mfg_year_from=2018
CD368183,2020 TOYOTA RAIZE,CD368183,2020,"$11,260",,54408,1000,,AT,,,,0,0,0,0,0,0,0,0,Kyushu,,https://www.beforward.jp/toyota/raize/cd368183/id/15322912/?mfg_year_from=2018
CD368197,2021 TOYOTA LAND CRUISER PRADO,CD368197,2021,"$25,400",,71356,2700,,AT,,,,0,0,0,0,0,0,0,0,Kyushu,,https://www.beforward.jp/toyota/land-cruiser-prado/cd368197/id/15322926/?mfg_year_from=2018
CD368200,2022 TOYOTA HIACE VAN,CD368200,2022,"$18,220",,6204,2000,,AT,,VAN,,0,0,0,0,0,0,0,0,Nagoya,,https://www.beforward.jp/toyota/hiace-van/cd368200/id/15322929/?mfg_year_from=2018
CD368192,2023 MAZDA CX-5,CD368192,2023,"$15,830",,19640,2200,,AT,,,,0,0,0,0,0,0,0,0,Osaka,,https://www.beforward.jp/mazda/cx-5/cd368192/id/15322921/?mfg_year_from=2018
CD368205,2021 JEEP RENEGADE,CD368205,2021,"$14,310",,35315,1300,,AT,,,,0,0,0,0,0,0,0,0,Kobe,,https://www.beforward.jp/jeep/renegade/cd368205/id/15322934/?mfg_year_from=2018
CD368215,2021 JEEP WRANGLER,CD368215,2021,"$26,230",,56000,3600,,AT,,,,0,0,0,0,0,0,0,0,Kyushu,,https://www.beforward.jp/jeep/wrangler/cd368215/id/15322944/?mfg_year_from=2018
CD368216,2021 JEEP COMPASS,CD368216,2021,"$18,420",,45217,2400,,AT,,,,0,0,0,0,0,0,0,0,Kyushu,,https://www.beforward.jp/jeep/compass/cd368216/id/15322945/?mfg_year_from=2018
CD368238,2023 DAIHATSU TAFT,CD368238,2023,"$10,530",,21025,660,,AT,,,,0,0,0,0,0,0,0,0,Yokohama,,https://www.beforward.jp/daihatsu/taft/cd368238/id/15322967/?mfg_year_from=2018
CD368245,2021 TOYOTA HARRIER,CD368245,2021,"$23,170",,50000,2000,,AT,,,,0,0,0,0,0,0,0,0,Kyushu,,https://www.beforward.jp/toyota/harrier/cd368245/id/15322974/?mfg_year_from=2018
CD368256,2019 VOLVO XC60,CD368256,2019,"$20,530",,58728,2000,,AT,,,,0,0,0,0,0,0,0,0,Yokohama,,https://www.beforward.jp/volvo/xc60/cd368256/id/15322985/?mfg_year_from=2018
CD368258,2022 MITSUBISHI OUTLANDER PHEV,CD368258,2022,"$23,850",,35842,2400,,AT,,,,0,0,0,0,0,0,0,0,Kyushu,,https://www.beforward.jp/mitsubishi/outlander-phev/cd368258/id/15322987/?mfg_year_from=2018
CD368265,2021 TOYOTA HARRIER HYBRID,CD368265,2021,"$18,350",,126037,2500,HYBRID,AT,,,,0,0,0,0,0,0,0,0,Yokohama,,https://www.beforward.jp/toyota/harrier-hybrid/cd368265/id/15322994/?mfg_year_from=2018
CD368271,2018 LEXUS RX,CD368271,2018,"$20,300",,113775,3500,,AT,,,,0,0,0,0,0,0,0,0,Niigata,,https://www.beforward.jp/lexus/rx/cd368271/id/15323000/?mfg_year_from=2018
CD368288,2021 TOYOTA LAND CRUISER PRADO,CD368288,2021,"$26,350",,96243,2800,,AT,,,,0,0,0,0,0,0,0,0,Toyama,,https://www.beforward.jp/toyota/land-cruiser-prado/cd368288/id/15323017/?mfg_year_from=2018
CD368274,2022 MITSUBISHI OUTLANDER PHEV,CD368274,2022,"$23,320",,27773,2400,,AT,,,,0,0,0,0,0,0,0,0,Kyushu,,https://www.beforward.jp/mitsubishi/outlander-phev/cd368274/id/15323003/?mfg_year_from=2018
CD368281,2023 HONDA VEZEL,CD368281,2023,"$16,560",,13046,1500,,AT,,,,0,0,0,0,0,0,0,0,Yokohama,,https://www.beforward.jp/honda/vezel/cd368281/id/15323010/?mfg_year_from=2018
CD368298,2021 TOYOTA HARRIER,CD368298,2021,"$20,730",,21765,2000,,AT,,,,0,0,0,0,0,0,0,0,Nagoya,,https://www.beforward.jp/toyota/harrier/cd368298/id/15323027/?mfg_year_from=2018
CD368310,2021 DAIHATSU ROCKY,CD368310,2021,"$10,070",,18528,1000,,AT,,,,0,0,0,0,0,0,0,0,Toyama,,https://www.beforward.jp/daihatsu/rocky/cd368310/id/15323039/?mfg_year_from=2018
CD368311,2024 DAIHATSU TAFT,CD368311,2024,"$10,070",,3371,660,,AT,,,,0,0,0,0,0,0,0,0,Kobe,,https://www.beforward.jp/daihatsu/taft/cd368311/id/15323040/?mfg_year_from=2018
CD368319,2021 MERCEDES-BENZ GLA-CLASS,CD368319,2021,"$22,250",,33560,1900,,AT,,,,0,0,0,0,0,0,0,0,Yokohama,,https://www.beforward.jp/mercedes-benz/gla-class/cd368319/id/15323048/?mfg_year_from=2018
CD368326,2020 MAZDA CX-30,CD368326,2020,"$9,590",,49407,2000,,AT,,,,0,0,0,0,0,0,0,0,Kyushu,,https://www.beforward.jp/mazda/cx-30/cd368326/id/15323055/?mfg_year_from=2018
CD368327,2018 SUBARU IMPREZA XV,CD368327,2018,"$7,420",,104615,1600,,AT,,,,0,0,0,0,0,0,0,0,Kyushu,,https://www.beforward.jp/subaru/impreza-xv/cd368327/id/15323056/?mfg_year_from=2018
CD368353,2021 TOYOTA HARRIER,CD368353,2021,"$17,750",,25701,2000,,AT,,,,0,0,0,0,0,0,0,0,Yokohama,,https://www.beforward.jp/toyota/harrier/cd368353/id/15323082/?mfg_year_from=2018
CD368355,2025 TOYOTA YARIS CROSS,CD368355,2025,"$17,550",,9125,1500,,AT,,,,0,0,0,0,0,0,0,0,Nagoya,,https://www.beforward.jp/toyota/yaris-cross/cd368355/id/15323084/?mfg_year_from=2018
CD368334,2018 TOYOTA ROOMY,CD368334,2018,"$4,380",,111071,1000,,AT,,,,0,0,0,0,0,0,0,0,Kyushu,,https://www.beforward.jp/toyota/roomy/cd368334/id/15323063/?mfg_year_from=2018
CD368374,2019 SUZUKI X BEE,CD368374,2019,"$9,670",,53668,1000,,AT,,,,0,0,0,0,0,0,0,0,Osaka,,https://www.beforward.jp/suzuki/x-bee/cd368374/id/15323103/?mfg_year_from=2018
CD368388,2018 SUBARU XV HYBRID,CD368388,2018,"$12,070",,39176,2000,HYBRID,AT,,,,0,0,0,0,0,0,0,0,Yokohama,,https://www.beforward.jp/subaru/xv-hybrid/cd368388/id/15323117/?mfg_year_from=2018
CD368389,2024 LEXUS LBX,CD368389,2024,"$28,060",,8276,1500,,AT,,,,0,0,0,0,0,0,0,0,Osaka,,https://www.beforward.jp/lexus/lbx/cd368389/id/15323118/?mfg_year_from=2018
CD368362,2018 HONDA ODYSSEY,CD368362,2018,"$16,400",,50169,2000,,AT,,,,0,0,0,0,0,0,0,0,Nagoya,,https://www.beforward.jp/honda/odyssey/cd368362/id/15323091/?mfg_year_from=2018
CD368363,2022 HONDA ODYSSEY,CD368363,2022,"$24,280",,35900,2000,,AT,,,,0,0,0,0,0,0,0,0,Osaka,,https://www.beforward.jp/honda/odyssey/cd368363/id/15323092/?mfg_year_from=2018
CD368369,2021 TOYOTA ALPHARD HYBRID,CD368369,2021,"$22,950",,82601,2500,HYBRID,AT,,,,0,0,0,0,0,0,0,0,Hokkaido,,https://www.beforward.jp/toyota/alphard-hybrid/cd368369/id/15323098/?mfg_year_from=2018
CD368404,2020 DAIHATSU TAFT,CD368404,2020,"$9,310",,41922,660,,AT,,,,0,0,0,0,0,0,0,0,Yokohama,,https://www.beforward.jp/daihatsu/taft/cd368404/id/15323133/?mfg_year_from=2018
CD368405,2025 HONDA ZR-V,CD368405,2025,"$22,260",,1003,2000,,AT,,,,0,0,0,0,0,0,0,0,Yokohama,,https://www.beforward.jp/honda/zr-v/cd368405/id/15323134/?mfg_year_from=2018
CD368415,2021 TOYOTA YARIS CROSS,CD368415,2021,"$15,700",,47000,1500,,AT,,,,0,0,0,0,0,0,0,0,Kobe,,https://www.beforward.jp/toyota/yaris-cross/cd368415/id/15323144/?mfg_year_from=2018
CD368394,2019 TOYOTA PRIUS,CD368394,2019,"$14,540",,27329,1800,,AT,,,,0,0,0,0,0,0,0,0,Kobe,,https://www.beforward.jp/toyota/prius/cd368394/id/15323123/?mfg_year_from=2018
CD368399,2021 HONDA FREED,CD368399,2021,"$13,150",,22717,1500,,AT,,,,0,0,0,0,0,0,0,0,Nagoya,,https://www.beforward.jp/honda/freed/cd368399/id/15323128/?mfg_year_from=2018
CD368401,2020 TOYOTA ALPHARD,CD368401,2020,"$21,560",,32442,2500,,AT,,,,0,0,0,0,0,0,0,0,Kyushu,,https://www.beforward.jp/toyota/alphard/cd368401/id/15323130/?mfg_year_from=2018
CD368419,2020 DAIHATSU TAFT,CD368419,2020,"$8,710",,44042,660,,AT,,,,0,0,0,0,0,0,0,0,Nagoya,,https://www.beforward.jp/daihatsu/taft/cd368419/id/15323148/?mfg_year_from=2018
CD368421,2019 TOYOTA RAV4,CD368421,2019,"$17,490",,26459,2000,,AT,,,,0,0,0,0,0,0,0,0,Kyushu,,https://www.beforward.jp/toyota/rav4/cd368421/id/15323150/?mfg_year_from=2018
CD368470,2020 HONDA VEZEL,CD368470,2020,"$12,820",,30684,1500,,AT,,,,0,0,0,0,0,0,0,0,Toyama,,https://www.beforward.jp/honda/vezel/cd368470/id/15323199/?mfg_year_from=2018
CD368429,2018 NISSAN TEANA,CD368429,2018,"$5,300",,25651,2500,,AT,,,,0,0,0,0,0,0,0,0,Nagoya,,https://www.beforward.jp/nissan/teana/cd368429/id/15323158/?mfg_year_from=2018
CD368431,2021 NISSAN NOTE,CD368431,2021,"$8,950",,50374,1200,,AT,,,,0,0,0,0,0,0,0,0,Nagoya,,https://www.beforward.jp/nissan/note/cd368431/id/15323160/?mfg_year_from=2018
CD368433,2024 SUZUKI SOLIO,CD368433,2024,"$10,570",,9927,1200,,AT,,,,0,0,0,0,0,0,0,0,Nagoya,,https://www.beforward.jp/suzuki/solio/cd368433/id/15323162/?mfg_year_from=2018
CD368490,2021 TOYOTA LAND CRUISER PRADO,CD368490,2021,"$26,400",,86487,2800,,AT,,,,0,0,0,0,0,0,0,0,Yokohama,,https://www.beforward.jp/toyota/land-cruiser-prado/cd368490/id/15323219/?mfg_year_from=2018
CD368476,2020 BMW X2,CD368476,2020,"$13,910",,35455,2000,,AT,,,,0,0,0,0,0,0,0,0,Nagoya,,https://www.beforward.jp/bmw/x2/cd368476/id/15323205/?mfg_year_from=2018
CD368479,2021 JEEP WRANGLER,CD368479,2021,"$25,500",,28508,3600,,AT,,,,0,0,0,0,0,0,0,0,Yokohama,,https://www.beforward.jp/jeep/wrangler/cd368479/id/15323208/?mfg_year_from=2018
CD368481,2021 HONDA VEZEL,CD368481,2021,"$15,140",,36643,1500,,AT,,,,0,0,0,0,0,0,0,0,Kobe,,https://www.beforward.jp/honda/vezel/cd368481/id/15323210/?mfg_year_from=2018
CD368492,2022 JEEP GRAND CHEROKEE,CD368492,2022,"$33,220",,27910,3600,,AT,,,,0,0,0,0,0,0,0,0,Niigata,,https://www.beforward.jp/jeep/grand-cherokee/cd368492/id/15323221/?mfg_year_from=2018
CD368494,2021 TOYOTA YARIS CROSS,CD368494,2021,"$13,020",,78961,1500,,AT,,,,0,0,0,0,0,0,0,0,Kyushu,,https://www.beforward.jp/toyota/yaris-cross/cd368494/id/15323223/?mfg_year_from=2018
CD368505,2021 TOYOTA YARIS CROSS,CD368505,2021,"$11,130",,85917,1500,,AT,,,,0,0,0,0,0,0,0,0,Yokohama,,https://www.beforward.jp/toyota/yaris-cross/cd368505/id/15323234/?mfg_year_from=2018
CD368516,2019 JEEP RENEGADE,CD368516,2019,"$7,950",,94716,1300,,AT,,,,0,0,0,0,0,0,0,0,Yokohama,,https://www.beforward.jp/jeep/renegade/cd368516/id/15323245/?mfg_year_from=2018
CD368520,2021 TOYOTA YARIS CROSS,CD368520,2021,"$14,240",,43677,1500,,AT,,,,0,0,0,0,0,0,0,0,Yokohama,,https://www.beforward.jp/toyota/yaris-cross/cd368520/id/15323249/?mfg_year_from=2018
CD368538,2022 SUBARU FORESTER,CD368538,2022,"$26,500",,14202,2000,,AT,,,,0,0,0,0,0,0,0,0,Yokohama,,https://www.beforward.jp/subaru/forester/cd368538/id/15323267/?mfg_year_from=2018
CD368545,2022 DAIHATSU TAFT,CD368545,2022,"$8,940",,11811,660,,AT,,,,0,0,0,0,0,0,0,0,Kobe,,https://www.beforward.jp/daihatsu/taft/cd368545/id/15323274/?mfg_year_from=2018
CD368551,2020 TOYOTA RAIZE,CD368551,2020,"$9,810",,68889,1000,,AT,,,,0,0,0,0,0,0,0,0,Yokohama,,https://www.beforward.jp/toyota/raize/cd368551/id/15323280/?mfg_year_from=2018
CD368554,2021 TOYOTA RAV4,CD368554,2021,"$17,090",,93764,2500,,AT,,,,0,0,0,0,0,0,0,0,Kyushu,,https://www.beforward.jp/toyota/rav4/cd368554/id/15323283/?mfg_year_from=2018
CD368560,2023 SUZUKI JIMNY SIERRA,CD368560,2023,"$19,210",,2185,1500,,AT,,,,0,0,0,0,0,0,0,0,Osaka,,https://www.beforward.jp/suzuki/jimny-sierra/cd368560/id/15323289/?mfg_year_from=2018
CD368565,2023 MAZDA CX-3,CD368565,2023,"$16,560",,17040,1500,,AT,,,,0,0,0,0,0,0,0,0,Yokohama,,https://www.beforward.jp/mazda/cx-3/cd368565/id/15323294/?mfg_year_from=2018
CD368567,2026 TOYOTA RAIZE,CD368567,2026,"$19,870",,36,1200,,AT,,,,0,0,0,0,0,0,0,0,Kobe,,https://www.beforward.jp/toyota/raize/cd368567/id/15323296/?mfg_year_from=2018
CD368570,2021 JEEP WRANGLER,CD368570,2021,"$27,820",,14062,3600,,AT,,,,0,0,0,0,0,0,0,0,Kyushu,,https://www.beforward.jp/jeep/wrangler/cd368570/id/15323299/?mfg_year_from=2018
CD368571,2023 VOLKSWAGEN T-ROC,CD368571,2023,"$17,750",,5689,2000,,AT,,,,0,0,0,0,0,0,0,0,Yokohama,,https://www.beforward.jp/volkswagen/t-roc/cd368571/id/15323300/?mfg_year_from=2018
CD368594,2023 SUZUKI JIMNY SIERRA,CD368594,2023,"$19,870",,23649,1500,,AT,,,,0,0,0,0,0,0,0,0,Yokohama,,https://www.beforward.jp/suzuki/jimny-sierra/cd368594/id/15323323/?mfg_year_from=2018
CD368595,2021 SUZUKI ESCUDO,CD368595,2021,"$19,210",,38317,1400,,AT,,,,0,0,0,0,0,0,0,0,Toyama,,https://www.beforward.jp/suzuki/escudo/cd368595/id/15323324/?mfg_year_from=2018
CD368596,2020 SUZUKI X BEE,CD368596,2020,"$9,610",,76175,1000,,AT,,,,0,0,0,0,0,0,0,0,Yokohama,,https://www.beforward.jp/suzuki/x-bee/cd368596/id/15323325/?mfg_year_from=2018
CD368598,2021 MAZDA CX-5,CD368598,2021,"$11,990",,67000,2000,,AT,,,,0,0,0,0,0,0,0,0,Toyama,,https://www.beforward.jp/mazda/cx-5/cd368598/id/15323327/?mfg_year_from=2018
CD368601,2021 HONDA VEZEL,CD368601,2021,"$14,610",,69672,1500,,AT,,,,0,0,0,0,0,0,0,0,Toyama,,https://www.beforward.jp/honda/vezel/cd368601/id/15323330/?mfg_year_from=2018
CD368611,2025 TOYOTA RAIZE,CD368611,2025,"$18,550",,3864,1200,,AT,,,,0,0,0,0,0,0,0,0,Kyushu,,https://www.beforward.jp/toyota/raize/cd368611/id/15323340/?mfg_year_from=2018
CD368007,2020 TOYOTA LAND CRUISER PRADO 2.7TXL4WD,CD368007,2020,"$30,400",,55000,2690,,AT,,,,0,0,0,0,1,0,0,0,Kyushu,,https://www.beforward.jp/toyota/land-cruiser-prado/cd368007/id/15322731/?mfg_year_from=2018
CD367989,2019 TOYOTA HILUX 2.4 E REVO DOUBLE CAB,CD367989,2019,"$21,100",,67600,2393,,AT,,,,0,0,0,0,0,0,0,0,Thailand,,https://www.beforward.jp/toyota/hilux/cd367989/id/15322713/?mfg_year_from=2018
CD367950,2025 TOYOTA LAND CRUISER,CD367950,2025,"$36,430",,2576,2700,,AT,,,,0,0,0,0,0,0,0,0,Nagoya,,https://www.beforward.jp/toyota/land-cruiser/cd367950/id/15322674/?mfg_year_from=2018
CD368020,2021 SUZUKI JIMNY SIERRA 1.5JC4WD,CD368020,2021,"$21,060",,29000,1500,,AT,,,,0,0,0,0,1,0,0,0,Nagoya,,https://www.beforward.jp/suzuki/jimny-sierra/cd368020/id/15322744/?mfg_year_from=2018
CD367976,2026 SUZUKI JIMNY NOMADE 1.5FC4WD,CD367976,2026,"$21,130",,50,1460,,AT,,,,0,0,0,0,1,0,0,0,Hokkaido,,https://www.beforward.jp/suzuki/jimny-nomade/cd367976/id/15322700/?mfg_year_from=2018
CD367977,2026 SUZUKI JIMNY NOMADE 1.5FC4WD,CD367977,2026,"$21,130",,50,1460,,AT,,,,0,0,0,0,1,0,0,0,Hokkaido,,https://www.beforward.jp/suzuki/jimny-nomade/cd367977/id/15322701/?mfg_year_from=2018
CD367893,2025 TOYOTA HIACE VAN 2.8GLS,CD367893,2025,"$30,140",,100,2750,,AT,,VAN,,0,0,0,0,0,0,0,0,Osaka,,https://www.beforward.jp/toyota/hiace-van/cd367893/id/15322617/?mfg_year_from=2018
CD367930,2025 SUZUKI JIMNY NOMADE 1.5FC4WD,CD367930,2025,"$21,790",,50,1460,,AT,,,,0,0,0,0,1,0,0,0,Yokohama,,https://www.beforward.jp/suzuki/jimny-nomade/cd367930/id/15322654/?mfg_year_from=2018
CC097786,2020 BMW X1,CC097786,2020,"$12,320",,86992,2000,,AT,,,,0,0,0,0,0,0,0,0,Osaka,,https://www.beforward.jp/bmw/x1/cc097786/id/14114486/?mfg_year_from=2018
CD367907,2025 LEXUS RX,CD367907,2025,"$53,650",,2202,2400,,AT,,,,0,0,0,0,0,0,0,0,Nagoya,,https://www.beforward.jp/lexus/rx/cd367907/id/15322631/?mfg_year_from=2018
CD367878,2019 TOYOTA C-HR,CD367878,2019,"$11,650",,61026,1800,,CVT,,,,0,0,0,0,0,0,0,0,Nagoya,,https://www.beforward.jp/toyota/c-hr/cd367878/id/15322602/?mfg_year_from=2018
CD367865,2026 TOYOTA COROLLA CROSS,CD367865,2026,"$132,460",,8,2000,,CVT,,,,0,0,0,0,0,0,0,0,Nagoya,,https://www.beforward.jp/toyota/corolla-cross/cd367865/id/15322588/?mfg_year_from=2018
CD367867,2026 TOYOTA COROLLA CROSS,CD367867,2026,"$132,460",,5,1800,,CVT,,,,0,0,0,0,0,0,0,0,Nagoya,,https://www.beforward.jp/toyota/corolla-cross/cd367867/id/15322590/?mfg_year_from=2018
CD367868,2026 TOYOTA COROLLA CROSS,CD367868,2026,"$132,460",,5,1800,,CVT,,,,0,0,0,0,0,0,0,0,Nagoya,,https://www.beforward.jp/toyota/corolla-cross/cd367868/id/15322591/?mfg_year_from=2018
CD367869,2026 SUZUKI JIMNY NOMADE,CD367869,2026,"$132,460",,25,1500,,AT,,,,0,0,0,0,0,0,0,0,Nagoya,,https://www.beforward.jp/suzuki/jimny-nomade/cd367869/id/15322592/?mfg_year_from=2018
CD367870,2026 TOYOTA COROLLA CROSS,CD367870,2026,"$132,460",,5,2000,,CVT,,,,0,0,0,0,0,0,0,0,Nagoya,,https://www.beforward.jp/toyota/corolla-cross/cd367870/id/15322593/?mfg_year_from=2018
CD367850,2020 LEXUS NX,CD367850,2020,"$23,970",,31286,2500,,CVT,,,,0,0,0,0,0,0,0,0,Yokohama,,https://www.beforward.jp/lexus/nx/cd367850/id/15322571/?mfg_year_from=2018
CD367833,2022 LAND ROVER DEFENDER,CD367833,2022,"$55,440",,36500,3000,,AT,,,,0,0,0,0,0,0,0,0,Yokohama,,https://www.beforward.jp/land-rover/defender/cd367833/id/15322554/?mfg_year_from=2018
CD367774,2021 TOYOTA LAND CRUISER,CD367774,2021,"$65,900",,44907,3300,,AT,,,,0,0,0,0,0,0,0,0,Hokkaido,,https://www.beforward.jp/toyota/land-cruiser/cd367774/id/15322492/?mfg_year_from=2018
CD367827,2026 TOYOTA COROLLA CROSS,CD367827,2026,"$32,450",,2885,1800,,CVT,,,,0,0,0,0,0,0,0,0,Yokohama,,https://www.beforward.jp/toyota/corolla-cross/cd367827/id/15322548/?mfg_year_from=2018
CD367811,2022 TOYOTA RAIZE,CD367811,2022,"$11,300",,32501,1200,,CVT,,,,0,0,0,0,0,0,0,0,Osaka,,https://www.beforward.jp/toyota/raize/cd367811/id/15322532/?mfg_year_from=2018
CD367786,2021 SUZUKI JIMNY SIERRA,CD367786,2021,"$15,770",,38000,1500,,AT,,,,0,0,0,0,0,0,0,0,Hokkaido,,https://www.beforward.jp/suzuki/jimny-sierra/cd367786/id/15322507/?mfg_year_from=2018
CD367810,2023 TOYOTA AQUA,CD367810,2023,"$12,460",,43351,1500,,CVT,,,,0,0,0,0,0,0,0,0,Osaka,,https://www.beforward.jp/toyota/aqua/cd367810/id/15322531/?mfg_year_from=2018
CD367813,2020 DAIHATSU HIJET CARGO,CD367813,2020,"$4,040",,117000,660,,MT,,,,0,0,0,0,0,0,0,0,Kyushu,,https://www.beforward.jp/daihatsu/hijet-cargo/cd367813/id/15322534/?mfg_year_from=2018
CD367745,2026 SUZUKI JIMNY NOMADE,CD367745,2026,"$18,880",,80,1500,,AT,,,,0,0,0,0,0,0,0,0,Osaka,,https://www.beforward.jp/suzuki/jimny-nomade/cd367745/id/15322463/?mfg_year_from=2018
CD367718,2021 HONDA VEZEL,CD367718,2021,"$17,880",,48649,1500,,CVT,,,,0,0,0,0,0,0,0,0,Kobe,,https://www.beforward.jp/honda/vezel/cd367718/id/15322435/?mfg_year_from=2018
CD367725,2022 TOYOTA HARRIER,CD367725,2022,"$22,420",,18550,2000,,CVT,,,,0,0,0,0,0,0,0,0,Kobe,,https://www.beforward.jp/toyota/harrier/cd367725/id/15322442/?mfg_year_from=2018
CD367727,2026 SUZUKI JIMNY NOMADE,CD367727,2026,"$25,530",,37,1500,,AT,,,,0,0,0,0,0,0,0,0,Osaka,,https://www.beforward.jp/suzuki/jimny-nomade/cd367727/id/15322444/?mfg_year_from=2018
CD367730,2024 SUBARU LEVORG,CD367730,2024,"$23,730",,12453,1800,,CVT,,,,0,0,0,0,0,0,0,0,Osaka,,https://www.beforward.jp/subaru/levorg/cd367730/id/15322447/?mfg_year_from=2018
CD367731,2022 DAIHATSU ROCKY,CD367731,2022,"$11,860",,36218,1200,,CVT,,,,0,0,0,0,0,0,0,0,Osaka,,https://www.beforward.jp/daihatsu/rocky/cd367731/id/15322448/?mfg_year_from=2018
CD367688,2024 TOYOTA CROWN SPORT,CD367688,2024,"$31,790",,10435,2500,,CVT,,,,0,0,0,0,0,0,0,0,Osaka,,https://www.beforward.jp/toyota/crown-sport/cd367688/id/15322403/?mfg_year_from=2018
CD367689,2025 TOYOTA CROWN SPORT,CD367689,2025,"$28,220",,4675,2500,,CVT,,,,0,0,0,0,0,0,0,0,Osaka,,https://www.beforward.jp/toyota/crown-sport/cd367689/id/15322404/?mfg_year_from=2018
CD367690,2024 TOYOTA CROWN SPORT,CD367690,2024,"$32,460",,8375,2500,,CVT,,,,0,0,0,0,0,0,0,0,Osaka,,https://www.beforward.jp/toyota/crown-sport/cd367690/id/15322405/?mfg_year_from=2018
CD367691,2024 TOYOTA CROWN SPORT,CD367691,2024,"$27,620",,23790,2500,,CVT,,,,0,0,0,0,0,0,0,0,Osaka,,https://www.beforward.jp/toyota/crown-sport/cd367691/id/15322406/?mfg_year_from=2018
CD367703,2020 TOYOTA RAV4,CD367703,2020,"$20,320",,29465,2000,,CVT,,,,0,0,0,0,0,0,0,0,Yokohama,,https://www.beforward.jp/toyota/rav4/cd367703/id/15322418/?mfg_year_from=2018
CD367704,2020 TOYOTA RAV4,CD367704,2020,"$18,670",,41219,2000,,CVT,,,,0,0,0,0,0,0,0,0,Yokohama,,https://www.beforward.jp/toyota/rav4/cd367704/id/15322419/?mfg_year_from=2018
CD366865,2023 TOYOTA HIACE VAN,CD366865,2023,"$26,150",,54000,2800,,AT,,VAN,,0,0,0,0,0,0,0,0,Kobe,,https://www.beforward.jp/toyota/hiace-van/cd366865/id/15321571/?mfg_year_from=2018
CD366837,2023 TOYOTA HILUX 2.4 E REVO SMART CAB,CD366837,2023,"$17,490",,45800,2393,,MT,,,,0,0,0,0,0,0,0,0,Thailand,,https://www.beforward.jp/toyota/hilux/cd366837/id/15321543/?mfg_year_from=2018
CD366594,2019 TOYOTA HILUX 2.4 REVO ROCCO DOUBLE CAB,CD366594,2019,"$25,660",,115900,2393,,AT,,,,0,0,0,0,0,0,0,0,Thailand,,https://www.beforward.jp/toyota/hilux/cd366594/id/15321300/?mfg_year_from=2018
CD366539,2020 TOYOTA HILUX 2.4 E REVO CAB,CD366539,2020,"$19,400",,42000,2393,,AT,,,,0,0,0,0,0,0,0,0,Thailand,,https://www.beforward.jp/toyota/hilux/cd366539/id/15321244/?mfg_year_from=2018
CD366947,2018 FORD RANGER 2.2 XL PLUS SMART CAB,CD366947,2018,"$12,720",,62500,2198,,MT,,,,0,0,0,0,0,0,0,0,Thailand,,https://www.beforward.jp/ford/ranger/cd366947/id/15321656/?mfg_year_from=2018
CD366811,2019 TOYOTA FORTUNER 2.8 V FORTUNER,CD366811,2019,"$31,270",,62500,2755,,AT,,,,0,0,0,0,0,0,0,0,Thailand,,https://www.beforward.jp/toyota/fortuner/cd366811/id/15321517/?mfg_year_from=2018
CD366487,2021 TOYOTA HILUX 2.8 J REVO SINGLE CAB,CD366487,2021,"$20,340",,45260,2755,,MT,,,,0,0,0,0,0,0,0,0,Thailand,,https://www.beforward.jp/toyota/hilux/cd366487/id/15321192/?mfg_year_from=2018
CD366453,2019 TOYOTA HILUX 2.4 E REVO SMART CAB,CD366453,2019,"$14,840",,46260,2393,,MT,,,,0,0,0,0,0,0,0,0,Thailand,,https://www.beforward.jp/toyota/hilux/cd366453/id/15321158/?mfg_year_from=2018
CD366354,2021 TOYOTA HILUX 2.4 E REVO SMART CAB,CD366354,2021,"$17,810",,111400,2393,,AT,,,,0,0,0,0,0,0,0,0,Thailand,,https://www.beforward.jp/toyota/hilux/cd366354/id/15321058/?mfg_year_from=2018
CD366221,2019 TOYOTA HILUX 2.4 E REVO SMART CAB,CD366221,2019,"$15,210",,62000,2393,,AT,,,,0,0,0,0,0,0,0,0,Thailand,,https://www.beforward.jp/toyota/hilux/cd366221/id/15320925/?mfg_year_from=2018
CD366134,2019 TOYOTA HILUX 2.4 E REVO DOUBLE CAB,CD366134,2019,"$20,840",,94000,2393,,AT,,,,0,0,0,0,0,0,0,0,Thailand,,https://www.beforward.jp/toyota/hilux/cd366134/id/15320838/?mfg_year_from=2018
CD366004,2021 TOYOTA HILUX 2.4 E REVO SMART CAB,CD366004,2021,"$17,070",,41220,2393,,MT,,,,0,0,0,0,0,0,0,0,Thailand,,https://www.beforward.jp/toyota/hilux/cd366004/id/15320708/?mfg_year_from=2018
CC462414,2020 PEUGEOT 3008,CC462414,2020,"$11,460",,76390,2000,,AT,,,,0,0,0,0,0,0,0,0,Yokohama,,https://www.beforward.jp/peugeot/3008/cc462414/id/14481761/?mfg_year_from=2018
CD365828,2020 NISSAN KICKS,CD365828,2020,"$9,600",,40981,1200,,CVT,,,,0,0,0,0,0,0,0,0,Yokohama,,https://www.beforward.jp/nissan/kicks/cd365828/id/15320532/?mfg_year_from=2018
CD316482,2019 MERCEDES-BENZ C-CLASS,CD316482,2019,"$15,440",,49658,1500,,AT,,,,0,0,0,0,0,0,0,0,Yokohama,,https://www.beforward.jp/mercedes-benz/c-class/cd316482/id/15270505/?mfg_year_from=2018
CD216296,2018 MERCEDES-BENZ C-CLASS,CD216296,2018,"$12,790",,72624,1500,,AT,,,,0,0,0,0,0,0,0,0,Yokohama,,https://www.beforward.jp/mercedes-benz/c-class/cd216296/id/15169413/?mfg_year_from=2018
CD165597,2021 AUDI A6,CD165597,2021,"$20,070",,69141,2000,,AT,,,,0,0,0,0,0,0,0,0,Yokohama,,https://www.beforward.jp/audi/a6/cd165597/id/15118574/?mfg_year_from=2018
CD116588,2019 MERCEDES-BENZ C-CLASS,CD116588,2019,"$14,110",,54030,1500,,AT,,,,0,0,0,0,0,0,0,0,Yokohama,,https://www.beforward.jp/mercedes-benz/c-class/cd116588/id/15068876/?mfg_year_from=2018
CD365793,2019 TOYOTA HILUX 2.4 E REVO DOUBLE CAB,CD365793,2019,"$21,200",,56100,2393,,AT,,,,0,0,0,0,0,0,0,0,Thailand,,https://www.beforward.jp/toyota/hilux/cd365793/id/15320497/?mfg_year_from=2018
CD365787,2018 TOYOTA HILUX 2.4 J REVO SINGLE CAB,CD365787,2018,"$11,900",,56000,2393,,MT,,,,0,0,0,0,0,0,0,0,Thailand,,https://www.beforward.jp/toyota/hilux/cd365787/id/15320491/?mfg_year_from=2018
CD365776,2019 TOYOTA HILUX 2.4 E REVO DOUBLE CAB,CD365776,2019,"$16,700",,61800,2393,,AT,,,,0,0,0,0,0,0,0,0,Thailand,,https://www.beforward.jp/toyota/hilux/cd365776/id/15320480/?mfg_year_from=2018
CD365764,2023 TOYOTA HILUX 2.4 J REVO SMART CAB,CD365764,2023,"$20,010",,45000,2393,,MT,,,,0,0,0,0,0,0,0,0,Thailand,,https://www.beforward.jp/toyota/hilux/cd365764/id/15320468/?mfg_year_from=2018
CD365720,2021 TOYOTA HILUX 2.4 E REVO SMART CAB,CD365720,2021,"$15,760",,156000,2393,,AT,,,,0,0,0,0,0,0,0,0,Thailand,,https://www.beforward.jp/toyota/hilux/cd365720/id/15320424/?mfg_year_from=2018
CD365676,2024 TOYOTA HILUX 2.4 E REVO DOUBLE CAB,CD365676,2024,"$27,030",,7000,2393,,AT,,,,0,0,0,0,0,0,0,0,Thailand,,https://www.beforward.jp/toyota/hilux/cd365676/id/15320380/?mfg_year_from=2018
CD365558,2019 TOYOTA HIACE VAN,CD365558,2019,"$19,140",,78121,2800,,AT,,VAN,,0,0,0,0,0,0,0,0,Nagoya,,https://www.beforward.jp/toyota/hiace-van/cd365558/id/15320260/?mfg_year_from=2018
CC483716,2023 MAZDA CX-8,CC483716,2023,"$20,720",,56240,2200,,AT,,,,0,0,0,0,0,0,0,0,Osaka,,https://www.beforward.jp/mazda/cx-8/cc483716/id/14502329/?mfg_year_from=2018
CC555695,2024 LEXUS NX,CC555695,2024,"$33,370",,8620,2500,,AT,,,,0,0,0,0,0,0,0,0,Osaka,,https://www.beforward.jp/lexus/nx/cc555695/id/14575241/?mfg_year_from=2018
CC563890,2020 MAZDA CX-8,CC563890,2020,"$16,420",,21250,2500,,AT,,,,0,0,0,0,0,0,0,0,Osaka,,https://www.beforward.jp/mazda/cx-8/cc563890/id/14583478/?mfg_year_from=2018
CB549328,2024 TOYOTA CROWN CROSSOVER,CB549328,2024,"$27,410",,13620,2400,,AT,,,,0,0,0,0,0,0,0,0,Osaka,,https://www.beforward.jp/toyota/crown-crossover/cb549328/id/13610891/?mfg_year_from=2018
CD365566,2023 SUBARU FORESTER,CD365566,2023,"$17,210",,45490,1800,,CVT,,,,0,0,0,0,0,0,0,0,Osaka,,https://www.beforward.jp/subaru/forester/cd365566/id/15320269/?mfg_year_from=2018
CD289614,2026 SUZUKI HUSTLER G,CD289614,2026,"$9,450",,3,660,,AT,,,,0,0,0,0,0,0,0,0,Kobe,,https://www.beforward.jp/suzuki/hustler/cd289614/id/15243313/?mfg_year_from=2018
CD289277,2018 MAZDA CX-8 XDLPACKAGE7,CD289277,2018,"$10,400",,82545,2180,,AT,,,,0,0,0,0,0,0,0,0,Nagoya,,https://www.beforward.jp/mazda/cx-8/cd289277/id/15242976/?mfg_year_from=2018
CD271450,2020 TOYOTA YARIS CROSS Z,CD271450,2020,"$13,510",,20495,1500,,AT,,,,0,0,0,0,0,0,0,0,Kobe,,https://www.beforward.jp/toyota/yaris-cross/cd271450/id/15225038/?mfg_year_from=2018
CD303721,2019 TOYOTA ALPHARD SC,CD303721,2019,"$21,100",,32000,2500,,AT,,,,0,0,0,0,0,0,0,0,Yokohama,,https://www.beforward.jp/toyota/alphard/cd303721/id/15257220/?mfg_year_from=2018
CD289625,2019 TOYOTA CAMRY HYBRID WS,CD289625,2019,"$19,610",,44607,2500,HYBRID,AT,,,,0,0,0,0,0,0,0,0,Yokohama,,https://www.beforward.jp/toyota/camry-hybrid/cd289625/id/15243324/?mfg_year_from=2018
CD289601,2023 SUBARU IMPREZA ST,CD289601,2023,"$9,140",,45827,2000,,AT,,,,0,0,0,0,0,0,0,0,Yokohama,,https://www.beforward.jp/subaru/impreza/cd289601/id/15243300/?mfg_year_from=2018
CD271375,2024 TOYOTA RAIZE Z,CD271375,2024,"$14,770",,16172,1200,,AT,,,,0,0,0,0,0,0,0,0,Kyushu,,https://www.beforward.jp/toyota/raize/cd271375/id/15224963/?mfg_year_from=2018
CD271436,2025 SUZUKI SWIFT ZC33SED,CD271436,2025,"$18,880",,31,1400,,MT,,,,0,0,0,0,0,0,0,0,Kobe,,https://www.beforward.jp/suzuki/swift/cd271436/id/15225024/?mfg_year_from=2018
CD271435,2025 HONDA FREED,CD271435,2025,"$15,900",,5,1500,,AT,,,,0,0,0,0,0,0,0,0,Kobe,,https://www.beforward.jp/honda/freed/cd271435/id/15225023/?mfg_year_from=2018
CD271384,2024 SUZUKI SWIFT XG,CD271384,2024,"$9,540",,39960,1200,,AT,,,,0,0,0,0,0,0,0,0,Kyushu,,https://www.beforward.jp/suzuki/swift/cd271384/id/15224972/?mfg_year_from=2018
CD271372,2021 DAIHATSU MOVE CANBUS GVSSA3,CD271372,2021,"$9,010",,40674,660,,AT,,,,0,0,0,0,0,0,0,0,Kyushu,,https://www.beforward.jp/daihatsu/move-canbus/cd271372/id/15224960/?mfg_year_from=2018
CD271366,2025 SUZUKI ALTO L,CD271366,2025,"$7,550",,4,660,,AT,,,,0,0,0,0,0,0,0,0,Osaka,,https://www.beforward.jp/suzuki/alto/cd271366/id/15224954/?mfg_year_from=2018
CD241850,2020 NISSAN KICKS X,CD241850,2020,"$11,200",,20909,1200,,AT,,,,0,0,0,0,0,0,0,0,Yokohama,,https://www.beforward.jp/nissan/kicks/cd241850/id/15195353/?mfg_year_from=2018
CD241849,2023 MAZDA CX-8 2.2XD6,CD241849,2023,"$20,400",,34244,2200,,AT,,,,0,0,0,0,0,0,0,0,Yokohama,,https://www.beforward.jp/mazda/cx-8/cd241849/id/15195352/?mfg_year_from=2018
CD229856,2025 SUZUKI HUSTLER,CD229856,2025,"$11,650",,6,660,,AT,,,,0,0,0,0,0,0,0,0,Yokohama,,https://www.beforward.jp/suzuki/hustler/cd229856/id/15183075/?mfg_year_from=2018
CD216747,2023 LEXUS UX,CD216747,2023,"$26,300",,10739,2000,,AT,,,,0,0,0,0,0,0,0,0,Osaka,,https://www.beforward.jp/lexus/ux/cd216747/id/15169864/?mfg_year_from=2018
CD216637,2024 SUZUKI JIMNY SIERRA JC,CD216637,2024,"$17,620",,8369,1500,,AT,,,,0,0,0,0,0,0,0,0,Osaka,,https://www.beforward.jp/suzuki/jimny-sierra/cd216637/id/15169754/?mfg_year_from=2018
CD216399,2022 VOLKSWAGEN T-ROC TDIR,CD216399,2022,"$19,740",,23755,2000,,AT,,,,0,0,0,0,0,0,0,0,Nagoya,,https://www.beforward.jp/volkswagen/t-roc/cd216399/id/15169516/?mfg_year_from=2018
CD191798,2025 SUZUKI JIMNY XC,CD191798,2025,"$14,760",,4104,660,,AT,,,,0,0,0,0,0,0,0,0,Osaka,,https://www.beforward.jp/suzuki/jimny/cd191798/id/15144595/?mfg_year_from=2018
CD365507,2021 VOLKSWAGEN T-ROC,CD365507,2021,"$16,560",,24800,1500,,AT,,,,0,0,0,0,0,0,0,0,Osaka,,https://www.beforward.jp/volkswagen/t-roc/cd365507/id/15320207/?mfg_year_from=2018
CD365516,2018 MITSUBISHI CANTER,CD365516,2018,"$20,530",,55293,3000,,MT,,,,0,0,0,0,0,0,0,0,Yokohama,,https://www.beforward.jp/mitsubishi/canter/cd365516/id/15320216/?mfg_year_from=2018
CD157494,2021 MAZDA CX-30 20S_L,CD157494,2021,"$14,180",,22319,2000,,AT,,,,0,0,0,0,0,0,0,0,Yokohama,,https://www.beforward.jp/mazda/cx-30/cd157494/id/15110508/?mfg_year_from=2018
CD207686,2020 NISSAN ROOX X,CD207686,2020,"$8,550",,49686,660,,AT,,,,0,0,0,0,0,0,0,0,Yokohama,,https://www.beforward.jp/nissan/roox/cd207686/id/15161246/?mfg_year_from=2018
CD198830,2022 NISSAN AURA,CD198830,2022,"$15,380",,14856,1200,,AT,,,,0,0,0,0,0,0,0,0,Osaka,,https://www.beforward.jp/nissan/aura/cd198830/id/15151857/?mfg_year_from=2018
CD144251,2020 TOYOTA YARIS CROSS Z,CD144251,2020,"$13,250",,33844,1500,,AT,,,,0,0,0,0,0,0,0,0,Yokohama,,https://www.beforward.jp/toyota/yaris-cross/cd144251/id/15097189/?mfg_year_from=2018
CD114099,2023 LEXUS UX 250HC,CD114099,2023,"$19,810",,43642,2000,,AT,,,,0,0,0,0,0,0,0,0,Yokohama,,https://www.beforward.jp/lexus/ux/cd114099/id/15066705/?mfg_year_from=2018
CD144189,2021 HINO DUTRO 4.0,CD144189,2021,"$58,810",,29785,4000,,MT,,,,0,0,0,0,0,0,0,0,Kyushu,,https://www.beforward.jp/hino/dutro/cd144189/id/15097124/?mfg_year_from=2018
CD138856,2019 DAIHATSU MOVE CANBUS GSA3,CD138856,2019,"$9,140",,29022,660,,AT,,,,0,0,0,0,0,0,0,0,Yokohama,,https://www.beforward.jp/daihatsu/move-canbus/cd138856/id/15091732/?mfg_year_from=2018
CD138852,2021 MITSUBISHI DELICA D5 P,CD138852,2021,"$22,060",,61166,2300,,AT,,,,0,0,0,0,0,0,0,0,Yokohama,,https://www.beforward.jp/mitsubishi/delica-d5/cd138852/id/15091728/?mfg_year_from=2018
CD130704,2021 NISSAN ROOX GE,CD130704,2021,"$9,740",,27530,660,,AT,,,,0,0,0,0,0,0,0,0,Yokohama,,https://www.beforward.jp/nissan/roox/cd130704/id/15082926/?mfg_year_from=2018
CD365477,2025 TOYOTA LAND CRUISER,CD365477,2025,"$47,020",,144,2800,,AT,,,,0,0,0,0,0,0,0,0,Kobe,,https://www.beforward.jp/toyota/land-cruiser/cd365477/id/15320176/?mfg_year_from=2018
CD068611,2021 MAZDA CX-30 20S,CD068611,2021,"$13,380",,12286,2000,,AT,,,,0,0,0,0,0,0,0,0,Yokohama,,https://www.beforward.jp/mazda/cx-30/cd068611/id/15020770/?mfg_year_from=2018
CD068544,2018 TOYOTA HARRIER,CD068544,2018,"$14,110",,45830,2000,,AT,,,,0,0,0,0,0,0,0,0,Yokohama,,https://www.beforward.jp/toyota/harrier/cd068544/id/15020703/?mfg_year_from=2018
CD068494,2025 DAIHATSU TAFT G,CD068494,2025,"$10,200",,4302,660,,AT,,,,0,0,0,0,0,0,0,0,Yokohama,,https://www.beforward.jp/daihatsu/taft/cd068494/id/15020652/?mfg_year_from=2018
CD068242,2023 SUZUKI JIMNY XC,CD068242,2023,"$11,580",,5711,660,,MT,,,,0,0,0,0,0,0,0,0,Osaka,,https://www.beforward.jp/suzuki/jimny/cd068242/id/15020400/?mfg_year_from=2018
CD050934,2022 TOYOTA HARRIER Z,CD050934,2022,"$22,520",,18103,2000,,AT,,,,0,0,0,0,0,0,0,0,Yokohama,,https://www.beforward.jp/toyota/harrier/cd050934/id/15002285/?mfg_year_from=2018
CD016667,2024 TOYOTA LAND CRUISER AX,CD016667,2024,"$44,910",,10156,2800,,AT,,,,0,0,0,0,0,0,0,0,Nagoya,,https://www.beforward.jp/toyota/land-cruiser/cd016667/id/14968193/?mfg_year_from=2018
CD365498,2021 TOYOTA HARRIER,CD365498,2021,"$18,220",,52000,2000,,CVT,,,,0,0,0,0,0,0,0,0,Osaka,,https://www.beforward.jp/toyota/harrier/cd365498/id/15320197/?mfg_year_from=2018
CD041968,2018 MAZDA CX-5 XD,CD041968,2018,"$7,090",,109000,2200,,AT,,,,0,0,0,0,0,0,0,0,Nagoya,,https://www.beforward.jp/mazda/cx-5/cd041968/id/14993653/?mfg_year_from=2018
CD017075,2022 SUBARU FORESTER STI,CD017075,2022,"$20,140",,36547,1800,,AT,,,,0,0,0,0,0,0,0,0,Kobe,,https://www.beforward.jp/subaru/forester/cd017075/id/14968602/?mfg_year_from=2018
CD016866,2021 BMW X1 XDRIVE18DXED,CD016866,2021,"$18,810",,31360,2000,,AT,,,,0,0,0,0,0,0,0,0,Nagoya,,https://www.beforward.jp/bmw/x1/cd016866/id/14968392/?mfg_year_from=2018
CD016806,2023 MAZDA CX-5 XD,CD016806,2023,"$17,290",,48064,2200,,AT,,,,0,0,0,0,0,0,0,0,Nagoya,,https://www.beforward.jp/mazda/cx-5/cd016806/id/14968332/?mfg_year_from=2018
CD016509,2023 TOYOTA HARRIER HYBRID Z,CD016509,2023,"$25,630",,33165,2500,HYBRID,AT,,,,0,0,0,0,0,0,0,0,Nagoya,,https://www.beforward.jp/toyota/harrier-hybrid/cd016509/id/14968035/?mfg_year_from=2018
CD004638,2020 DAIHATSU ROCKY G,CD004638,2020,"$10,400",,43424,1000,,AT,,,,0,0,0,0,0,0,0,0,Yokohama,,https://www.beforward.jp/daihatsu/rocky/cd004638/id/14956194/?mfg_year_from=2018
CC900197,2025 TESLA MODEL Y RWD,CC900197,2025,"$20,400",,13001,,,AT,,,,0,0,0,0,0,0,0,0,Yokohama,,https://www.beforward.jp/tesla/model-y/cc900197/id/14922832/?mfg_year_from=2018
CC892088,2018 MAZDA CX-3 XDS,CC892088,2018,"$9,480",,52000,1800,,AT,,,,0,0,0,0,0,0,0,0,Nagoya,,https://www.beforward.jp/mazda/cx-3/cc892088/id/14914880/?mfg_year_from=2018
CC852712,2018 LEXUS UX UX250HC,CC852712,2018,"$19,280",,31700,2000,,AT,,,,0,0,0,0,0,0,0,0,Yokohama,,https://www.beforward.jp/lexus/ux/cc852712/id/14875512/?mfg_year_from=2018
CD016558,2020 TOYOTA CROWN HYBRID RS,CD016558,2020,"$20,800",,56860,2500,HYBRID,AT,,,,0,0,0,0,0,0,0,0,Nagoya,,https://www.beforward.jp/toyota/crown-hybrid/cd016558/id/14968084/?mfg_year_from=2018
CC851926,2023 SUBARU FORESTER,CC851926,2023,"$12,790",,114230,2000,,AT,,,,0,0,0,0,0,0,0,0,Yokohama,,https://www.beforward.jp/subaru/forester/cc851926/id/14874726/?mfg_year_from=2018
CC833630,2020 DAIHATSU ROCKY G,CC833630,2020,"$11,590",,51896,1000,,AT,,,,0,0,0,0,0,0,0,0,Yokohama,,https://www.beforward.jp/daihatsu/rocky/cc833630/id/14856313/?mfg_year_from=2018
CC795353,2019 MAZDA CX-8 2.2XDPROACTIVE6,CC795353,2019,"$11,790",,56083,2200,,AT,,,,0,0,0,0,0,0,0,0,Yokohama,,https://www.beforward.jp/mazda/cx-8/cc795353/id/14817624/?mfg_year_from=2018
CC783002,2020 MAZDA CX-30 20S,CC783002,2020,"$11,790",,48446,2000,,AT,,,,0,0,0,0,0,0,0,0,Nagoya,,https://www.beforward.jp/mazda/cx-30/cc783002/id/14804644/?mfg_year_from=2018
CC852710,2018 TOYOTA SIENTA G,CC852710,2018,"$11,060",,12203,1500,,AT,,,,0,0,0,0,0,0,0,0,Yokohama,,https://www.beforward.jp/toyota/sienta/cc852710/id/14875510/?mfg_year_from=2018
CC852707,2019 TOYOTA AQUA S,CC852707,2019,"$8,080",,40450,1500,,AT,,,,0,0,0,0,0,0,0,0,Yokohama,,https://www.beforward.jp/toyota/aqua/cc852707/id/14875507/?mfg_year_from=2018
CC766083,2022 SUBARU FORESTER,CC766083,2022,"$13,120",,101944,2000,,AT,,,,0,0,0,0,0,0,0,0,Yokohama,,https://www.beforward.jp/subaru/forester/cc766083/id/14787858/?mfg_year_from=2018
CC742175,2021 BMW X3 XDRIVE20DX,CC742175,2021,"$21,060",,26794,2000,,AT,,,,0,0,0,0,0,0,0,0,Yokohama,,https://www.beforward.jp/bmw/x3/cc742175/id/14762648/?mfg_year_from=2018
CC690311,2020 DAIHATSU ROCKY,CC690311,2020,"$11,000",,44996,1000,,AT,,,,0,0,0,0,0,0,0,0,Yokohama,,https://www.beforward.jp/daihatsu/rocky/cc690311/id/14711412/?mfg_year_from=2018
CC766604,2019 TOYOTA ALPHARD S,CC766604,2019,"$18,280",,38236,2500,,AT,,,,0,0,0,0,0,0,0,0,Yokohama,,https://www.beforward.jp/toyota/alphard/cc766604/id/14788379/?mfg_year_from=2018
CC766596,2021 DAIHATSU TANTO CUSTOM X,CC766596,2021,"$9,870",,28385,660,,AT,,,,0,0,0,0,0,0,0,0,Yokohama,,https://www.beforward.jp/daihatsu/tanto-custom/cc766596/id/14788371/?mfg_year_from=2018
CC766587,2022 SUBARU STELLA G,CC766587,2022,"$6,830",,22564,660,,AT,,,,0,0,0,0,0,0,0,0,Yokohama,,https://www.beforward.jp/subaru/stella/cc766587/id/14788362/?mfg_year_from=2018
CC822479,2022 TOYOTA YARIS CROSS G,CC822479,2022,"$13,450",,32356,1500,,AT,,,,0,0,0,0,0,0,0,0,Yokohama,,https://www.beforward.jp/toyota/yaris-cross/cc822479/id/14843896/?mfg_year_from=2018
CC648537,2023 SUZUKI HUSTLER J,CC648537,2023,"$11,060",,11488,660,,AT,,,,0,0,0,0,0,0,0,0,Yokohama,,https://www.beforward.jp/suzuki/hustler/cc648537/id/14669468/?mfg_year_from=2018
CC676144,2022 NISSAN MARCH S,CC676144,2022,"$6,230",,21174,1200,,AT,,,,0,0,0,0,0,0,0,0,Yokohama,,https://www.beforward.jp/nissan/march/cc676144/id/14697780/?mfg_year_from=2018
CC660631,2021 SUZUKI SPACIA XS,CC660631,2021,"$9,610",,29332,660,,AT,,,,0,0,0,0,0,0,0,0,Yokohama,,https://www.beforward.jp/suzuki/spacia/cc660631/id/14682135/?mfg_year_from=2018
CC660600,2021 NISSAN AURA G,CC660600,2021,"$13,450",,16242,1200,,AT,,,,0,0,0,0,0,0,0,0,Yokohama,,https://www.beforward.jp/nissan/aura/cc660600/id/14682104/?mfg_year_from=2018
CC660546,2021 DAIHATSU BOON SA3,CC660546,2021,"$6,630",,30576,1000,,AT,,,,0,0,0,0,0,0,0,0,Yokohama,,https://www.beforward.jp/daihatsu/boon/cc660546/id/14682050/?mfg_year_from=2018
CC520630,2024 MAZDA CX-3 XD,CC520630,2024,"$16,230",,19406,1800,,AT,,,,0,0,0,0,0,0,0,0,Nagoya,,https://www.beforward.jp/mazda/cx-3/cc520630/id/14540547/?mfg_year_from=2018
CC439959,2021 VOLVO XC60 B5AWD,CC439959,2021,"$21,400",,45138,2000,,AT,,,,0,0,0,0,1,0,0,0,Yokohama,,https://www.beforward.jp/volvo/xc60/cc439959/id/14459156/?mfg_year_from=2018
CC421590,2022 VOLKSWAGEN T-CROSS TSI,CC421590,2022,"$12,850",,39316,1000,,AT,,,,0,0,0,0,0,0,0,0,Nagoya,,https://www.beforward.jp/volkswagen/t-cross/cc421590/id/14441167/?mfg_year_from=2018
CC517236,2023 MITSUBISHI DELICA MINI T,CC517236,2023,"$12,190",,26003,660,,AT,,,,0,0,0,0,0,0,0,0,Yokohama,,https://www.beforward.jp/mitsubishi/delica-mini/cc517236/id/14537049/?mfg_year_from=2018
CC517187,2021 SUZUKI SPACIA XS,CC517187,2021,"$8,680",,52634,660,,AT,,,,0,0,0,0,0,0,0,0,Yokohama,,https://www.beforward.jp/suzuki/spacia/cc517187/id/14536997/?mfg_year_from=2018
CC517175,2021 MITSUBISHI EK WAGON M,CC517175,2021,"$5,440",,8555,660,,AT,,WAGON,,0,0,0,0,0,0,0,0,Yokohama,,https://www.beforward.jp/mitsubishi/ek-wagon/cc517175/id/14536983/?mfg_year_from=2018
CD365420,2020 TOYOTA HIACE VAN,CD365420,2020,"$22,360",,73432,2800,,AT,,VAN,,0,0,0,0,0,0,0,0,Yokohama,,https://www.beforward.jp/toyota/hiace-van/cd365420/id/15320118/?mfg_year_from=2018
CD365416,2023 TOYOTA HARRIER PHEV,CD365416,2023,"$30,470",,38894,2500,,CVT,,,,0,0,0,0,0,0,0,0,Kyushu,,https://www.beforward.jp/toyota/harrier-phev/cd365416/id/15320114/?mfg_year_from=2018
CD365422,2018 SUBARU FORESTER,CD365422,2018,"$13,180",,63839,2500,,CVT,,,,0,0,0,0,0,0,0,0,Yokohama,,https://www.beforward.jp/subaru/forester/cd365422/id/15320120/?mfg_year_from=2018
CD365425,2021 TOYOTA HARRIER,CD365425,2021,"$18,480",,33151,2000,,CVT,,,,0,0,0,0,0,0,0,0,Yokohama,,https://www.beforward.jp/toyota/harrier/cd365425/id/15320123/?mfg_year_from=2018
CD365427,2025 TOYOTA CROWN ESTATE,CD365427,2025,"$38,420",,1846,2500,,CVT,,,,0,0,0,0,0,0,0,0,Yokohama,,https://www.beforward.jp/toyota/crown-estate/cd365427/id/15320125/?mfg_year_from=2018
CC394818,2021 PEUGEOT PEUGOET OTHERS GT,CC394818,2021,"$15,570",,28727,1500,,AT,,,,0,0,0,0,0,0,0,0,Osaka,,https://www.beforward.jp/peugeot/peugoet-others/cc394818/id/14414263/?mfg_year_from=2018
CC263242,2021 NISSAN NOTE,CC263242,2021,"$11,460",,19154,1200,,AT,,,,0,0,0,0,0,0,0,0,Yokohama,,https://www.beforward.jp/nissan/note/cc263242/id/14281153/?mfg_year_from=2018
CC227735,2022 NISSAN KICKS X,CC227735,2022,"$11,860",,40551,1200,,AT,,,,0,0,0,0,0,0,0,0,Yokohama,,https://www.beforward.jp/nissan/kicks/cc227735/id/14244277/?mfg_year_from=2018
CC227732,2018 SUBARU FORESTER,CC227732,2018,"$11,990",,40837,2500,,AT,,,,0,0,0,0,0,0,0,0,Yokohama,,https://www.beforward.jp/subaru/forester/cc227732/id/14244274/?mfg_year_from=2018
CC210669,2024 HONDA HONDA OTHERS Z,CC210669,2024,"$15,440",,11203,1500,,AT,,,,0,0,0,0,0,0,0,0,Yokohama,,https://www.beforward.jp/honda/honda-others/cc210669/id/14228209/?mfg_year_from=2018
CC287424,2020 TOYOTA YARIS G,CC287424,2020,"$9,670",,5216,1500,,AT,,,,0,0,0,0,0,0,0,0,Yokohama,,https://www.beforward.jp/toyota/yaris/cc287424/id/14305664/?mfg_year_from=2018
CC236866,2021 TOYOTA ROOMY G-T,CC236866,2021,"$9,610",,42691,1000,,AT,,,,0,0,0,0,0,0,0,0,Yokohama,,https://www.beforward.jp/toyota/roomy/cc236866/id/14254602/?mfg_year_from=2018
CD365393,2018 TOYOTA HIACE VAN,CD365393,2018,"$23,500",,11442,2800,,AT,,VAN,,0,0,0,0,0,0,0,0,Kyushu,,https://www.beforward.jp/toyota/hiace-van/cd365393/id/15320091/?mfg_year_from=2018
CC086332,2020 NISSAN KICKS X,CC086332,2020,"$11,460",,36574,1200,,AT,,,,0,0,0,0,0,0,0,0,Yokohama,,https://www.beforward.jp/nissan/kicks/cc086332/id/14102810/?mfg_year_from=2018
CD365378,2019 TOYOTA VELLFIRE,CD365378,2019,"$22,390",,98122,2500,,CVT,,,,0,0,0,0,0,0,0,0,Yokohama,,https://www.beforward.jp/toyota/vellfire/cd365378/id/15320076/?mfg_year_from=2018
CD365379,2019 TOYOTA VELLFIRE,CD365379,2019,"$23,050",,92855,2500,,CVT,,,,0,0,0,0,0,0,0,0,Yokohama,,https://www.beforward.jp/toyota/vellfire/cd365379/id/15320077/?mfg_year_from=2018
CD365391,2018 NISSAN CLIPPER VAN,CD365391,2018,"$5,090",,47321,660,,AT,,VAN,,0,0,0,0,0,0,0,0,Kyushu,,https://www.beforward.jp/nissan/clipper-van/cd365391/id/15320089/?mfg_year_from=2018
CD365392,2022 DAIHATSU HIJET CARGO,CD365392,2022,"$7,540",,40620,660,,AT,,,,0,0,0,0,0,0,0,0,Kyushu,,https://www.beforward.jp/daihatsu/hijet-cargo/cd365392/id/15320090/?mfg_year_from=2018
CD365344,2019 TOYOTA HILUX 2.4 E REVO DOUBLE CAB,CD365344,2019,"$17,490",,54000,2393,,MT,,,,0,0,0,0,0,0,0,0,Thailand,,https://www.beforward.jp/toyota/hilux/cd365344/id/15320042/?mfg_year_from=2018
CD365342,2020 TOYOTA HILUX 2.4 J REVO SINGLE CAB,CD365342,2020,"$12,240",,46000,2393,,MT,,,,0,0,0,0,0,0,0,0,Thailand,,https://www.beforward.jp/toyota/hilux/cd365342/id/15320040/?mfg_year_from=2018
CC047114,2020 LEXUS RX RX450H_F,CC047114,2020,"$31,590",,37757,3500,,AT,,,,0,0,0,0,0,0,0,0,Yokohama,,https://www.beforward.jp/lexus/rx/cc047114/id/14063223/?mfg_year_from=2018
CB870294,2020 SUBARU IMPREZA XV HYBRID 2.0E-S,CB870294,2020,"$12,320",,53540,2000,HYBRID,AT,,,,0,0,0,0,0,0,0,0,Yokohama,,https://www.beforward.jp/subaru/impreza-xv-hybrid/cb870294/id/13934074/?mfg_year_from=2018
CC805817,2019 DAIHATSU CAST XSA3,CC805817,2019,"$3,710",,101000,660,,AT,,,,0,0,0,0,0,0,0,0,Yokohama,,https://www.beforward.jp/daihatsu/cast/cc805817/id/14827910/?mfg_year_from=2018
CB329790,2022 SUZUKI ESCUDO,CB329790,2022,"$12,970",,35397,1500,,AT,,,,0,0,0,0,0,0,0,0,Yokohama,,https://www.beforward.jp/suzuki/escudo/cb329790/id/13389058/?mfg_year_from=2018
CD365656,2023 TOYOTA LAND CRUISER PRADO TXL,CD365656,2023,"$27,690",,29863,2700,,AT,,,,0,0,0,0,0,0,0,0,Yokohama,,https://www.beforward.jp/toyota/land-cruiser-prado/cd365656/id/15320360/?mfg_year_from=2018
CA149484,2023 TOYOTA HIACE VAN GL2,CA149484,2023,"$25,100",,24967,2000,,AT,,VAN,,0,0,0,0,0,0,0,0,Yokohama,,https://www.beforward.jp/toyota/hiace-van/ca149484/id/12231230/?mfg_year_from=2018
CD365301,2022 TOYOTA HILUX 2.4 E REVO DOUBLE CAB,CD365301,2022,"$18,990",,41000,2393,,AT,,,,0,0,0,0,0,0,0,0,Thailand,,https://www.beforward.jp/toyota/hilux/cd365301/id/15319999/?mfg_year_from=2018
CD365300,2020 TOYOTA HILUX 2.4 E REVO DOUBLE CAB,CD365300,2020,"$17,370",,89000,2393,,AT,,,,0,0,0,0,0,0,0,0,Thailand,,https://www.beforward.jp/toyota/hilux/cd365300/id/15319997/?mfg_year_from=2018
CA800609,2020 SUBARU FORESTER X-,CA800609,2020,"$15,040",,44051,2500,,AT,,,,0,0,0,0,0,0,0,0,Yokohama,,https://www.beforward.jp/subaru/forester/ca800609/id/12889846/?mfg_year_from=2018
CA756225,2019 LEXUS RX,CA756225,2019,"$28,680",,30634,3500,,AT,,,,0,0,0,0,0,0,0,0,Nagoya,,https://www.beforward.jp/lexus/rx/ca756225/id/12843869/?mfg_year_from=2018
CD365860,2022 TOYOTA LAND CRUISER PRADO TXLED,CD365860,2022,"$27,020",,39360,2700,,AT,,,,0,0,0,0,0,0,0,0,Yokohama,,https://www.beforward.jp/toyota/land-cruiser-prado/cd365860/id/15320564/?mfg_year_from=2018
CD365872,2024 TOYOTA LAND CRUISER ZX,CD365872,2024,"$52,790",,8158,2800,,AT,,,,0,0,0,0,0,0,0,0,Yokohama,,https://www.beforward.jp/toyota/land-cruiser/cd365872/id/15320576/?mfg_year_from=2018
CD365711,2025 SUZUKI JIMNY NOMADE FC,CD365711,2025,"$20,200",,34,1500,,AT,,,,0,0,0,0,0,0,0,0,Kobe,,https://www.beforward.jp/suzuki/jimny-nomade/cd365711/id/15320415/?mfg_year_from=2018
CD365730,2023 LEXUS UX C,CD365730,2023,"$20,930",,27896,2000,,AT,,,,0,0,0,0,0,0,0,0,Yokohama,,https://www.beforward.jp/lexus/ux/cd365730/id/15320434/?mfg_year_from=2018
CD365736,2023 MAZDA CX-5 XD,CD365736,2023,"$16,760",,31480,2200,,AT,,,,0,0,0,0,0,0,0,0,Kyushu,,https://www.beforward.jp/mazda/cx-5/cd365736/id/15320440/?mfg_year_from=2018
CD365746,2023 TOYOTA YARIS CROSS Z,CD365746,2023,"$16,080",,33170,1500,,AT,,,,0,0,0,0,0,0,0,0,Yokohama,,https://www.beforward.jp/toyota/yaris-cross/cd365746/id/15320450/?mfg_year_from=2018
CD365898,2023 SUBARU FORESTER,CD365898,2023,"$25,630",,30704,2000,,AT,,,,0,0,0,0,0,0,0,0,Yokohama,,https://www.beforward.jp/subaru/forester/cd365898/id/15320602/?mfg_year_from=2018
CD365925,2023 LEXUS NX,CD365925,2023,"$40,140",,8789,2500,,AT,,,,0,0,0,0,0,0,0,0,Yokohama,,https://www.beforward.jp/lexus/nx/cd365925/id/15320629/?mfg_year_from=2018
CD365947,2025 PEUGEOT 3008 GT,CD365947,2025,"$23,710",,548,1600,,AT,,,,0,0,0,0,0,0,0,0,Yokohama,,https://www.beforward.jp/peugeot/3008/cd365947/id/15320651/?mfg_year_from=2018
CD365952,2020 BMW X1 XDRIVE18DXED,CD365952,2020,"$17,080",,16948,2000,,AT,,,,0,0,0,0,0,0,0,0,Yokohama,,https://www.beforward.jp/bmw/x1/cd365952/id/15320656/?mfg_year_from=2018
CD365959,2020 FIAT 500X,CD365959,2020,"$7,810",,50416,1300,,AT,,,,0,0,0,0,0,0,0,0,Yokohama,,https://www.beforward.jp/fiat/500x/cd365959/id/15320663/?mfg_year_from=2018
CD365964,2025 FIAT 500X,CD365964,2025,"$16,420",,6914,1300,,AT,,,,0,0,0,0,0,0,0,0,Yokohama,,https://www.beforward.jp/fiat/500x/cd365964/id/15320668/?mfg_year_from=2018
CD365970,2024 BMW X4 XDRIVE20DM,CD365970,2024,"$35,630",,8217,2000,,AT,,,,0,0,0,0,0,0,0,0,Yokohama,,https://www.beforward.jp/bmw/x4/cd365970/id/15320674/?mfg_year_from=2018
CD365971,2025 PEUGEOT 3008 GT4,CD365971,2025,"$28,340",,3792,1600,,AT,,,,0,0,0,0,0,0,0,0,Yokohama,,https://www.beforward.jp/peugeot/3008/cd365971/id/15320675/?mfg_year_from=2018
CD365972,2025 PEUGEOT 408 GT,CD365972,2025,"$27,020",,989,1200,,AT,,,,0,0,0,0,0,0,0,0,Yokohama,,https://www.beforward.jp/peugeot/408/cd365972/id/15320676/?mfg_year_from=2018
CD365973,2024 BMW X5 XDRIVE40DM,CD365973,2024,"$53,510",,13998,3000,,AT,,,,0,0,0,0,0,0,0,0,Yokohama,,https://www.beforward.jp/bmw/x5/cd365973/id/15320677/?mfg_year_from=2018
CD365975,2024 BMW X2 X20IM,CD365975,2024,"$29,000",,11056,2000,,AT,,,,0,0,0,0,0,0,0,0,Yokohama,,https://www.beforward.jp/bmw/x2/cd365975/id/15320679/?mfg_year_from=2018
CD365976,2025 JAGUAR E-PACE R-SED200,CD365976,2025,"$36,950",,8981,2000,,AT,,,,0,0,0,0,0,0,0,0,Yokohama,,https://www.beforward.jp/jaguar/e-pace/cd365976/id/15320680/?mfg_year_from=2018
CD365999,2025 CITROEN DS3 HDI,CD365999,2025,"$22,380",,73,1500,,AT,,,,0,0,0,0,0,0,0,0,Yokohama,,https://www.beforward.jp/citroen/ds3/cd365999/id/15320703/?mfg_year_from=2018
CD366000,2025 PEUGEOT 2008 GT,CD366000,2025,"$19,730",,77,1200,,AT,,,,0,0,0,0,0,0,0,0,Yokohama,,https://www.beforward.jp/peugeot/2008/cd366000/id/15320704/?mfg_year_from=2018
CD366009,2020 PEUGEOT 3008 HDI,CD366009,2020,"$11,790",,36281,2000,,AT,,,,0,0,0,0,0,0,0,0,Yokohama,,https://www.beforward.jp/peugeot/3008/cd366009/id/15320713/?mfg_year_from=2018
CD366021,2020 JEEP COMPASS,CD366021,2020,"$15,100",,18922,2400,,AT,,,,0,0,0,0,0,0,0,0,Yokohama,,https://www.beforward.jp/jeep/compass/cd366021/id/15320725/?mfg_year_from=2018
CD365996,2021 PEUGEOT 508 GTHDIED,CD365996,2021,"$13,110",,39728,2000,,AT,,,,0,0,0,0,0,0,0,0,Yokohama,,https://www.beforward.jp/peugeot/508/cd365996/id/15320700/?mfg_year_from=2018
CD365998,2019 BMW 5 SERIES 523DXDRIVEM,CD365998,2019,"$17,080",,41631,2000,,AT,,,,0,0,0,0,0,0,0,0,Yokohama,,https://www.beforward.jp/bmw/5-series/cd365998/id/15320702/?mfg_year_from=2018
CD366023,2022 BMW MINI,CD366023,2022,"$21,720",,30784,2000,,AT,,,,0,0,0,0,0,0,0,0,Yokohama,,https://www.beforward.jp/bmw/mini/cd366023/id/15320727/?mfg_year_from=2018
CD366024,2019 FIAT 500X,CD366024,2019,"$9,140",,27189,1300,,AT,,,,0,0,0,0,0,0,0,0,Yokohama,,https://www.beforward.jp/fiat/500x/cd366024/id/15320728/?mfg_year_from=2018
CD366026,2022 BMW MINI,CD366026,2022,"$19,730",,11628,2000,,AT,,,,0,0,0,0,0,0,0,0,Yokohama,,https://www.beforward.jp/bmw/mini/cd366026/id/15320730/?mfg_year_from=2018
CD366029,2024 ROVER RANGE ROVER D300,CD366029,2024,"$113,110",,1539,3000,,AT,,,,0,0,0,0,0,0,0,0,Yokohama,,https://www.beforward.jp/rover/range-rover/cd366029/id/15320733/?mfg_year_from=2018
CD366030,2023 BMW MINI 4,CD366030,2023,"$25,040",,32685,2000,,AT,,,,0,0,0,0,0,0,0,0,Nagoya,,https://www.beforward.jp/bmw/mini/cd366030/id/15320734/?mfg_year_from=2018
CD366034,2022 PEUGEOT 2008 GTHDI,CD366034,2022,"$15,760",,21688,1500,,AT,,,,0,0,0,0,0,0,0,0,Yokohama,,https://www.beforward.jp/peugeot/2008/cd366034/id/15320738/?mfg_year_from=2018
CD366053,2023 JEEP RENEGADE,CD366053,2023,"$19,470",,19555,1300,,AT,,,,0,0,0,0,0,0,0,0,Yokohama,,https://www.beforward.jp/jeep/renegade/cd366053/id/15320757/?mfg_year_from=2018
CD366062,2022 BMW MINI,CD366062,2022,"$22,380",,25401,2000,,AT,,,,0,0,0,0,0,0,0,0,Yokohama,,https://www.beforward.jp/bmw/mini/cd366062/id/15320766/?mfg_year_from=2018
CD366065,2022 BMW MINI,CD366065,2022,"$13,770",,20876,1500,,AT,,,,0,0,0,0,0,0,0,0,Yokohama,,https://www.beforward.jp/bmw/mini/cd366065/id/15320769/?mfg_year_from=2018
CD366070,2019 JEEP RENEGADE,CD366070,2019,"$13,770",,58541,1300,,AT,,,,0,0,0,0,0,0,0,0,Yokohama,,https://www.beforward.jp/jeep/renegade/cd366070/id/15320774/?mfg_year_from=2018
CD366071,2021 JEEP WRANGLER,CD366071,2021,"$25,030",,37038,3600,,AT,,,,0,0,0,0,0,0,0,0,Yokohama,,https://www.beforward.jp/jeep/wrangler/cd366071/id/15320775/?mfg_year_from=2018
CD366072,2019 JEEP RENEGADE,CD366072,2019,"$13,110",,18790,1300,,AT,,,,0,0,0,0,0,0,0,0,Yokohama,,https://www.beforward.jp/jeep/renegade/cd366072/id/15320776/?mfg_year_from=2018
CD366076,2023 VOLKSWAGEN T-CROSS TSI,CD366076,2023,"$14,260",,10726,1000,,AT,,,,0,0,0,0,0,0,0,0,Yokohama,,https://www.beforward.jp/volkswagen/t-cross/cd366076/id/15320780/?mfg_year_from=2018
CD366079,2019 JEEP GRAND CHEROKEE,CD366079,2019,"$21,060",,26843,3600,,AT,,,,0,0,0,0,0,0,0,0,Yokohama,,https://www.beforward.jp/jeep/grand-cherokee/cd366079/id/15320783/?mfg_year_from=2018
CD366083,2022 BMW MINI 4,CD366083,2022,"$23,040",,23573,1500,,AT,,,,0,0,0,0,0,0,0,0,Yokohama,,https://www.beforward.jp/bmw/mini/cd366083/id/15320787/?mfg_year_from=2018
CD366090,2021 PEUGEOT 3008 GTHDI,CD366090,2021,"$17,750",,20582,2000,,AT,,,,0,0,0,0,0,0,0,0,Yokohama,,https://www.beforward.jp/peugeot/3008/cd366090/id/15320794/?mfg_year_from=2018
CD366092,2022 BMW MINI,CD366092,2022,"$27,020",,21311,2000,,AT,,,,0,0,0,0,0,0,0,0,Yokohama,,https://www.beforward.jp/bmw/mini/cd366092/id/15320796/?mfg_year_from=2018
CD366099,2025 JEEP COMMANDER,CD366099,2025,"$31,650",,3349,2000,,AT,,,,0,0,0,0,0,0,0,0,Yokohama,,https://www.beforward.jp/jeep/commander/cd366099/id/15320803/?mfg_year_from=2018
CD366111,2023 ROVER DEFENDER 110X-HSE,CD366111,2023,"$52,850",,21180,3000,,AT,,,,0,0,0,0,0,0,0,0,Yokohama,,https://www.beforward.jp/rover/defender/cd366111/id/15320815/?mfg_year_from=2018
CD366112,2021 PEUGEOT 3008 GT4,CD366112,2021,"$17,750",,12194,1600,,AT,,,,0,0,0,0,0,0,0,0,Yokohama,,https://www.beforward.jp/peugeot/3008/cd366112/id/15320816/?mfg_year_from=2018
CD366120,2021 PEUGEOT 2008 GT,CD366120,2021,"$13,770",,28761,1200,,AT,,,,0,0,0,0,0,0,0,0,Yokohama,,https://www.beforward.jp/peugeot/2008/cd366120/id/15320824/?mfg_year_from=2018
CD366122,2021 JEEP WRANGLER,CD366122,2021,"$24,370",,41937,3600,,AT,,,,0,0,0,0,0,0,0,0,Yokohama,,https://www.beforward.jp/jeep/wrangler/cd366122/id/15320826/?mfg_year_from=2018
CD366123,2023 CITROEN C5,CD366123,2023,"$21,720",,5405,1600,,AT,,,,0,0,0,0,0,0,0,0,Yokohama,,https://www.beforward.jp/citroen/c5/cd366123/id/15320827/?mfg_year_from=2018
CD366125,2021 ROVER DISCOVERY SP200,CD366125,2021,"$19,730",,45531,2000,,AT,,,,0,0,0,0,0,0,0,0,Yokohama,,https://www.beforward.jp/rover/discovery/cd366125/id/15320829/?mfg_year_from=2018
CD366146,2024 JEEP RENEGADE,CD366146,2024,"$20,400",,7918,1300,,AT,,,,0,0,0,0,0,0,0,0,Yokohama,,https://www.beforward.jp/jeep/renegade/cd366146/id/15320850/?mfg_year_from=2018
CD366152,2021 JEEP WRANGLER,CD366152,2021,"$27,020",,34798,3600,,AT,,,,0,0,0,0,0,0,0,0,Yokohama,,https://www.beforward.jp/jeep/wrangler/cd366152/id/15320856/?mfg_year_from=2018
CD366157,2023 ROVER DISCOVERY R-SEP250,CD366157,2023,"$25,030",,19244,2000,,AT,,,,0,0,0,0,0,0,0,0,Yokohama,,https://www.beforward.jp/rover/discovery/cd366157/id/15320861/?mfg_year_from=2018
CD366163,2024 JEEP COMMANDER,CD366163,2024,"$28,340",,8418,2000,,AT,,,,0,0,0,0,0,0,0,0,Yokohama,,https://www.beforward.jp/jeep/commander/cd366163/id/15320867/?mfg_year_from=2018
CD366165,2021 JEEP WRANGLER 2.0L,CD366165,2021,"$23,710",,60340,2000,,AT,,,,0,0,0,0,0,0,0,0,Yokohama,,https://www.beforward.jp/jeep/wrangler/cd366165/id/15320869/?mfg_year_from=2018
CD366166,2024 JEEP RENEGADE,CD366166,2024,"$18,410",,25304,1300,,AT,,,,0,0,0,0,0,0,0,0,Yokohama,,https://www.beforward.jp/jeep/renegade/cd366166/id/15320870/?mfg_year_from=2018
CD366192,2025 TOYOTA CROWN Z,CD366192,2025,"$29,670",,19026,2500,,AT,,,,0,0,0,0,0,0,0,0,Yokohama,,https://www.beforward.jp/toyota/crown/cd366192/id/15320896/?mfg_year_from=2018
CD366196,2019 SUZUKI X BEE MZ,CD366196,2019,"$9,000",,50136,1000,,AT,,,,0,0,0,0,0,0,0,0,Osaka,,https://www.beforward.jp/suzuki/x-bee/cd366196/id/15320900/?mfg_year_from=2018
CD366197,2024 BMW 2 SERIES 218DM,CD366197,2024,"$19,340",,23946,2000,,AT,,,,0,0,0,0,0,0,0,0,Nagoya,,https://www.beforward.jp/bmw/2-series/cd366197/id/15320901/?mfg_year_from=2018
CD366202,2025 MERCEDES-BENZ GLC-CLASS GLC220D4MAMGISG,CD366202,2025,"$41,990",,3572,2000,,AT,,,,0,0,0,0,0,0,0,0,Nagoya,,https://www.beforward.jp/mercedes-benz/glc-class/cd366202/id/15320906/?mfg_year_from=2018
CD366204,2024 VOLKSWAGEN T-ROC TSI,CD366204,2024,"$19,740",,3972,1500,,AT,,,,0,0,0,0,0,0,0,0,Nagoya,,https://www.beforward.jp/volkswagen/t-roc/cd366204/id/15320908/?mfg_year_from=2018
CD366206,2019 BMW MINI 4,CD366206,2019,"$11,790",,39671,1500,,AT,,,,0,0,0,0,0,0,0,0,Yokohama,,https://www.beforward.jp/bmw/mini/cd366206/id/15320910/?mfg_year_from=2018
CD366210,2018 SUBARU FORESTER 2.0I,CD366210,2018,"$5,170",,108351,2000,,AT,,,,0,0,0,0,0,0,0,0,Yokohama,,https://www.beforward.jp/subaru/forester/cd366210/id/15320914/?mfg_year_from=2018
CD366211,2022 JEEP WRANGLER,CD366211,2022,"$33,640",,16106,2000,,AT,,,,0,0,0,0,0,0,0,0,Yokohama,,https://www.beforward.jp/jeep/wrangler/cd366211/id/15320915/?mfg_year_from=2018
CD366212,2020 JEEP COMPASS,CD366212,2020,"$11,120",,28424,2400,,AT,,,,0,0,0,0,0,0,0,0,Yokohama,,https://www.beforward.jp/jeep/compass/cd366212/id/15320916/?mfg_year_from=2018
CD366217,2023 BMW MINI,CD366217,2023,"$23,710",,14544,2000,,AT,,,,0,0,0,0,0,0,0,0,Yokohama,,https://www.beforward.jp/bmw/mini/cd366217/id/15320921/?mfg_year_from=2018
CD366218,2023 JEEP GRAND CHEROKEE,CD366218,2023,"$37,610",,13325,2000,,AT,,,,0,0,0,0,0,0,0,0,Yokohama,,https://www.beforward.jp/jeep/grand-cherokee/cd366218/id/15320922/?mfg_year_from=2018
CD366220,2022 PEUGEOT 2008 GT,CD366220,2022,"$15,760",,16205,1200,,AT,,,,0,0,0,0,0,0,0,0,Yokohama,,https://www.beforward.jp/peugeot/2008/cd366220/id/15320924/?mfg_year_from=2018
CD366253,2020 JEEP RENEGADE,CD366253,2020,"$16,420",,12306,1300,,AT,,,,0,0,0,0,0,0,0,0,Yokohama,,https://www.beforward.jp/jeep/renegade/cd366253/id/15320957/?mfg_year_from=2018
CD366255,2023 CITROEN C3,CD366255,2023,"$15,760",,5894,1200,,AT,,,,0,0,0,0,0,0,0,0,Yokohama,,https://www.beforward.jp/citroen/c3/cd366255/id/15320959/?mfg_year_from=2018
CD366256,2023 PEUGEOT 408 GT,CD366256,2023,"$23,040",,9366,1200,,AT,,,,0,0,0,0,0,0,0,0,Yokohama,,https://www.beforward.jp/peugeot/408/cd366256/id/15320960/?mfg_year_from=2018
CD366258,2021 CITROEN C5,CD366258,2021,"$14,440",,28089,1600,,AT,,,,0,0,0,0,0,0,0,0,Yokohama,,https://www.beforward.jp/citroen/c5/cd366258/id/15320962/?mfg_year_from=2018
CD366264,2024 JEEP RENEGADE,CD366264,2024,"$19,470",,5459,1300,,AT,,,,0,0,0,0,0,0,0,0,Yokohama,,https://www.beforward.jp/jeep/renegade/cd366264/id/15320968/?mfg_year_from=2018
CD366265,2024 BMW X3 20DXDRIVEM,CD366265,2024,"$38,810",,3200,2000,,AT,,,,0,0,0,0,0,0,0,0,Yokohama,,https://www.beforward.jp/bmw/x3/cd366265/id/15320969/?mfg_year_from=2018
CD366286,2024 ROVER DEFENDER 110X-HSE,CD366286,2024,"$57,480",,12348,3000,,AT,,,,0,0,0,0,0,0,0,0,Yokohama,,https://www.beforward.jp/rover/defender/cd366286/id/15320990/?mfg_year_from=2018
CD366291,2021 JEEP RENEGADE 80TH,CD366291,2021,"$19,070",,36198,1300,,AT,,,,0,0,0,0,0,0,0,0,Yokohama,,https://www.beforward.jp/jeep/renegade/cd366291/id/15320995/?mfg_year_from=2018
CD366295,2025 JEEP COMMANDER,CD366295,2025,"$28,340",,1874,2000,,AT,,,,0,0,0,0,0,0,0,0,Yokohama,,https://www.beforward.jp/jeep/commander/cd366295/id/15320999/?mfg_year_from=2018
CD366302,2020 JEEP WRANGLER,CD366302,2020,"$30,330",,23255,2000,,AT,,,,0,0,0,0,0,0,0,0,Yokohama,,https://www.beforward.jp/jeep/wrangler/cd366302/id/15321006/?mfg_year_from=2018
CD366303,2024 MERCEDES-BENZ GLE-CLASS GLE534,CD366303,2024,"$63,180",,21529,3000,,AT,,,,0,0,0,0,0,0,0,0,Yokohama,,https://www.beforward.jp/mercedes-benz/gle-class/cd366303/id/15321007/?mfg_year_from=2018
CD366307,2024 FIAT 500X,CD366307,2024,"$13,770",,13025,1300,,AT,,,,0,0,0,0,0,0,0,0,Yokohama,,https://www.beforward.jp/fiat/500x/cd366307/id/15321011/?mfg_year_from=2018
CD366314,2019 JEEP COMPASS,CD366314,2019,"$14,440",,25564,2400,,AT,,,,0,0,0,0,0,0,0,0,Yokohama,,https://www.beforward.jp/jeep/compass/cd366314/id/15321018/?mfg_year_from=2018
CD366316,2021 JEEP RENEGADE 80TH,CD366316,2021,"$17,080",,38051,1300,,AT,,,,0,0,0,0,0,0,0,0,Yokohama,,https://www.beforward.jp/jeep/renegade/cd366316/id/15321020/?mfg_year_from=2018
CD366322,2021 FIAT 500X,CD366322,2021,"$13,770",,18618,1300,,AT,,,,0,0,0,0,0,0,0,0,Yokohama,,https://www.beforward.jp/fiat/500x/cd366322/id/15321026/?mfg_year_from=2018
CD366324,2018 BMW X3 X20DM,CD366324,2018,"$20,400",,16000,2000,,AT,,,,0,0,0,0,0,0,0,0,Yokohama,,https://www.beforward.jp/bmw/x3/cd366324/id/15321028/?mfg_year_from=2018
CD366339,2023 MAZDA CX-60 XD-LPKG,CD366339,2023,"$18,350",,34200,3300,,AT,,,,0,0,0,0,0,0,0,0,Yokohama,,https://www.beforward.jp/mazda/cx-60/cd366339/id/15321043/?mfg_year_from=2018
CD366340,2018 ROVER DISCOVERY,CD366340,2018,"$10,400",,91800,2000,,AT,,,,0,0,0,0,0,0,0,0,Yokohama,,https://www.beforward.jp/rover/discovery/cd366340/id/15321044/?mfg_year_from=2018
CD366370,2023 MAZDA CX-8 2.2XD,CD366370,2023,"$20,730",,22166,2200,,AT,,,,0,0,0,0,0,0,0,0,Yokohama,,https://www.beforward.jp/mazda/cx-8/cd366370/id/15321074/?mfg_year_from=2018
CD366382,2025 TOYOTA COROLLA CROSS G,CD366382,2025,"$19,080",,6813,2000,,AT,,,,0,0,0,0,0,0,0,0,Yokohama,,https://www.beforward.jp/toyota/corolla-cross/cd366382/id/15321086/?mfg_year_from=2018
CD366392,2023 LEXUS NX F,CD366392,2023,"$34,310",,29190,2500,,AT,,,,0,0,0,0,0,0,0,0,Kyushu,,https://www.beforward.jp/lexus/nx/cd366392/id/15321096/?mfg_year_from=2018
CD366394,2023 TOYOTA HARRIER G,CD366394,2023,"$17,750",,34000,2000,,AT,,,,0,0,0,0,0,0,0,0,Nagoya,,https://www.beforward.jp/toyota/harrier/cd366394/id/15321098/?mfg_year_from=2018
CD366401,2023 NISSAN ARIYA B6E-4ORCE,CD366401,2023,"$19,410",,63515,,,AT,,,,0,0,0,0,0,0,0,0,Yokohama,,https://www.beforward.jp/nissan/ariya/cd366401/id/15321105/?mfg_year_from=2018
CD366432,2022 LEXUS NX 450HVERSIONL,CD366432,2022,"$27,620",,72303,2500,,AT,,,,0,0,0,0,0,0,0,0,Yokohama,,https://www.beforward.jp/lexus/nx/cd366432/id/15321137/?mfg_year_from=2018
CD366445,2021 TOYOTA HARRIER 2.0Z,CD366445,2021,"$17,360",,49846,2000,,AT,,,,0,0,0,0,0,0,0,0,Yokohama,,https://www.beforward.jp/toyota/harrier/cd366445/id/15321150/?mfg_year_from=2018
CD366468,2021 TOYOTA RAV4 PK,CD366468,2021,"$16,150",,86603,200,,AT,,,,0,0,0,0,0,0,0,0,Kyushu,,https://www.beforward.jp/toyota/rav4/cd366468/id/15321173/?mfg_year_from=2018
CD366474,2025 SUZUKI JIMNY XC,CD366474,2025,"$14,760",,1023,660,,AT,,,,0,0,0,0,0,0,0,0,Kyushu,,https://www.beforward.jp/suzuki/jimny/cd366474/id/15321179/?mfg_year_from=2018
CD366478,2022 MAZDA CX-30 20S,CD366478,2022,"$13,110",,36083,2000,,AT,,,,0,0,0,0,0,0,0,0,Nagoya,,https://www.beforward.jp/mazda/cx-30/cd366478/id/15321183/?mfg_year_from=2018
CD366482,2018 SUBARU FORESTER 2.5X-BREAK,CD366482,2018,"$12,790",,57938,2500,,AT,,,,0,0,0,0,0,0,0,0,Kobe,,https://www.beforward.jp/subaru/forester/cd366482/id/15321187/?mfg_year_from=2018
CD366493,2023 NISSAN X-TRAIL HYBRID GE-4ORCE,CD366493,2023,"$21,380",,16840,1500,HYBRID,AT,,,,0,0,0,0,0,0,0,0,Osaka,,https://www.beforward.jp/nissan/x-trail-hybrid/cd366493/id/15321198/?mfg_year_from=2018
CD366509,2022 NISSAN X-TRAIL HYBRID 1.5XE-4ORCE,CD366509,2022,"$20,270",,37531,1500,HYBRID,AT,,,,0,0,0,0,0,0,0,0,Yokohama,,https://www.beforward.jp/nissan/x-trail-hybrid/cd366509/id/15321214/?mfg_year_from=2018
CD366547,2019 MAZDA CX-8 XDL,CD366547,2019,"$14,080",,35069,2200,,AT,,,,0,0,0,0,0,0,0,0,Yokohama,,https://www.beforward.jp/mazda/cx-8/cd366547/id/15321252/?mfg_year_from=2018
CD366506,2021 NISSAN LEAF G,CD366506,2021,"$7,820",,34574,,,AT,,,,0,0,0,0,0,0,0,0,Yokohama,,https://www.beforward.jp/nissan/leaf/cd366506/id/15321211/?mfg_year_from=2018
CD366507,2022 TOYOTA YARIS 1.0X,CD366507,2022,"$8,550",,85000,1000,,AT,,,,0,0,0,0,0,0,0,0,Yokohama,,https://www.beforward.jp/toyota/yaris/cd366507/id/15321212/?mfg_year_from=2018
CD366511,2023 SUBARU IMPREZA 2.0ST-GAWD,CD366511,2023,"$13,450",,14080,2000,,AT,,,,0,0,0,0,1,0,0,0,Niigata,,https://www.beforward.jp/subaru/impreza/cd366511/id/15321216/?mfg_year_from=2018
CD366513,2018 TOYOTA COROLLA SPORT G_Z,CD366513,2018,"$10,320",,88180,1196,,AT,,,,0,0,0,0,0,0,0,0,Yokohama,,https://www.beforward.jp/toyota/corolla-sport/cd366513/id/15321218/?mfg_year_from=2018
CD366581,2018 PORSCHE MACAN PDK4WD,CD366581,2018,"$14,970",,85300,2000,,AT,,,,0,0,0,0,1,0,0,0,Kyushu,,https://www.beforward.jp/porsche/macan/cd366581/id/15321287/?mfg_year_from=2018
CD366586,2023 PORSCHE MACAN GTS,CD366586,2023,"$66,760",,12712,2900,,AT,,,,0,0,0,0,0,0,0,0,Yokohama,,https://www.beforward.jp/porsche/macan/cd366586/id/15321292/?mfg_year_from=2018
CD366591,2020 LEXUS RX 300AWD,CD366591,2020,"$21,400",,24656,2000,,AT,,,,0,0,0,0,1,0,0,0,Niigata,,https://www.beforward.jp/lexus/rx/cd366591/id/15321297/?mfg_year_from=2018
CD366599,2018 MAZDA CX-8 2.2XDLPKG64WD,CD366599,2018,"$8,810",,107319,2200,,AT,,,,0,0,0,0,1,0,0,0,Niigata,,https://www.beforward.jp/mazda/cx-8/cd366599/id/15321305/?mfg_year_from=2018
CD366602,2021 TOYOTA YARIS CROSS Z,CD366602,2021,"$14,030",,56242,1500,,AT,,,,0,0,0,0,0,0,0,0,Toyama,,https://www.beforward.jp/toyota/yaris-cross/cd366602/id/15321308/?mfg_year_from=2018
CD366603,2023 LEXUS NX 350HL,CD366603,2023,"$26,890",,49186,2500,,AT,,,,0,0,0,0,0,0,0,0,Yokohama,,https://www.beforward.jp/lexus/nx/cd366603/id/15321309/?mfg_year_from=2018
CD366650,2021 LEXUS NX F,CD366650,2021,"$23,580",,38300,2000,,AT,,,,0,0,0,0,0,0,0,0,Kyushu,,https://www.beforward.jp/lexus/nx/cd366650/id/15321356/?mfg_year_from=2018
CD366677,2023 SUBARU FORESTER 1.8STISPORT,CD366677,2023,"$15,440",,54919,1800,,AT,,,,0,0,0,0,0,0,0,0,Kobe,,https://www.beforward.jp/subaru/forester/cd366677/id/15321383/?mfg_year_from=2018
CD366681,2023 MAZDA CX-8 XD,CD366681,2023,"$21,730",,24564,2200,,AT,,,,0,0,0,0,0,0,0,0,Yokohama,,https://www.beforward.jp/mazda/cx-8/cd366681/id/15321387/?mfg_year_from=2018
CD366683,2018 BMW MINI JCW,CD366683,2018,"$12,460",,46094,2000,,AT,,,,0,0,0,0,0,0,0,0,Yokohama,,https://www.beforward.jp/bmw/mini/cd366683/id/15321389/?mfg_year_from=2018
CD366689,2024 TOYOTA CROWN 2.5Z4WD,CD366689,2024,"$31,000",,2270,2500,,AT,,,,0,0,0,0,1,0,0,0,Yokohama,,https://www.beforward.jp/toyota/crown/cd366689/id/15321395/?mfg_year_from=2018
CD366648,2020 TOYOTA CROWN HYBRID G,CD366648,2020,"$19,400",,17924,3456,HYBRID,AT,,,,0,0,0,0,0,0,0,0,Yokohama,,https://www.beforward.jp/toyota/crown-hybrid/cd366648/id/15321354/?mfg_year_from=2018
CD366696,2019 ROVER DISCOVERY WC2019ED,CD366696,2019,"$10,470",,81496,2000,,AT,,,,0,0,0,0,0,0,0,0,Yokohama,,https://www.beforward.jp/rover/discovery/cd366696/id/15321402/?mfg_year_from=2018
CD366703,2023 NISSAN ARIYA B6,CD366703,2023,"$19,080",,16117,,,AT,,,,0,0,0,0,0,0,0,0,Kobe,,https://www.beforward.jp/nissan/ariya/cd366703/id/15321409/?mfg_year_from=2018
CD366719,2021 MAZDA MX-30,CD366719,2021,"$12,500",,39117,2000,,AT,,,,0,0,0,0,0,0,0,0,Yokohama,,https://www.beforward.jp/mazda/mx-30/cd366719/id/15321425/?mfg_year_from=2018
CD366730,2025 TOYOTA CROWN Z,CD366730,2025,"$35,040",,5000,2500,,AT,,,,0,0,0,0,0,0,0,0,Niigata,,https://www.beforward.jp/toyota/crown/cd366730/id/15321436/?mfg_year_from=2018
CD366734,2024 TOYOTA HARRIER HYBRID Z,CD366734,2024,"$26,300",,22014,2500,HYBRID,AT,,,,0,0,0,0,0,0,0,0,Yokohama,,https://www.beforward.jp/toyota/harrier-hybrid/cd366734/id/15321440/?mfg_year_from=2018
CD365282,2026 AUDI Q7,CD365282,2026,"$57,690",,1000,3000,,AT,,,,0,0,0,0,0,0,0,0,Yokohama,,https://www.beforward.jp/audi/q7/cd365282/id/15319979/?mfg_year_from=2018
CD365278,2020 TOYOTA HILUX 2.4 J REVO SMART CAB,CD365278,2020,"$12,890",,41000,2393,,MT,,,,0,0,0,0,0,0,0,0,Thailand,,https://www.beforward.jp/toyota/hilux/cd365278/id/15319971/?mfg_year_from=2018
CD365263,2020 TOYOTA HILUX 2.4 E REVO DOUBLE CAB,CD365263,2020,"$24,350",,60000,2393,,MT,,,,0,0,0,0,0,0,0,0,Thailand,,https://www.beforward.jp/toyota/hilux/cd365263/id/15319956/?mfg_year_from=2018
CD365303,2021 MERCEDES-BENZ B-CLASS,CD365303,2021,"$16,890",,37581,2000,,AT,,,,0,0,0,0,0,0,0,0,Kyushu,,https://www.beforward.jp/mercedes-benz/b-class/cd365303/id/15320001/?mfg_year_from=2018
CD365304,2018 BMW 5 SERIES,CD365304,2018,"$13,580",,56544,2000,,AT,,,,0,0,0,0,0,0,0,0,Kyushu,,https://www.beforward.jp/bmw/5-series/cd365304/id/15320002/?mfg_year_from=2018
CD365306,2019 CITROEN CITROEN OTHERS,CD365306,2019,"$7,820",,73451,2000,,AT,,,,0,0,0,0,0,0,0,0,Kobe,,https://www.beforward.jp/citroen/citroen-others/cd365306/id/15320004/?mfg_year_from=2018
CD365314,2021 TOYOTA CROWN HYBRID,CD365314,2021,"$23,120",,120109,2500,HYBRID,CVT,,,,0,0,0,0,0,0,0,0,Yokohama,,https://www.beforward.jp/toyota/crown-hybrid/cd365314/id/15320012/?mfg_year_from=2018
CD365241,2021 TOYOTA HIACE VAN,CD365241,2021,"$19,040",,61316,2700,,AT,,VAN,,0,0,0,0,0,0,0,0,Osaka,,https://www.beforward.jp/toyota/hiace-van/cd365241/id/15319934/?mfg_year_from=2018
CD365242,2021 TOYOTA HIACE VAN,CD365242,2021,"$19,970",,103459,2800,,AT,,VAN,,0,0,0,0,0,0,0,0,Osaka,,https://www.beforward.jp/toyota/hiace-van/cd365242/id/15319935/?mfg_year_from=2018
CD365272,2023 TOYOTA HILUX,CD365272,2023,"$19,110",,61331,2393,,MT,,,,0,0,0,0,0,0,0,0,Thailand,,https://www.beforward.jp/toyota/hilux/cd365272/id/15319965/?mfg_year_from=2018
CD365252,2021 TOYOTA HILUX 2.4 E REVO DOUBLE CAB,CD365252,2021,"$25,520",,48000,2393,,AT,,,,0,0,0,0,0,0,0,0,Thailand,,https://www.beforward.jp/toyota/hilux/cd365252/id/15319945/?mfg_year_from=2018
CD365251,2021 TOYOTA HILUX 2.4 J REVO SMART CAB,CD365251,2021,"$18,950",,60000,2393,,MT,,,,0,0,0,0,0,0,0,0,Thailand,,https://www.beforward.jp/toyota/hilux/cd365251/id/15319944/?mfg_year_from=2018
CD365240,2021 TOYOTA HILUX 2.8 J REVO SINGLE CAB,CD365240,2021,"$21,840",,14000,2755,,MT,,,,0,0,0,0,0,0,0,0,Thailand,,https://www.beforward.jp/toyota/hilux/cd365240/id/15319933/?mfg_year_from=2018
CD365214,2022 TOYOTA HILUX 2.4E ROCCO DOUBLE CAB,CD365214,2022,"$28,900",,45000,2393,,AT,,,,0,0,0,0,0,0,0,0,Thailand,,https://www.beforward.jp/toyota/hilux/cd365214/id/15319907/?mfg_year_from=2018
CD365213,2021 TOYOTA HILUX 2.4 J REVO SMART CAB,CD365213,2021,"$16,870",,47000,2393,,MT,,,,0,0,0,0,0,0,0,0,Thailand,,https://www.beforward.jp/toyota/hilux/cd365213/id/15319906/?mfg_year_from=2018
CD365212,2022 TOYOTA HILUX 2.4 J REVO DOUBLE CAB,CD365212,2022,"$21,540",,43000,2393,,MT,,,,0,0,0,0,0,0,0,0,Thailand,,https://www.beforward.jp/toyota/hilux/cd365212/id/15319905/?mfg_year_from=2018
CD365210,2019 TOYOTA HILUX 2.4 J REVO SMART CAB,CD365210,2019,"$14,420",,46000,2393,,AT,,,,0,0,0,0,0,0,0,0,Thailand,,https://www.beforward.jp/toyota/hilux/cd365210/id/15319903/?mfg_year_from=2018
CD365208,2020 TOYOTA HILUX 2.4 J REVO SMART CAB,CD365208,2020,"$14,920",,48000,2393,,MT,,,,0,0,0,0,0,0,0,0,Thailand,,https://www.beforward.jp/toyota/hilux/cd365208/id/15319901/?mfg_year_from=2018
CD365165,2023 TOYOTA HILUX 2.4 J REVO SMART CAB,CD365165,2023,"$14,750",,49000,2393,,AT,,,,0,0,0,0,0,0,0,0,Thailand,,https://www.beforward.jp/toyota/hilux/cd365165/id/15319858/?mfg_year_from=2018
CD365204,2021 TOYOTA HIACE VAN,CD365204,2021,"$21,660",,51448,2800,,AT,,VAN,,0,0,0,0,0,0,0,0,Kyushu,,https://www.beforward.jp/toyota/hiace-van/cd365204/id/15319897/?mfg_year_from=2018
CD365154,2018 TOYOTA HILUX 2.4 E REVO DOUBLE CAB,CD365154,2018,"$17,230",,47000,2393,,MT,,,,0,0,0,0,0,0,0,0,Thailand,,https://www.beforward.jp/toyota/hilux/cd365154/id/15319847/?mfg_year_from=2018
CD365151,2021 TOYOTA HILUX 2.4 J REVO DOUBLE CAB,CD365151,2021,"$17,820",,38000,2393,,MT,,,,0,0,0,0,0,0,0,0,Thailand,,https://www.beforward.jp/toyota/hilux/cd365151/id/15319844/?mfg_year_from=2018
CD365149,2023 TOYOTA HILUX 2.4 E REVO SMART CAB,CD365149,2023,"$18,860",,41000,2393,,MT,,,,0,0,0,0,0,0,0,0,Thailand,,https://www.beforward.jp/toyota/hilux/cd365149/id/15319842/?mfg_year_from=2018
CD365148,2024 TOYOTA HILUX 2.4 E REVO SMART CAB,CD365148,2024,"$20,840",,15000,2393,,MT,,,,0,0,0,0,0,0,0,0,Thailand,,https://www.beforward.jp/toyota/hilux/cd365148/id/15319841/?mfg_year_from=2018
CD365146,2023 TOYOTA HILUX 2.4 J REVO SINGLE CAB,CD365146,2023,"$17,870",,25000,2393,,AT,,,,0,0,0,0,0,0,0,0,Thailand,,https://www.beforward.jp/toyota/hilux/cd365146/id/15319839/?mfg_year_from=2018
CD365129,2019 TOYOTA HILUX 2.4 J REVO DOUBLE CAB,CD365129,2019,"$19,020",,72000,2393,,MT,,,,0,0,0,0,0,0,0,0,Thailand,,https://www.beforward.jp/toyota/hilux/cd365129/id/15319822/?mfg_year_from=2018
CD365124,2018 TOYOTA HILUX 2.4 J REVO SMART CAB,CD365124,2018,"$15,540",,46000,2393,,MT,,,,0,0,0,0,0,0,0,0,Thailand,,https://www.beforward.jp/toyota/hilux/cd365124/id/15319817/?mfg_year_from=2018
CD365135,2021 BMW 2 SERIES,CD365135,2021,"$14,440",,32000,2000,,AT,,,,0,0,0,0,0,0,0,0,Yokohama,,https://www.beforward.jp/bmw/2-series/cd365135/id/15319828/?mfg_year_from=2018
CD365125,2021 ISUZU D-MAX 1.9 ISUZU D-MAX DOUBLE CAB,CD365125,2021,"$22,140",,41000,1898,,AT,,,,0,0,0,0,0,0,0,0,Thailand,,https://www.beforward.jp/isuzu/d-max/cd365125/id/15319818/?mfg_year_from=2018
CD365104,2020 DAIHATSU HIJET CARGO,CD365104,2020,"$3,480",,110556,660,,AT,,,,0,0,0,0,0,0,0,0,Osaka,,https://www.beforward.jp/daihatsu/hijet-cargo/cd365104/id/15319797/?mfg_year_from=2018
CD365106,2019 MITSUBISHI DELICA D5,CD365106,2019,"$20,870",,74186,2200,,AT,,,,0,0,0,0,0,0,0,0,Yokohama,,https://www.beforward.jp/mitsubishi/delica-d5/cd365106/id/15319799/?mfg_year_from=2018
CD301325,2024 TOYOTA LAND CRUISER VX,CD301325,2024,"$46,030",,7050,2754,,AT,,,,0,0,0,0,0,0,0,0,Kobe,,https://www.beforward.jp/toyota/land-cruiser/cd301325/id/15254972/?mfg_year_from=2018
CD112347,2019 HONDA N-WGN GSS,CD112347,2019,"$5,630",,40100,658,,CVT,,,,0,0,0,0,0,0,0,0,Kobe,,https://www.beforward.jp/honda/n-wgn/cd112347/id/15064820/?mfg_year_from=2018
CD112333,2018 SUBARU XV 2.0I-S,CD112333,2018,"$6,300",,94050,1995,,CVT,,,,0,0,0,0,0,0,0,0,Kobe,,https://www.beforward.jp/subaru/xv/cd112333/id/15064806/?mfg_year_from=2018
CD101615,2019 MAZDA CX-30 XD,CD101615,2019,"$9,940",,71090,1756,,AT,,,,0,0,0,0,0,0,0,0,Kobe,,https://www.beforward.jp/mazda/cx-30/cd101615/id/15054050/?mfg_year_from=2018
CD076245,2021 DAIHATSU TAFT G,CD076245,2021,"$7,290",,40040,658,,CVT,,,,0,0,0,0,0,0,0,0,Kobe,,https://www.beforward.jp/daihatsu/taft/cd076245/id/15028515/?mfg_year_from=2018
CD065255,2022 SUZUKI SPACIA,CD065255,2022,"$9,940",,28660,658,,CVT,,,,0,0,0,0,0,0,0,0,Kobe,,https://www.beforward.jp/suzuki/spacia/cd065255/id/15017138/?mfg_year_from=2018
CC916191,2020 TOYOTA HILUX 4X4 | DOUBLE CABIN,CC916191,2020,"$28,380",,,2400,,AT,,,,0,0,0,0,0,0,0,0,United Kingdom,,https://www.beforward.jp/toyota/hilux/cc916191/id/14939465/?mfg_year_from=2018
CC914816,2018 NISSAN X-TRAIL 20X,CC914816,2018,"$6,630",,84300,1997,,CVT,,,,0,0,0,0,0,0,0,0,Kobe,,https://www.beforward.jp/nissan/x-trail/cc914816/id/14937801/?mfg_year_from=2018
CC913859,2023 DAIHATSU TANTO,CC913859,2023,"$11,060",,3236,658,,CVT,,,,0,0,0,0,0,0,0,0,Yokohama,,https://www.beforward.jp/daihatsu/tanto/cc913859/id/14936834/?mfg_year_from=2018
CC927367,2021 HONDA N-WGN L,CC927367,2021,"$5,300",,42650,658,,CVT,,,,0,0,0,0,0,0,0,0,Kobe,,https://www.beforward.jp/honda/n-wgn/cc927367/id/14950734/?mfg_year_from=2018
CC860832,2021 VOLVO XC60 B5AWD,CC860832,2021,"$15,900",,75300,1968,,AT,,,,0,0,0,0,1,0,0,0,Osaka,,https://www.beforward.jp/volvo/xc60/cc860832/id/14882882/?mfg_year_from=2018
CC860053,2019 DAIHATSU ATRAI WAGON RSSA,CC860053,2019,"$6,960",,50100,658,,AT,,WAGON,,0,0,0,0,0,0,0,0,Kobe,,https://www.beforward.jp/daihatsu/atrai-wagon/cc860053/id/14882082/?mfg_year_from=2018
CD365095,2020 TOYOTA HILUX 2.4E REVO CAB,CD365095,2020,"$18,980",,60700,2393,,MT,,,,0,0,0,0,0,0,0,0,Thailand,,https://www.beforward.jp/toyota/hilux/cd365095/id/15319788/?mfg_year_from=2018
CC570574,2022 MAZDA CX-30 XDL,CC570574,2022,"$12,920",,51286,1756,,AT,,,,0,0,0,0,0,0,0,0,Yokohama,,https://www.beforward.jp/mazda/cx-30/cc570574/id/14590631/?mfg_year_from=2018
CC323714,2021 NISSAN KIX X,CC323714,2021,"$10,530",,22085,1198,,CVT,,,,0,0,0,0,0,0,0,0,Yokohama,,https://www.beforward.jp/nissan/kix/cc323714/id/14342678/?mfg_year_from=2018
CC579133,2024 VOLVO XC90 B5AWD,CC579133,2024,"$33,650",,6600,1968,,AT,,,,0,0,0,0,1,0,0,0,Nagoya,,https://www.beforward.jp/volvo/xc90/cc579133/id/14600001/?mfg_year_from=2018
CC282605,2020 TOYOTA HARRIER HYBRID Z,CC282605,2020,"$18,480",,32229,2487,HYBRID,CVT,,,,0,0,0,0,0,0,0,0,Yokohama,,https://www.beforward.jp/toyota/harrier-hybrid/cc282605/id/14300609/?mfg_year_from=2018
CC082660,2019 HONDA N BOX GL,CC082660,2019,"$7,620",,26590,658,,CVT,,,,0,0,0,0,0,0,0,0,Yokohama,,https://www.beforward.jp/honda/n-box/cc082660/id/14098509/?mfg_year_from=2018
CD365072,2020 TOYOTA HILUX 2.4 E REVO SMART CAB,CD365072,2020,"$14,190",,41000,2393,,MT,,,,0,0,0,0,0,0,0,0,Thailand,,https://www.beforward.jp/toyota/hilux/cd365072/id/15319765/?mfg_year_from=2018
CD365071,2021 TOYOTA HILUX 2.4 J REVO DOUBLE CAB,CD365071,2021,"$17,390",,42210,2393,,AT,,,,0,0,0,0,0,0,0,0,Thailand,,https://www.beforward.jp/toyota/hilux/cd365071/id/15319764/?mfg_year_from=2018
CD365070,2021 TOYOTA HILUX 2.4 E REVO SMART CAB,CD365070,2021,"$17,540",,76000,2393,,AT,,,,0,0,0,0,0,0,0,0,Thailand,,https://www.beforward.jp/toyota/hilux/cd365070/id/15319763/?mfg_year_from=2018
CD365068,2019 TOYOTA HILUX 2.4 J REVO DOUBLE CAB,CD365068,2019,"$16,170",,40000,2393,,AT,,,,0,0,0,0,0,0,0,0,Thailand,,https://www.beforward.jp/toyota/hilux/cd365068/id/15319761/?mfg_year_from=2018
CD365060,2020 TOYOTA HILUX 2.4 E REVO DOUBLE CAB,CD365060,2020,"$23,490",,92000,2393,,AT,,,,0,0,0,0,0,0,0,0,Thailand,,https://www.beforward.jp/toyota/hilux/cd365060/id/15319753/?mfg_year_from=2018
CD365050,2020 TOYOTA HILUX 2.4 E REVO DOUBLE CAB,CD365050,2020,"$22,040",,45000,2393,,MT,,,,0,0,0,0,0,0,0,0,Thailand,,https://www.beforward.jp/toyota/hilux/cd365050/id/15319743/?mfg_year_from=2018
CD365042,2022 TOYOTA HILUX 2.4 J REVO SMART CAB,CD365042,2022,"$14,890",,50000,2393,,MT,,,,0,0,0,0,0,0,0,0,Thailand,,https://www.beforward.jp/toyota/hilux/cd365042/id/15319735/?mfg_year_from=2018
CD365036,2018 TOYOTA HILUX 2.4 E REVO DOUBLE CAB,CD365036,2018,"$16,140",,44000,2393,,MT,,,,0,0,0,0,0,0,0,0,Thailand,,https://www.beforward.jp/toyota/hilux/cd365036/id/15319729/?mfg_year_from=2018
CD365034,2023 TOYOTA HILUX 2.4 J REVO SMART CAB,CD365034,2023,"$18,720",,42000,2393,,MT,,,,0,0,0,0,0,0,0,0,Thailand,,https://www.beforward.jp/toyota/hilux/cd365034/id/15319727/?mfg_year_from=2018
CD365018,2022 FORD RANGER 2.0 RANGER DOUBLE CAB,CD365018,2022,"$27,560",,51600,1996,,AT,,,,0,0,0,0,0,0,0,0,Thailand,,https://www.beforward.jp/ford/ranger/cd365018/id/15319711/?mfg_year_from=2018
CD365038,2024 TOYOTA FORTUNER 2.8 GR SPORT SUV,CD365038,2024,"$45,480",,50500,2755,,AT,,SUV,,0,0,0,0,0,0,0,0,Thailand,,https://www.beforward.jp/toyota/fortuner/cd365038/id/15319731/?mfg_year_from=2018
CB465995,2018 HONDA FREED,CB465995,2018,"$8,950",,69590,1500,,CVT,,,,0,0,0,0,0,0,0,0,Yokohama,,https://www.beforward.jp/honda/freed/cb465995/id/13526661/?mfg_year_from=2018
CD365010,2023 TOYOTA HILUX 2.4 J REVO SMART CAB,CD365010,2023,"$18,520",,52000,2393,,MT,,,,0,0,0,0,0,0,0,0,Thailand,,https://www.beforward.jp/toyota/hilux/cd365010/id/15319703/?mfg_year_from=2018
CD365007,2022 TOYOTA HILUX 2.4 J REVO SMART CAB,CD365007,2022,"$21,170",,140000,2393,,AT,,,,0,0,0,0,0,0,0,0,Thailand,,https://www.beforward.jp/toyota/hilux/cd365007/id/15319700/?mfg_year_from=2018
CD365004,2020 TOYOTA HILUX 2.4 E REVO DOUBLE CAB,CD365004,2020,"$25,440",,120000,2393,,AT,,,,0,0,0,0,0,0,0,0,Thailand,,https://www.beforward.jp/toyota/hilux/cd365004/id/15319697/?mfg_year_from=2018
CD365000,2024 TOYOTA HILUX 2.4 J REVO SMART CAB,CD365000,2024,"$15,870",,44000,2393,,MT,,,,0,0,0,0,0,0,0,0,Thailand,,https://www.beforward.jp/toyota/hilux/cd365000/id/15319693/?mfg_year_from=2018
CD364989,2019 TOYOTA HILUX 2.4 E REVO SMART CAB,CD364989,2019,"$16,870",,52000,2393,,AT,,,,0,0,0,0,0,0,0,0,Thailand,,https://www.beforward.jp/toyota/hilux/cd364989/id/15319682/?mfg_year_from=2018
CD364985,2023 TOYOTA HILUX 2.4 E REVO DOUBLE CAB,CD364985,2023,"$24,460",,41000,2393,,AT,,,,0,0,0,0,0,0,0,0,Thailand,,https://www.beforward.jp/toyota/hilux/cd364985/id/15319674/?mfg_year_from=2018
CD215266,2026 TOYOTA HIACE VAN,CD215266,2026,"$25,500",,4,2800,,AT,,VAN,,0,0,0,0,0,0,0,0,Kobe,,https://www.beforward.jp/toyota/hiace-van/cd215266/id/15168291/?mfg_year_from=2018
CD364939,2021 TOYOTA HIACE VAN,CD364939,2021,"$16,960",,77068,2000,,AT,,VAN,,0,0,0,0,0,0,0,0,Yokohama,,https://www.beforward.jp/toyota/hiace-van/cd364939/id/15319628/?mfg_year_from=2018
CD364963,2021 TOYOTA HILUX 2.4 J REVO SINGLE CAB,CD364963,2021,"$15,270",,40000,2393,,MT,,,,0,0,0,0,0,0,0,0,Thailand,,https://www.beforward.jp/toyota/hilux/cd364963/id/15319652/?mfg_year_from=2018
CD364928,2022 TOYOTA HILUX 2.4 REVO DOUBLE CAB,CD364928,2022,"$22,690",,210000,2393,,AT,,,,0,0,0,0,0,0,0,0,Thailand,,https://www.beforward.jp/toyota/hilux/cd364928/id/15319617/?mfg_year_from=2018
CD364946,2021 FORD RANGER 2.2 FORD XLT DOUBLE CAB,CD364946,2021,"$13,750",,38000,2198,,MT,,,,0,0,0,0,0,0,0,0,Thailand,,https://www.beforward.jp/ford/ranger/cd364946/id/15319635/?mfg_year_from=2018
CD364940,2022 FORD RANGER 2.0 FORD WILDTRAK DOUBLE CAB,CD364940,2022,"$26,040",,42000,1996,,AT,,,,0,0,0,0,0,0,0,0,Thailand,,https://www.beforward.jp/ford/ranger/cd364940/id/15319629/?mfg_year_from=2018
CD364906,2018 TOYOTA HILUX 2.4 REVO DOUBLE CAB,CD364906,2018,"$15,160",,53000,2393,,MT,,,,0,0,0,0,0,0,0,0,Thailand,,https://www.beforward.jp/toyota/hilux/cd364906/id/15319594/?mfg_year_from=2018
CD364882,2025 TOYOTA HILUX 2.4 REVO SMART CAB,CD364882,2025,"$21,630",,15000,2393,,MT,,,,0,0,0,0,0,0,0,0,Thailand,,https://www.beforward.jp/toyota/hilux/cd364882/id/15319569/?mfg_year_from=2018
CD364878,2022 TOYOTA HILUX 2.4 E REVO DOUBLE CAB,CD364878,2022,"$25,330",,47000,2393,,AT,,,,0,0,0,0,0,0,0,0,Thailand,,https://www.beforward.jp/toyota/hilux/cd364878/id/15319565/?mfg_year_from=2018
CD364874,2022 TOYOTA HILUX 2.4 J REVO SMART CAB,CD364874,2022,"$20,140",,24000,2393,,AT,,,,0,0,0,0,0,0,0,0,Thailand,,https://www.beforward.jp/toyota/hilux/cd364874/id/15319561/?mfg_year_from=2018
CD364869,2018 TOYOTA HILUX 2.4 E REVO DOUBLE CAB,CD364869,2018,"$20,520",,47000,2393,,AT,,,,0,0,0,0,0,0,0,0,Thailand,,https://www.beforward.jp/toyota/hilux/cd364869/id/15319556/?mfg_year_from=2018
CD364892,2020 MITSUBISHI CANTER,CD364892,2020,"$14,910",,133246,3000,,MT,,,,0,0,0,0,0,0,0,0,Yokohama,,https://www.beforward.jp/mitsubishi/canter/cd364892/id/15319580/?mfg_year_from=2018
CD364859,2023 TOYOTA HILUX 2.8 J REVO SINGLE CAB,CD364859,2023,"$24,120",,50000,2755,,AT,,,,0,0,0,0,0,0,0,0,Thailand,,https://www.beforward.jp/toyota/hilux/cd364859/id/15319546/?mfg_year_from=2018
CD364794,2022 PEUGEOT 2008,CD364794,2022,"$15,240",,35000,1200,,AT,,,,0,0,0,0,0,0,0,0,Kyushu,,https://www.beforward.jp/peugeot/2008/cd364794/id/15319479/?mfg_year_from=2018
CC145802,2025 TOYOTA LAND CRUISER PRADO KAKADU | TOP OF THE LINE,CC145802,2025,"$64,200",,20429,2800,,AT,,,,0,0,0,0,0,0,0,0,Dubai,,https://www.beforward.jp/toyota/land-cruiser-prado/cc145802/id/14161899/?mfg_year_from=2018
CD364795,2022 FORD EVEREST 2.0 EVEREST TITANIUM PLUS,CD364795,2022,"$38,270",,109000,1996,,AT,,,,0,0,0,0,0,0,0,0,Thailand,,https://www.beforward.jp/ford/everest/cd364795/id/15319480/?mfg_year_from=2018
CD364868,2020 ISUZU D-MAX 1.9 DOUBLE CAB,CD364868,2020,"$20,250",,42367,1898,,AT,,,,0,0,0,0,0,0,0,0,Thailand,,https://www.beforward.jp/isuzu/d-max/cd364868/id/15319555/?mfg_year_from=2018
CD364806,2026 DAIHATSU ATRAI,CD364806,2026,"$12,970",,6,660,,CVT,,,,0,0,0,0,0,0,0,0,Yokohama,,https://www.beforward.jp/daihatsu/atrai/cd364806/id/15319491/?mfg_year_from=2018
CD364825,2022 NISSAN AD VAN,CD364825,2022,"$5,570",,162652,1500,,AT,,VAN,,0,0,0,0,0,0,0,0,Kobe,,https://www.beforward.jp/nissan/ad-van/cd364825/id/15319511/?mfg_year_from=2018
CD364827,2019 NISSAN NISSAN OTHERS,CD364827,2019,"$4,280",,196002,660,,AT,,,,0,0,0,0,0,0,0,0,Kobe,,https://www.beforward.jp/nissan/nissan-others/cd364827/id/15319513/?mfg_year_from=2018
CD364828,2020 DAIHATSU HIJET CARGO,CD364828,2020,"$4,270",,142637,660,,AT,,,,0,0,0,0,0,0,0,0,Kobe,,https://www.beforward.jp/daihatsu/hijet-cargo/cd364828/id/15319514/?mfg_year_from=2018
CD364829,2021 HONDA HONDA OTHERS,CD364829,2021,"$6,090",,73619,660,,AT,,,,0,0,0,0,0,0,0,0,Kobe,,https://www.beforward.jp/honda/honda-others/cd364829/id/15319515/?mfg_year_from=2018
CD364830,2021 HONDA HONDA OTHERS,CD364830,2021,"$6,950",,49256,660,,AT,,,,0,0,0,0,0,0,0,0,Kobe,,https://www.beforward.jp/honda/honda-others/cd364830/id/15319516/?mfg_year_from=2018
CD364831,2018 TOYOTA PROBOX,CD364831,2018,"$6,100",,76298,1300,,AT,,,,0,0,0,0,0,0,0,0,Kobe,,https://www.beforward.jp/toyota/probox/cd364831/id/15319517/?mfg_year_from=2018
CA392538,2018 TOYOTA HIACE VAN,CA392538,2018,"$22,520",,74080,2800,,AT,,VAN,,0,0,0,0,0,0,0,0,Osaka,,https://www.beforward.jp/toyota/hiace-van/ca392538/id/12476916/?mfg_year_from=2018
CD364777,2022 TOYOTA HILUX 2.4 J REVO SMART CAB,CD364777,2022,"$14,890",,8900,2393,,MT,,,,0,0,0,0,0,0,0,0,Thailand,,https://www.beforward.jp/toyota/hilux/cd364777/id/15319461/?mfg_year_from=2018
CD364776,2022 TOYOTA HILUX 2.8 J REVO SINGLE CAB,CD364776,2022,"$21,510",,45000,2755,,MT,,,,0,0,0,0,0,0,0,0,Thailand,,https://www.beforward.jp/toyota/hilux/cd364776/id/15319459/?mfg_year_from=2018
CD364775,2018 TOYOTA HILUX 2.4 E REVO SMART CAB,CD364775,2018,"$17,730",,40000,2393,,AT,,,,0,0,0,0,0,0,0,0,Thailand,,https://www.beforward.jp/toyota/hilux/cd364775/id/15319458/?mfg_year_from=2018
CD364774,2019 TOYOTA HILUX 2.4 E REVO DOUBLE CAB,CD364774,2019,"$18,860",,43000,2393,,AT,,,,0,0,0,0,0,0,0,0,Thailand,,https://www.beforward.jp/toyota/hilux/cd364774/id/15319457/?mfg_year_from=2018
CD364772,2020 TOYOTA HILUX,CD364772,2020,"$14,890",,42491,2393,,MT,,,,0,0,0,0,0,0,0,0,Thailand,,https://www.beforward.jp/toyota/hilux/cd364772/id/15319455/?mfg_year_from=2018
CD364736,2019 TOYOTA HILUX 2.4J REVO DOUBLE CAB,CD364736,2019,"$19,080",,80200,2393,,AT,,,,0,0,0,0,0,0,0,0,Thailand,,https://www.beforward.jp/toyota/hilux/cd364736/id/15319419/?mfg_year_from=2018
CD364729,2021 TOYOTA HILUX 2.4 J REVO DOUBLE CAB,CD364729,2021,"$17,870",,40000,2393,,MT,,,,0,0,0,0,0,0,0,0,Thailand,,https://www.beforward.jp/toyota/hilux/cd364729/id/15319411/?mfg_year_from=2018
CD364705,2022 TOYOTA HILUX 2.4 J REVO SMART CAB,CD364705,2022,"$17,490",,44000,2393,,AT,,,,0,0,0,0,0,0,0,0,Thailand,,https://www.beforward.jp/toyota/hilux/cd364705/id/15319382/?mfg_year_from=2018
CD364701,2022 TOYOTA HILUX 2.4 J REVO DOUBLE CAB,CD364701,2022,"$17,230",,43000,2393,,MT,,,,0,0,0,0,0,0,0,0,Thailand,,https://www.beforward.jp/toyota/hilux/cd364701/id/15319378/?mfg_year_from=2018
CD364697,2022 TOYOTA HILUX 2.4 E REVO SMART CAB,CD364697,2022,"$14,950",,36000,2393,,MT,,,,0,0,0,0,0,0,0,0,Thailand,,https://www.beforward.jp/toyota/hilux/cd364697/id/15319373/?mfg_year_from=2018
CD364708,2018 FORD RANGER 2.0 LIMITED DOUBLE CAB,CD364708,2018,"$17,440",,92000,1996,,AT,,,,0,0,0,0,0,0,0,0,Thailand,,https://www.beforward.jp/ford/ranger/cd364708/id/15319385/?mfg_year_from=2018
CD364694,2022 TOYOTA HILUX 2.4 REVO ROCCO DOUBLE CAB,CD364694,2022,"$27,560",,36000,2393,,AT,,,,0,0,0,0,0,0,0,0,Thailand,,https://www.beforward.jp/toyota/hilux/cd364694/id/15319370/?mfg_year_from=2018
CD364693,2023 TOYOTA HILUX 2.4 J REVO SMART CAB,CD364693,2023,"$17,170",,43000,2393,,AT,,,,0,0,0,0,0,0,0,0,Thailand,,https://www.beforward.jp/toyota/hilux/cd364693/id/15319369/?mfg_year_from=2018
CD364671,2020 TOYOTA HILUX 2.4 E REVO DOUBLE CAB,CD364671,2020,"$23,850",,119600,2393,,MT,,,,0,0,0,0,0,0,0,0,Thailand,,https://www.beforward.jp/toyota/hilux/cd364671/id/15319345/?mfg_year_from=2018
CD364668,2025 TOYOTA HILUX REVO 2.4 J DOUBLE CAB,CD364668,2025,"$27,860",,57000,2393,,MT,,,,0,0,0,0,0,0,0,0,Thailand,,https://www.beforward.jp/toyota/hilux/cd364668/id/15319341/?mfg_year_from=2018
CD364664,2023 TOYOTA HILUX 2.4 G REVO DOUBLE CAB,CD364664,2023,"$28,830",,18000,2393,,AT,,,,0,0,0,0,0,0,0,0,Thailand,,https://www.beforward.jp/toyota/hilux/cd364664/id/15319337/?mfg_year_from=2018
CD364644,2023 TOYOTA HILUX 2.4 E REVO DOUBLE CAB,CD364644,2023,"$24,490",,47000,2393,,AT,,,,0,0,0,0,0,0,0,0,Thailand,,https://www.beforward.jp/toyota/hilux/cd364644/id/15319317/?mfg_year_from=2018
CD364611,2019 TOYOTA HILUX 2.4 E REVO DOUBLE CAB,CD364611,2019,"$20,190",,44000,2393,,AT,,,,0,0,0,0,0,0,0,0,Thailand,,https://www.beforward.jp/toyota/hilux/cd364611/id/15319287/?mfg_year_from=2018
CD364609,2020 TOYOTA HILUX 2.4 E REVO DOUBLE CAB,CD364609,2020,"$15,150",,60000,2393,,AT,,,,0,0,0,0,0,0,0,0,Thailand,,https://www.beforward.jp/toyota/hilux/cd364609/id/15319285/?mfg_year_from=2018
CD364613,2019 FORD RANGER 2.2 FORD XLT SMART CAB,CD364613,2019,"$12,100",,41000,2198,,AT,,,,0,0,0,0,0,0,0,0,Thailand,,https://www.beforward.jp/ford/ranger/cd364613/id/15319289/?mfg_year_from=2018
CD364610,2023 FORD RANGER 2.0 FORD XLT DOUBLE CAB,CD364610,2023,"$23,490",,33000,1996,,MT,,,,0,0,0,0,0,0,0,0,Thailand,,https://www.beforward.jp/ford/ranger/cd364610/id/15319286/?mfg_year_from=2018
CD364606,2019 FORD RANGER 2.0 FORD DOUBLE CAB,CD364606,2019,"$18,520",,46000,1996,,AT,,,,0,0,0,0,0,0,0,0,Thailand,,https://www.beforward.jp/ford/ranger/cd364606/id/15319282/?mfg_year_from=2018
CD364585,2020 FORD RANGER 2.0 DOUBLE_CAB,CD364585,2020,"$26,930",,51000,1996,,AT,,,,0,0,0,0,0,0,0,0,Thailand,,https://www.beforward.jp/ford/ranger/cd364585/id/15319260/?mfg_year_from=2018
CD364556,2022 TOYOTA LAND CRUISER PRADO TX-L PACKAGE SUNROOF 7-SEATER,CD364556,2022,"$36,160",,19054,2700,,AT,,,,0,0,0,0,0,0,0,0,Nagoya,,https://www.beforward.jp/toyota/land-cruiser-prado/cd364556/id/15319231/?mfg_year_from=2018
CD364559,2023 TOYOTA LAND CRUISER ZX 4WD,CD364559,2023,"$77,220",,11047,3500,,AT,,,,0,0,0,0,1,0,0,0,Nagoya,,https://www.beforward.jp/toyota/land-cruiser/cd364559/id/15319234/?mfg_year_from=2018
CD364554,2023 LAND ROVER RANGE ROVER AUTOBIOGRAPHY D300 SWB,CD364554,2023,"$106,360",,6414,3000,,AT,,,,0,0,0,0,0,0,0,0,Nagoya,,https://www.beforward.jp/land-rover/range-rover/cd364554/id/15319229/?mfg_year_from=2018
CD364536,2026 TOYOTA YARIS CROSS,CD364536,2026,"$23,050",,10,1500,,CVT,,,,0,0,0,0,0,0,0,0,Kobe,,https://www.beforward.jp/toyota/yaris-cross/cd364536/id/15319211/?mfg_year_from=2018
CD364538,2026 TOYOTA RAIZE,CD364538,2026,"$21,730",,10,1200,,CVT,,,,0,0,0,0,0,0,0,0,Kobe,,https://www.beforward.jp/toyota/raize/cd364538/id/15319213/?mfg_year_from=2018
CD364549,2026 TOYOTA LAND CRUISER 2.7 LAND CRUISER FJ,CD364549,2026,"$41,400",,,2694,,AT,,,,0,0,0,0,0,0,0,0,Thailand,,https://www.beforward.jp/toyota/land-cruiser/cd364549/id/15319224/?mfg_year_from=2018
CD364524,2022 TOYOTA LAND CRUISER PRADO TX-L PACKAGE SUNROOF 7-SEATER,CD364524,2022,"$41,460",,6172,2700,,AT,,,,0,0,0,0,0,0,0,0,Nagoya,,https://www.beforward.jp/toyota/land-cruiser-prado/cd364524/id/15319199/?mfg_year_from=2018
CD364519,2022 TOYOTA LAND CRUISER PRADO TX-L PACKAGE SUNROOF 7-SEATER,CD364519,2022,"$38,810",,30053,2700,,AT,,,,0,0,0,0,0,0,0,0,Nagoya,,https://www.beforward.jp/toyota/land-cruiser-prado/cd364519/id/15319194/?mfg_year_from=2018
CD364522,2024 TOYOTA LAND CRUISER 250 ZX DIESEL TURBO 4WD,CD364522,2024,"$52,720",,1810,2800,DIESEL,AT,,,,0,0,0,0,1,0,0,0,Nagoya,,https://www.beforward.jp/toyota/land-cruiser/cd364522/id/15319197/?mfg_year_from=2018
CD364541,2020 LEXUS LEXUS OTHERS,CD364541,2020,"$25,500",,36300,2000,,CVT,,,,0,0,0,0,0,0,0,0,Kobe,,https://www.beforward.jp/lexus/lexus-others/cd364541/id/15319216/?mfg_year_from=2018
CD364521,2019 FORD EVEREST 2.0 EVEREST,CD364521,2019,"$24,600",,50000,1996,,AT,,,,0,0,0,0,0,0,0,0,Thailand,,https://www.beforward.jp/ford/everest/cd364521/id/15319196/?mfg_year_from=2018
CD364512,2023 MITSUBISHI PAJERO 2.4 PAJERO,CD364512,2023,"$33,080",,32000,2442,,AT,,,,0,0,0,0,0,0,0,0,Thailand,,https://www.beforward.jp/mitsubishi/pajero/cd364512/id/15319187/?mfg_year_from=2018
CD364473,2023 FORD RANGER 2.0 RANGER DOUBLE CAB,CD364473,2023,"$27,560",,59500,1996,,AT,,,,0,0,0,0,0,0,0,0,Thailand,,https://www.beforward.jp/ford/ranger/cd364473/id/15319148/?mfg_year_from=2018
CD364471,2021 NISSAN X-TRAIL,CD364471,2021,"$10,930",,69037,2000,,CVT,,,,0,0,0,0,0,0,0,0,Yokohama,,https://www.beforward.jp/nissan/x-trail/cd364471/id/15319146/?mfg_year_from=2018
CD364475,2024 LEXUS NX,CD364475,2024,"$26,760",,38062,2500,,AT,,,,0,0,0,0,0,0,0,0,Kyushu,,https://www.beforward.jp/lexus/nx/cd364475/id/15319150/?mfg_year_from=2018
CD364503,2020 DAIHATSU HIJET CARGO,CD364503,2020,"$5,500",,3170,660,,AT,,,,0,0,0,0,0,0,0,0,Yokohama,,https://www.beforward.jp/daihatsu/hijet-cargo/cd364503/id/15319178/?mfg_year_from=2018
CD364504,2021 NISSAN CLIPPER VAN,CD364504,2021,"$4,240",,68925,660,,AT,,VAN,,0,0,0,0,0,0,0,0,Yokohama,,https://www.beforward.jp/nissan/clipper-van/cd364504/id/15319179/?mfg_year_from=2018
CD364505,2019 HINO PROFIA,CD364505,2019,"$58,610",,600000,8860,,AT,,,,0,0,0,0,0,0,0,0,Yokohama,,https://www.beforward.jp/hino/profia/cd364505/id/15319180/?mfg_year_from=2018
CD364440,2020 TOYOTA HIACE VAN,CD364440,2020,"$21,790",,91870,2800,,AT,,VAN,,0,0,0,0,0,0,0,0,Kyushu,,https://www.beforward.jp/toyota/hiace-van/cd364440/id/15319113/?mfg_year_from=2018
CD364434,2021 TOYOTA HILUX 2.4J SMARTCAB,CD364434,2021,"$16,960",,58890,2393,,MT,,,,0,0,0,0,0,0,0,0,Thailand,,https://www.beforward.jp/toyota/hilux/cd364434/id/15319106/?mfg_year_from=2018
CD364432,2022 TOYOTA HILUX 2.4J SINGLE CAB,CD364432,2022,"$12,090",,60600,2393,,MT,,,,0,0,0,0,0,0,0,0,Thailand,,https://www.beforward.jp/toyota/hilux/cd364432/id/15319104/?mfg_year_from=2018
CD364430,2023 TOYOTA HILUX 2.4J SMARTCAB,CD364430,2023,"$15,480",,46500,2393,,MT,,,,0,0,0,0,0,0,0,0,Thailand,,https://www.beforward.jp/toyota/hilux/cd364430/id/15319102/?mfg_year_from=2018
CD334938,2019 MERCEDES-BENZ GLC-CLASS,CD334938,2019,"$24,180",,33000,3000,,AT,,,,0,0,0,0,0,0,0,0,Osaka,,https://www.beforward.jp/mercedes-benz/glc-class/cd334938/id/15288755/?mfg_year_from=2018
CD364448,2022 ISUZU MU-X 1.9 ULTIMATE SUV,CD364448,2022,"$30,740",,45110,1898,,AT,,SUV,,0,0,0,0,0,0,0,0,Thailand,,https://www.beforward.jp/isuzu/mu-x/cd364448/id/15319123/?mfg_year_from=2018
CD114593,2022 TOYOTA CROWN CROSSOVER,CD114593,2022,"$25,630",,32956,2500,,CVT,,,,0,0,0,0,0,0,0,0,Yokohama,,https://www.beforward.jp/toyota/crown-crossover/cd114593/id/15067132/?mfg_year_from=2018
CD226899,2021 TOYOTA RAV4 PHV,CD226899,2021,"$16,560",,96927,2500,,CVT,,,,0,0,0,0,0,0,0,0,Yokohama,,https://www.beforward.jp/toyota/rav4-phv/cd226899/id/15180094/?mfg_year_from=2018
CC830957,2021 MAZDA CX-5,CC830957,2021,"$14,710",,64794,2200,,AT,,,,0,0,0,0,0,0,0,0,Yokohama,,https://www.beforward.jp/mazda/cx-5/cc830957/id/14853227/?mfg_year_from=2018
CC314600,2023 MAZDA CX-8,CC314600,2023,"$17,290",,14629,2200,,AT,,,,0,0,0,0,0,0,0,0,Yokohama,,https://www.beforward.jp/mazda/cx-8/cc314600/id/14333292/?mfg_year_from=2018
CC915703,2021 TOYOTA TOWNACE VAN,CC915703,2021,"$11,860",,21942,1500,,AT,,VAN,,0,0,0,0,0,0,0,0,Yokohama,,https://www.beforward.jp/toyota/townace-van/cc915703/id/14939050/?mfg_year_from=2018
CB443992,2019 NISSAN CLIPPER VAN,CB443992,2019,"$4,110",,31774,660,,AT,,VAN,,0,0,0,0,0,0,0,0,Yokohama,,https://www.beforward.jp/nissan/clipper-van/cb443992/id/13503621/?mfg_year_from=2018
CD364378,2026 TOYOTA HIACE VAN,CD364378,2026,"$22,850",,5,2000,,AT,,VAN,,0,0,0,0,0,0,0,0,Kyushu,,https://www.beforward.jp/toyota/hiace-van/cd364378/id/15319044/?mfg_year_from=2018
CD364426,2024 HONDA ZR-V,CD364426,2024,"$17,750",,41144,2000,,CVT,,,,0,0,0,0,0,0,0,0,Yokohama,,https://www.beforward.jp/honda/zr-v/cd364426/id/15319097/?mfg_year_from=2018
CD364377,2025 SUZUKI JIMNY SIERRA,CD364377,2025,"$25,830",,10,1500,,AT,,,,0,0,0,0,0,0,0,0,Kyushu,,https://www.beforward.jp/suzuki/jimny-sierra/cd364377/id/15319043/?mfg_year_from=2018
CD364370,2020 TOYOTA ALPHARD,CD364370,2020,"$23,510",,18500,2500,,CVT,,,,0,0,0,0,0,0,0,0,Kyoto,,https://www.beforward.jp/toyota/alphard/cd364370/id/15319036/?mfg_year_from=2018
CD364371,2024 BMW 1 SERIES,CD364371,2024,"$18,420",,10410,1500,,AT,,,,0,0,0,0,0,0,0,0,Nagoya,,https://www.beforward.jp/bmw/1-series/cd364371/id/15319037/?mfg_year_from=2018
CD364376,2020 TOYOTA ROOMY,CD364376,2020,"$8,550",,41473,1000,,CVT,,,,0,0,0,0,0,0,0,0,Kyushu,,https://www.beforward.jp/toyota/roomy/cd364376/id/15319042/?mfg_year_from=2018
CD239744,2024 TOYOTA CROWN SPORT,CD239744,2024,"$33,440",,15483,2500,,CVT,,,,0,0,0,0,0,0,0,0,Yokohama,,https://www.beforward.jp/toyota/crown-sport/cd239744/id/15193027/?mfg_year_from=2018
CD102455,2024 TOYOTA PRIUS,CD102455,2024,"$16,550",,4288,1800,,CVT,,,,0,0,0,0,0,0,0,0,Yokohama,,https://www.beforward.jp/toyota/prius/cd102455/id/15055038/?mfg_year_from=2018
CC915579,2023 TOYOTA LAND CRUISER PRADO,CC915579,2023,"$30,120",,14572,2700,,AT,,,,0,0,0,0,0,0,0,0,Yokohama,,https://www.beforward.jp/toyota/land-cruiser-prado/cc915579/id/14938908/?mfg_year_from=2018
CC272753,2023 TOYOTA HILUX,CC272753,2023,"$30,530",,30103,2593,,AT,,,,0,0,0,0,0,0,0,0,Thailand,,https://www.beforward.jp/toyota/hilux/cc272753/id/14290847/?mfg_year_from=2018
CC391498,2022 TOYOTA HILUX,CC391498,2022,"$27,740",,124327,2393,,AT,,,,0,0,0,0,0,0,0,0,Thailand,,https://www.beforward.jp/toyota/hilux/cc391498/id/14410221/?mfg_year_from=2018
CC361127,2022 TOYOTA HILUX,CC361127,2022,"$15,660",,72000,2400,,AT,,,,0,0,0,0,0,0,0,0,Thailand,,https://www.beforward.jp/toyota/hilux/cc361127/id/14380001/?mfg_year_from=2018
CC391957,2024 FORD RANGER,CC391957,2024,"$27,740",,31855,1996,,AT,,,,0,0,0,0,0,0,0,0,Thailand,,https://www.beforward.jp/ford/ranger/cc391957/id/14411223/?mfg_year_from=2018
CC687317,2023 TOYOTA HARRIER HYBRID,CC687317,2023,"$23,770",,17076,2500,HYBRID,CVT,,,,0,0,0,0,0,0,0,0,Yokohama,,https://www.beforward.jp/toyota/harrier-hybrid/cc687317/id/14709063/?mfg_year_from=2018
CC407365,2024 TOYOTA HILUX,CC407365,2024,"$26,000",,19583,2393,,MT,,,,0,0,0,0,0,0,0,0,Thailand,,https://www.beforward.jp/toyota/hilux/cc407365/id/14426693/?mfg_year_from=2018
CC420266,2020 TOYOTA HILUX,CC420266,2020,"$27,740",,120522,2755,,AT,,,,0,0,0,0,0,0,0,0,Thailand,,https://www.beforward.jp/toyota/hilux/cc420266/id/14439821/?mfg_year_from=2018
CC489103,2022 TOYOTA HILUX,CC489103,2022,"$23,570",,87523,2393,,AT,,,,0,0,0,0,0,0,0,0,Thailand,,https://www.beforward.jp/toyota/hilux/cc489103/id/14508646/?mfg_year_from=2018
CC503489,2021 TOYOTA HILUX,CC503489,2021,"$19,080",,62991,2393,,MT,,,,0,0,0,0,0,0,0,0,Thailand,,https://www.beforward.jp/toyota/hilux/cc503489/id/14523710/?mfg_year_from=2018
CC520141,2020 TOYOTA HILUX,CC520141,2020,"$18,710",,178281,2393,,AT,,,,0,0,0,0,0,0,0,0,Thailand,,https://www.beforward.jp/toyota/hilux/cc520141/id/14540046/?mfg_year_from=2018
CC532385,2024 TOYOTA HILUX,CC532385,2024,"$27,740",,44772,2755,,MT,,,,0,0,0,0,0,0,0,0,Thailand,,https://www.beforward.jp/toyota/hilux/cc532385/id/14552497/?mfg_year_from=2018
CD014150,2020 TOYOTA HILUX DOUBLE CAB 2.4 HIGH PRERUNNER,CD014150,2020,"$21,870",,190000,2393,,MT,,,,0,0,0,0,0,0,0,0,Thailand,,https://www.beforward.jp/toyota/hilux/cd014150/id/14965971/?mfg_year_from=2018
CD014152,2020 TOYOTA HILUX ROCCO DOUBLECAB 2.4 PRERUNNER,CD014152,2020,"$23,230",,138000,2393,,AT,,,,0,0,0,0,0,0,0,0,Thailand,,https://www.beforward.jp/toyota/hilux/cd014152/id/14965973/?mfg_year_from=2018
CD014153,2021 TOYOTA HILUX DOUBLECAB 2.4 ENTRY PRERUNNER,CD014153,2021,"$20,450",,240000,2393,,AT,,,,0,0,0,0,0,0,0,0,Thailand,,https://www.beforward.jp/toyota/hilux/cd014153/id/14965974/?mfg_year_from=2018
CD014154,2022 TOYOTA HILUX DOUBLECAB 2.4 ENTRY PRERUNNER,CD014154,2022,"$22,530",,207000,2393,,AT,,,,0,0,0,0,0,0,0,0,Thailand,,https://www.beforward.jp/toyota/hilux/cd014154/id/14965975/?mfg_year_from=2018
CD014156,2022 TOYOTA HILUX DOUBLE CAB 2.4 ENTRY Z EDITION,CD014156,2022,"$17,320",,100000,2393,,AT,,,,0,0,0,0,0,0,0,0,Thailand,,https://www.beforward.jp/toyota/hilux/cd014156/id/14965977/?mfg_year_from=2018
CD014158,2021 TOYOTA HILUX SMARTCAB 2.4 MID,CD014158,2021,"$15,240",,220000,2393,,AT,,,,0,0,0,0,0,0,0,0,Thailand,,https://www.beforward.jp/toyota/hilux/cd014158/id/14965979/?mfg_year_from=2018
CD364267,2021 TOYOTA HIACE VAN,CD364267,2021,"$16,550",,235000,2800,,AT,,VAN,,0,0,0,0,0,0,0,0,Yokohama,,https://www.beforward.jp/toyota/hiace-van/cd364267/id/15318927/?mfg_year_from=2018
CD364268,2019 TOYOTA HIACE VAN,CD364268,2019,"$22,510",,80000,2800,,AT,,VAN,,0,0,0,0,0,0,0,0,Yokohama,,https://www.beforward.jp/toyota/hiace-van/cd364268/id/15318928/?mfg_year_from=2018
CD364286,2019 LAND ROVER LAND ROVER OTHERS,CD364286,2019,"$13,280",,50913,2000,,AT,,,,0,0,0,0,0,0,0,0,Niigata,,https://www.beforward.jp/land-rover/land-rover-others/cd364286/id/15318948/?mfg_year_from=2018
CD364285,2021 VOLVO VOLVO OTHERS,CD364285,2021,"$17,200",,44184,2000,,AT,,,,0,0,0,0,0,0,0,0,Kyushu,,https://www.beforward.jp/volvo/volvo-others/cd364285/id/15318947/?mfg_year_from=2018
CD364283,2025 SUZUKI SUZUKI OTHERS,CD364283,2025,"$19,110",,34,1500,,AT,,,,0,0,0,0,0,0,0,0,Yokohama,,https://www.beforward.jp/suzuki/suzuki-others/cd364283/id/15318944/?mfg_year_from=2018
CD364257,2025 TOYOTA CROWN SPORT,CD364257,2025,"$33,650",,600,2500,,CVT,,,,0,0,0,0,0,0,0,0,Yokohama,,https://www.beforward.jp/toyota/crown-sport/cd364257/id/15318917/?mfg_year_from=2018
CD364244,2025 LEXUS LBX,CD364244,2025,"$27,220",,882,1500,,CVT,,,,0,0,0,0,0,0,0,0,Kobe,,https://www.beforward.jp/lexus/lbx/cd364244/id/15318899/?mfg_year_from=2018
CC905424,2022 DAIHATSU ROCKY,CC905424,2022,"$12,180",,19476,1200,,CVT,,,,0,0,0,0,0,0,0,0,Kobe,,https://www.beforward.jp/daihatsu/rocky/cc905424/id/14928091/?mfg_year_from=2018
CC905434,2021 VOLKSWAGEN TIGUAN,CC905434,2021,"$22,460",,20000,1400,,AT,,,,0,0,0,0,0,0,0,0,Kyushu,,https://www.beforward.jp/volkswagen/tiguan/cc905434/id/14928101/?mfg_year_from=2018
BX546276,2024 VOLKSWAGEN T-ROC,BX546276,2024,"$21,730",,4700,1500,,AT,,,,0,0,0,0,0,0,0,0,Kyushu,,https://www.beforward.jp/volkswagen/t-roc/bx546276/id/10770915/?mfg_year_from=2018
CB368057,2025 VOLKSWAGEN T-ROC,CB368057,2025,"$25,100",,3000,1500,,AT,,,,0,0,0,0,0,0,0,0,Kyushu,,https://www.beforward.jp/volkswagen/t-roc/cb368057/id/13426968/?mfg_year_from=2018
CD364212,2019 JEEP WRANGLER,CD364212,2019,"$19,870",,85000,3600,,AT,,,,0,0,0,0,0,0,0,0,Nagoya,,https://www.beforward.jp/jeep/wrangler/cd364212/id/15318865/?mfg_year_from=2018
CD364162,2019 TOYOTA HILUX 2.4E REVO DOUBLE CAB,CD364162,2019,"$20,360",,100000,2393,,MT,,,,0,0,0,0,0,0,0,0,Thailand,,https://www.beforward.jp/toyota/hilux/cd364162/id/15318805/?mfg_year_from=2018
CD364155,2022 TOYOTA HILUX 2.4E REVO SMART CAB,CD364155,2022,"$21,950",,32000,2393,,MT,,,,0,0,0,0,0,0,0,0,Thailand,,https://www.beforward.jp/toyota/hilux/cd364155/id/15318797/?mfg_year_from=2018
CD364143,2019 TOYOTA HILUX 2.4E REVO DOUBLE CAB,CD364143,2019,"$18,130",,54450,2393,,MT,,,,0,0,0,0,0,0,0,0,Thailand,,https://www.beforward.jp/toyota/hilux/cd364143/id/15318784/?mfg_year_from=2018
CD364125,2022 TOYOTA HILUX 2.8 G REVO DOUBLE CAB,CD364125,2022,"$29,680",,41700,2755,,AT,,,,0,0,0,0,0,0,0,0,Thailand,,https://www.beforward.jp/toyota/hilux/cd364125/id/15318758/?mfg_year_from=2018
CD364158,2020 FORD RANGER 2.2 RANGER DOUBLE CAB,CD364158,2020,"$15,370",,125000,2198,,MT,,,,0,0,0,0,0,0,0,0,Thailand,,https://www.beforward.jp/ford/ranger/cd364158/id/15318800/?mfg_year_from=2018
CD364135,2023 FORD RANGER 2.0 RANGER DOUBLE CAB,CD364135,2023,"$27,560",,44500,1996,,AT,,,,0,0,0,0,0,0,0,0,Thailand,,https://www.beforward.jp/ford/ranger/cd364135/id/15318773/?mfg_year_from=2018
CD364124,2021 TOYOTA HILUX 2.8 ROCCO DOUBLE CAB,CD364124,2021,"$31,270",,49000,2755,,AT,,,,0,0,0,0,0,0,0,0,Thailand,,https://www.beforward.jp/toyota/hilux/cd364124/id/15318756/?mfg_year_from=2018
CD364105,2018 TOYOTA HILUX 2.4 J REVO STANDARD,CD364105,2018,"$14,100",,70300,2393,,MT,,,,0,0,0,0,0,0,0,0,Thailand,,https://www.beforward.jp/toyota/hilux/cd364105/id/15318736/?mfg_year_from=2018
CC346390,2023 TOYOTA HILUX 2.8 J REVO STANDARD,CC346390,2023,"$19,830",,47500,2755,,MT,,,,0,0,0,0,0,0,0,0,Thailand,,https://www.beforward.jp/toyota/hilux/cc346390/id/14365324/?mfg_year_from=2018
CD364102,2023 FORD RANGER 2.0 DOUBLE CAB,CD364102,2023,"$35,830",,55000,1996,,AT,,,,0,0,0,0,0,0,0,0,Thailand,,https://www.beforward.jp/ford/ranger/cd364102/id/15318732/?mfg_year_from=2018
CD364120,2024 LAND ROVER RANGE ROVER,CD364120,2024,"$95,900",,14000,3000,,AT,,,,0,0,0,0,0,0,0,0,Nagoya,,https://www.beforward.jp/land-rover/range-rover/cd364120/id/15318751/?mfg_year_from=2018
CD364089,2025 AUDI Q6,CD364089,2025,"$55,040",,1700,,,AT,,,,0,0,0,0,0,0,0,0,Nagoya,,https://www.beforward.jp/audi/q6/cd364089/id/15318711/?mfg_year_from=2018
CC654229,2022 TOYOTA LAND CRUISER PRADO TXL70TH,CC654229,2022,"$27,220",,19650,2693,,AT,,,,0,0,0,0,0,0,0,0,Yokohama,,https://www.beforward.jp/toyota/land-cruiser-prado/cc654229/id/14675405/?mfg_year_from=2018
CD364090,2025 AUDI Q6,CD364090,2025,"$63,380",,5000,,,AT,,,,0,0,0,0,0,0,0,0,Nagoya,,https://www.beforward.jp/audi/q6/cd364090/id/15318712/?mfg_year_from=2018
CD364098,2019 LAND ROVER DEFENDER,CD364098,2019,"$111,260",,25940,2200,,AT,,,,0,0,0,0,0,0,0,0,Yokohama,,https://www.beforward.jp/land-rover/defender/cd364098/id/15318720/?mfg_year_from=2018
CD112543,2022 TOYOTA RAV4 GZ,CD112543,2022,"$19,670",,22216,1986,,CVT,,,,0,0,0,0,0,0,0,0,Kobe,,https://www.beforward.jp/toyota/rav4/cd112543/id/15065021/?mfg_year_from=2018
CD111448,2022 TOYOTA RAIZE G,CD111448,2022,"$11,930",,20913,1196,,CVT,,,,0,0,0,0,0,0,0,0,Kobe,,https://www.beforward.jp/toyota/raize/cd111448/id/15063881/?mfg_year_from=2018
CD111349,2025 SUZUKI EVERY WAGON PZ,CD111349,2025,"$12,590",,7950,658,,CVT,,WAGON,,0,0,0,0,0,0,0,0,Kobe,,https://www.beforward.jp/suzuki/every-wagon/cd111349/id/15063778/?mfg_year_from=2018
CD364055,2022 TOYOTA HILUX 2.4 G REVO DOUBLE CAB,CD364055,2022,"$28,790",,36000,2393,,AT,,,,0,0,0,0,0,0,0,0,Thailand,,https://www.beforward.jp/toyota/hilux/cd364055/id/15318670/?mfg_year_from=2018
CD364047,2018 TOYOTA HILUX 2.4 E REVO DOUBLE CAB,CD364047,2018,"$20,550",,47000,2393,,MT,,,,0,0,0,0,0,0,0,0,Thailand,,https://www.beforward.jp/toyota/hilux/cd364047/id/15318659/?mfg_year_from=2018
CD364046,2022 TOYOTA HILUX 2.4 E REVO DOUBLE CAB,CD364046,2022,"$25,490",,43000,2393,,AT,,,,0,0,0,0,0,0,0,0,Thailand,,https://www.beforward.jp/toyota/hilux/cd364046/id/15318658/?mfg_year_from=2018
CD364061,2023 TOYOTA LAND CRUISER,CD364061,2023,"$72,040",,20298,3300,,AT,,,,0,0,0,0,0,0,0,0,Yokohama,,https://www.beforward.jp/toyota/land-cruiser/cd364061/id/15318677/?mfg_year_from=2018
CD364062,2025 TOYOTA LAND CRUISER,CD364062,2025,"$85,420",,7327,3300,,AT,,,,0,0,0,0,0,0,0,0,Yokohama,,https://www.beforward.jp/toyota/land-cruiser/cd364062/id/15318678/?mfg_year_from=2018
CD364056,2019 FORD RANGER 2.2 FORD XLT DOUBLE CAB,CD364056,2019,"$18,520",,41000,2198,,AT,,,,0,0,0,0,0,0,0,0,Thailand,,https://www.beforward.jp/ford/ranger/cd364056/id/15318672/?mfg_year_from=2018
CD364023,2018 TOYOTA HILUX 2.8 J REVO SINGLE CAB,CD364023,2018,"$20,140",,42000,2755,,MT,,,,0,0,0,0,0,0,0,0,Thailand,,https://www.beforward.jp/toyota/hilux/cd364023/id/15318635/?mfg_year_from=2018
CD364021,2024 FORD RANGER 2.0 FORD WILDTRAK DOUBLE CAB,CD364021,2024,"$28,260",,37000,1996,,AT,,,,0,0,0,0,0,0,0,0,Thailand,,https://www.beforward.jp/ford/ranger/cd364021/id/15318633/?mfg_year_from=2018
CD048046,2026 TOYOTA COROLLA CROSS,CD048046,2026,"$31,790",,10,2000,,CVT,,,,0,0,0,0,0,0,0,0,Yokohama,,https://www.beforward.jp/toyota/corolla-cross/cd048046/id/14999796/?mfg_year_from=2018
CD364033,2024 VOLKSWAGEN T-ROC,CD364033,2024,"$28,350",,30,2000,,AT,,,,0,0,0,0,0,0,0,0,Kyushu,,https://www.beforward.jp/volkswagen/t-roc/cd364033/id/15318645/?mfg_year_from=2018
CD364034,2024 VOLKSWAGEN PASSAT ALLTRACK,CD364034,2024,"$25,040",,20000,2000,,AT,,,,0,0,0,0,0,0,0,0,Kyushu,,https://www.beforward.jp/volkswagen/passat-alltrack/cd364034/id/15318646/?mfg_year_from=2018
CD364036,2022 VOLKSWAGEN T-ROC,CD364036,2022,"$21,730",,34000,2000,,AT,,,,0,0,0,0,0,0,0,0,Kyushu,,https://www.beforward.jp/volkswagen/t-roc/cd364036/id/15318648/?mfg_year_from=2018
CD363990,2019 TOYOTA HILUX 2.4 E REVO SMART CAB,CD363990,2019,"$16,010",,50000,2393,,MT,,,,0,0,0,0,0,0,0,0,Thailand,,https://www.beforward.jp/toyota/hilux/cd363990/id/15318598/?mfg_year_from=2018
CD363959,2022 TOYOTA HILUX,CD363959,2022,"$15,540",,66579,2392,,MT,,,,0,0,0,0,0,0,0,0,Thailand,,https://www.beforward.jp/toyota/hilux/cd363959/id/15318564/?mfg_year_from=2018
CD364003,2026 SUZUKI JIMNY NOMADE,CD364003,2026,"$21,130",,20,1500,,AT,,,,0,0,0,0,0,0,0,0,Kyushu,,https://www.beforward.jp/suzuki/jimny-nomade/cd364003/id/15318613/?mfg_year_from=2018
CD363963,2026 SUZUKI JIMNY NOMADE,CD363963,2026,"$21,330",,79,1500,,AT,,,,0,0,0,0,0,0,0,0,Yokohama,,https://www.beforward.jp/suzuki/jimny-nomade/cd363963/id/15318569/?mfg_year_from=2018
CD363984,2026 SUZUKI JIMNY NOMADE,CD363984,2026,"$20,400",,558,1500,,AT,,,,0,0,0,0,0,0,0,0,Nagoya,,https://www.beforward.jp/suzuki/jimny-nomade/cd363984/id/15318591/?mfg_year_from=2018
CD363971,2019 MITSUBISHI PAJERO 2.4 SUV PAJERO,CD363971,2019,"$25,760",,70000,2442,,AT,,SUV,,0,0,0,0,0,0,0,0,Thailand,,https://www.beforward.jp/mitsubishi/pajero/cd363971/id/15318578/?mfg_year_from=2018
CD363948,2019 TOYOTA HILUX 2.4 J REVO SMART CAB,CD363948,2019,"$16,510",,39000,2393,,MT,,,,0,0,0,0,0,0,0,0,Thailand,,https://www.beforward.jp/toyota/hilux/cd363948/id/15318551/?mfg_year_from=2018
CD363941,2020 TOYOTA HILUX 2.4 J REVO SMART CAB,CD363941,2020,"$16,870",,47000,2393,,MT,,,,0,0,0,0,0,0,0,0,Thailand,,https://www.beforward.jp/toyota/hilux/cd363941/id/15318542/?mfg_year_from=2018
CD363952,2019 FORD RANGER 2.0 FORD WILDTRAK DOUBLE CAB,CD363952,2019,"$22,140",,42000,1996,,AT,,,,0,0,0,0,0,0,0,0,Thailand,,https://www.beforward.jp/ford/ranger/cd363952/id/15318555/?mfg_year_from=2018
CD363945,2023 FORD RANGER 2.0 FORD SPORT DOUBLE CAB,CD363945,2023,"$24,120",,40000,1996,,AT,,,,0,0,0,0,0,0,0,0,Thailand,,https://www.beforward.jp/ford/ranger/cd363945/id/15318547/?mfg_year_from=2018
CD363944,2021 FORD RANGER 2.0 FORD WILDTRAK DOUBLE CAB,CD363944,2021,"$21,510",,65000,1996,,AT,,,,0,0,0,0,0,0,0,0,Thailand,,https://www.beforward.jp/ford/ranger/cd363944/id/15318546/?mfg_year_from=2018
CD363936,2020 FORD RANGER 2.2 FORD XLT DOUBLE CAB,CD363936,2020,"$22,160",,48000,2198,,AT,,,,0,0,0,0,0,0,0,0,Thailand,,https://www.beforward.jp/ford/ranger/cd363936/id/15318536/?mfg_year_from=2018
CD363377,2022 TOYOTA HILUX 2.4 J REVO SMART CAB,CD363377,2022,"$16,540",,41000,2393,,MT,,,,0,0,0,0,0,0,0,0,Thailand,,https://www.beforward.jp/toyota/hilux/cd363377/id/15317971/?mfg_year_from=2018
CD362982,2021 TOYOTA HILUX 2.4 E REVO SMART CAB,CD362982,2021,"$15,220",,42000,2393,,MT,,,,0,0,0,0,0,0,0,0,Thailand,,https://www.beforward.jp/toyota/hilux/cd362982/id/15317575/?mfg_year_from=2018
CD362905,2025 TOYOTA LAND CRUISER VX,CD362905,2025,"$36,760",,3100,2693,,AT,,,,0,0,0,0,0,0,0,0,Nagoya,,https://www.beforward.jp/toyota/land-cruiser/cd362905/id/15317498/?mfg_year_from=2018
CD363917,2020 FORD RANGER 2.2 FORD FX4 DOUBLE CAB,CD363917,2020,"$17,540",,43000,2198,,AT,,,,0,0,0,0,0,0,0,0,Thailand,,https://www.beforward.jp/ford/ranger/cd363917/id/15318513/?mfg_year_from=2018
CD362886,2019 SUZUKI HUSTLER G,CD362886,2019,"$4,970",,70085,658,,CVT,,,,0,0,0,0,0,0,0,0,Nagoya,,https://www.beforward.jp/suzuki/hustler/cd362886/id/15317479/?mfg_year_from=2018
CD362887,2021 SUZUKI HUSTLER X,CD362887,2021,"$9,610",,44535,658,,CVT,,,,0,0,0,0,0,0,0,0,Kyushu,,https://www.beforward.jp/suzuki/hustler/cd362887/id/15317480/?mfg_year_from=2018
CD362919,2025 MITSUBISHI DELICA MINI G,CD362919,2025,"$16,690",,10,659,,CVT,,,,0,0,0,0,0,0,0,0,Nagoya,,https://www.beforward.jp/mitsubishi/delica-mini/cd362919/id/15317512/?mfg_year_from=2018
CD362925,2023 SUZUKI JIMNY XC,CD362925,2023,"$12,920",,39170,658,,MT,,,,0,0,0,0,0,0,0,0,Nagoya,,https://www.beforward.jp/suzuki/jimny/cd362925/id/15317518/?mfg_year_from=2018
CD362926,2022 DAIHATSU MOVE CANBUS GVSSA,CD362926,2022,"$8,880",,14750,658,,CVT,,,,0,0,0,0,0,0,0,0,Nagoya,,https://www.beforward.jp/daihatsu/move-canbus/cd362926/id/15317519/?mfg_year_from=2018
CD362929,2026 SUZUKI JIMNY NOMADE FC,CD362929,2026,"$21,860",,50,1460,,AT,,,,0,0,0,0,0,0,0,0,Osaka,,https://www.beforward.jp/suzuki/jimny-nomade/cd362929/id/15317522/?mfg_year_from=2018
CD362930,2024 SUZUKI HUSTLER G,CD362930,2024,"$9,130",,10170,657,,CVT,,,,0,0,0,0,0,0,0,0,Nagoya,,https://www.beforward.jp/suzuki/hustler/cd362930/id/15317523/?mfg_year_from=2018
CD362931,2024 TOYOTA RAV4,CD362931,2024,"$23,850",,12424,1986,,CVT,,,,0,0,0,0,0,0,0,0,Nagoya,,https://www.beforward.jp/toyota/rav4/cd362931/id/15317524/?mfg_year_from=2018
CD362986,2025 TOYOTA LAND CRUISER VX,CD362986,2025,"$35,770",,15000,2693,,AT,,,,0,0,0,0,0,0,0,0,Kyushu,,https://www.beforward.jp/toyota/land-cruiser/cd362986/id/15317579/?mfg_year_from=2018
CD362987,2025 TOYOTA LAND CRUISER VX,CD362987,2025,"$37,420",,7600,2693,,AT,,,,0,0,0,0,0,0,0,0,Yokohama,,https://www.beforward.jp/toyota/land-cruiser/cd362987/id/15317580/?mfg_year_from=2018
CD362958,2019 DAIHATSU CAST XSA,CD362958,2019,"$4,970",,51680,658,,CVT,,,,0,0,0,0,0,0,0,0,Nagoya,,https://www.beforward.jp/daihatsu/cast/cd362958/id/15317551/?mfg_year_from=2018
CD362962,2021 JEEP COMPASS,CD362962,2021,"$18,220",,29770,2359,,AT,,,,0,0,0,0,0,0,0,0,Nagoya,,https://www.beforward.jp/jeep/compass/cd362962/id/15317555/?mfg_year_from=2018
CD362963,2023 SUZUKI WAGON R FX,CD362963,2023,"$8,280",,20130,657,,CVT,,WAGON,,0,0,0,0,0,0,0,0,Toyama,,https://www.beforward.jp/suzuki/wagon-r/cd362963/id/15317556/?mfg_year_from=2018
CD362964,2021 SUZUKI SPACIA G,CD362964,2021,"$5,970",,42820,658,,CVT,,,,0,0,0,0,0,0,0,0,Nagoya,,https://www.beforward.jp/suzuki/spacia/cd362964/id/15317557/?mfg_year_from=2018
CD363001,2022 TOYOTA HARRIER HYBRID Z,CD363001,2022,"$20,200",,34680,2487,HYBRID,CVT,,,,0,0,0,0,0,0,0,0,Kyushu,,https://www.beforward.jp/toyota/harrier-hybrid/cd363001/id/15317594/?mfg_year_from=2018
CD363002,2020 TOYOTA HARRIER HYBRID Z,CD363002,2020,"$23,850",,29300,2487,HYBRID,CVT,,,,0,0,0,0,0,0,0,0,Hokkaido,,https://www.beforward.jp/toyota/harrier-hybrid/cd363002/id/15317595/?mfg_year_from=2018
CD363007,2021 NISSAN ROOX G,CD363007,2021,"$9,280",,34455,659,,CVT,,,,0,0,0,0,0,0,0,0,Kyushu,,https://www.beforward.jp/nissan/roox/cd363007/id/15317600/?mfg_year_from=2018
CD363021,2024 SUZUKI JIMNY XC,CD363021,2024,"$14,730",,2260,658,,AT,,,,0,0,0,0,0,0,0,0,Kyushu,,https://www.beforward.jp/suzuki/jimny/cd363021/id/15317614/?mfg_year_from=2018
CD363022,2023 SUZUKI JIMNY SIERRA JC,CD363022,2023,"$18,550",,19500,1460,,AT,,,,0,0,0,0,0,0,0,0,Yokohama,,https://www.beforward.jp/suzuki/jimny-sierra/cd363022/id/15317615/?mfg_year_from=2018
CD363026,2018 HONDA N BOX GL,CD363026,2018,"$4,970",,64450,658,,CVT,,,,0,0,0,0,0,0,0,0,Kyushu,,https://www.beforward.jp/honda/n-box/cd363026/id/15317619/?mfg_year_from=2018
CD363069,2022 TOYOTA LAND CRUISER PRADO TXL70TH,CD363069,2022,"$29,810",,22327,2693,,AT,,,,0,0,0,0,0,0,0,0,Yokohama,,https://www.beforward.jp/toyota/land-cruiser-prado/cd363069/id/15317662/?mfg_year_from=2018
CD363070,2024 TOYOTA LAND CRUISER VX,CD363070,2024,"$36,760",,4700,2693,,AT,,,,0,0,0,0,0,0,0,0,Kobe,,https://www.beforward.jp/toyota/land-cruiser/cd363070/id/15317663/?mfg_year_from=2018
CD363042,2021 SUBARU CHIFFON R,CD363042,2021,"$5,440",,92005,658,,CVT,,,,0,0,0,0,0,0,0,0,Nagoya,,https://www.beforward.jp/subaru/chiffon/cd363042/id/15317635/?mfg_year_from=2018
CD363043,2020 DAIHATSU TANTO X,CD363043,2020,"$8,630",,61890,658,,CVT,,,,0,0,0,0,0,0,0,0,Kyushu,,https://www.beforward.jp/daihatsu/tanto/cd363043/id/15317636/?mfg_year_from=2018
CD363049,2024 SUZUKI SPACIA XZ,CD363049,2024,"$9,210",,5870,658,,CVT,,,,0,0,0,0,0,0,0,0,Kyushu,,https://www.beforward.jp/suzuki/spacia/cd363049/id/15317642/?mfg_year_from=2018
CD363050,2019 SUZUKI SPACIA XS,CD363050,2019,"$6,960",,55580,658,,CVT,,,,0,0,0,0,0,0,0,0,Osaka,,https://www.beforward.jp/suzuki/spacia/cd363050/id/15317643/?mfg_year_from=2018
CD363120,2023 TOYOTA RAIZE Z,CD363120,2023,"$13,580",,7950,1196,,CVT,,,,0,0,0,0,0,0,0,0,Kobe,,https://www.beforward.jp/toyota/raize/cd363120/id/15317713/?mfg_year_from=2018
CD363129,2020 NISSAN DAYZ S,CD363129,2020,"$5,630",,29850,659,,CVT,,,,0,0,0,0,0,0,0,0,Kyushu,,https://www.beforward.jp/nissan/dayz/cd363129/id/15317722/?mfg_year_from=2018
CD363130,2021 NISSAN ROOX X,CD363130,2021,"$8,610",,37110,659,,CVT,,,,0,0,0,0,0,0,0,0,Nagoya,,https://www.beforward.jp/nissan/roox/cd363130/id/15317723/?mfg_year_from=2018
CD363132,2020 MAZDA CX-30 20S,CD363132,2020,"$11,590",,36001,1997,,AT,,,,0,0,0,0,0,0,0,0,Yokohama,,https://www.beforward.jp/mazda/cx-30/cd363132/id/15317725/?mfg_year_from=2018
CD363135,2018 SUBARU XV 2.0I-L,CD363135,2018,"$6,220",,101690,1995,,CVT,,,,0,0,0,0,0,0,0,0,Nagoya,,https://www.beforward.jp/subaru/xv/cd363135/id/15317728/?mfg_year_from=2018
CD363140,2018 HONDA N BOX GL,CD363140,2018,"$6,960",,57610,658,,CVT,,,,0,0,0,0,0,0,0,0,Kobe,,https://www.beforward.jp/honda/n-box/cd363140/id/15317733/?mfg_year_from=2018
CD363165,2020 TOYOTA LAND CRUISER PRADO TXL,CD363165,2020,"$28,150",,25007,2693,,AT,,,,0,0,0,0,0,0,0,0,Osaka,,https://www.beforward.jp/toyota/land-cruiser-prado/cd363165/id/15317758/?mfg_year_from=2018
CD363185,2023 SUBARU CROSSTREK,CD363185,2023,"$17,220",,30785,1995,,CVT,,,,0,0,0,0,0,0,0,0,Hokkaido,,https://www.beforward.jp/subaru/crosstrek/cd363185/id/15317778/?mfg_year_from=2018
CD363188,2019 HONDA N BOX GL,CD363188,2019,"$5,970",,65440,658,,CVT,,,,0,0,0,0,0,0,0,0,Yokohama,,https://www.beforward.jp/honda/n-box/cd363188/id/15317781/?mfg_year_from=2018
CD363190,2019 MAZDA CX-5 25TL,CD363190,2019,"$12,990",,15096,2488,,AT,,,,0,0,0,0,0,0,0,0,Hokkaido,,https://www.beforward.jp/mazda/cx-5/cd363190/id/15317783/?mfg_year_from=2018
CD363202,2025 JAGUAR E-PACE RHSEP300E,CD363202,2025,"$42,390",,9480,1498,,AT,,,,0,0,0,0,0,0,0,0,Osaka,,https://www.beforward.jp/jaguar/e-pace/cd363202/id/15317795/?mfg_year_from=2018
CD363208,2021 HONDA N BOX L,CD363208,2021,"$7,950",,41300,658,,CVT,,,,0,0,0,0,0,0,0,0,Osaka,,https://www.beforward.jp/honda/n-box/cd363208/id/15317801/?mfg_year_from=2018
CD363213,2022 TOYOTA LAND CRUISER PRADO TXL,CD363213,2022,"$30,140",,31260,2693,,AT,,,,0,0,0,0,0,0,0,0,Kobe,,https://www.beforward.jp/toyota/land-cruiser-prado/cd363213/id/15317806/?mfg_year_from=2018
CD363216,2021 HONDA VEZEL EHEVZ,CD363216,2021,"$16,560",,32385,1496,,CVT,,,,0,0,0,0,0,0,0,0,Nagoya,,https://www.beforward.jp/honda/vezel/cd363216/id/15317809/?mfg_year_from=2018
CD363218,2022 TOYOTA RAIZE G,CD363218,2022,"$11,260",,76225,1196,,CVT,,,,0,0,0,0,0,0,0,0,Nagoya,,https://www.beforward.jp/toyota/raize/cd363218/id/15317811/?mfg_year_from=2018
CD363219,2025 SUZUKI SPACIA G,CD363219,2025,"$9,610",,14007,657,,CVT,,,,0,0,0,0,0,0,0,0,Hokkaido,,https://www.beforward.jp/suzuki/spacia/cd363219/id/15317812/?mfg_year_from=2018
CD363221,2020 TOYOTA RAIZE G,CD363221,2020,"$9,010",,30100,996,,CVT,,,,0,0,0,0,0,0,0,0,Nagoya,,https://www.beforward.jp/toyota/raize/cd363221/id/15317814/?mfg_year_from=2018
CD363226,2018 HONDA N BOX GL,CD363226,2018,"$6,630",,83635,658,,CVT,,,,0,0,0,0,0,0,0,0,Nagoya,,https://www.beforward.jp/honda/n-box/cd363226/id/15317819/?mfg_year_from=2018
CD363252,2020 VOLVO XC60 B5AWD,CD363252,2020,"$17,890",,74200,1968,,AT,,,,0,0,0,0,1,0,0,0,Yokohama,,https://www.beforward.jp/volvo/xc60/cd363252/id/15317845/?mfg_year_from=2018
CD363253,2020 TOYOTA RAV4,CD363253,2020,"$18,420",,42050,1986,,CVT,,,,0,0,0,0,0,0,0,0,Yokohama,,https://www.beforward.jp/toyota/rav4/cd363253/id/15317846/?mfg_year_from=2018
CD363259,2018 JAGUAR E-PACE 180PS,CD363259,2018,"$13,380",,67070,1999,,AT,,,,0,0,0,0,0,0,0,0,Osaka,,https://www.beforward.jp/jaguar/e-pace/cd363259/id/15317852/?mfg_year_from=2018
CD363262,2018 MAZDA CX-8 XD,CD363262,2018,"$11,060",,80430,2188,,AT,,,,0,0,0,0,0,0,0,0,Yokohama,,https://www.beforward.jp/mazda/cx-8/cd363262/id/15317855/?mfg_year_from=2018
CD363265,2024 SUZUKI HUSTLER,CD363265,2024,"$10,140",,26,657,,CVT,,,,0,0,0,0,0,0,0,0,Kyushu,,https://www.beforward.jp/suzuki/hustler/cd363265/id/15317858/?mfg_year_from=2018
CD363266,2021 NISSAN DAYZ X,CD363266,2021,"$4,970",,33585,659,,CVT,,,,0,0,0,0,0,0,0,0,Yokohama,,https://www.beforward.jp/nissan/dayz/cd363266/id/15317859/?mfg_year_from=2018
CD363286,2024 TOYOTA LAND CRUISER VX,CD363286,2024,"$38,160",,12779,2693,,AT,,,,0,0,0,0,0,0,0,0,Nagoya,,https://www.beforward.jp/toyota/land-cruiser/cd363286/id/15317879/?mfg_year_from=2018
CD363276,2019 MAZDA CX-5 XD,CD363276,2019,"$10,500",,32270,2188,,MT,,,,0,0,0,0,0,0,0,0,Yokohama,,https://www.beforward.jp/mazda/cx-5/cd363276/id/15317869/?mfg_year_from=2018
CD363280,2021 NISSAN DAYZ G,CD363280,2021,"$6,630",,28730,659,,CVT,,,,0,0,0,0,0,0,0,0,Kyoto,,https://www.beforward.jp/nissan/dayz/cd363280/id/15317873/?mfg_year_from=2018
CD363282,2024 HONDA N BOX,CD363282,2024,"$10,930",,6348,658,,CVT,,,,0,0,0,0,0,0,0,0,Nagoya,,https://www.beforward.jp/honda/n-box/cd363282/id/15317875/?mfg_year_from=2018
CD363287,2018 VOLVO XC40 T4,CD363287,2018,"$10,270",,68500,1968,,AT,,,,0,0,0,0,0,0,0,0,Yokohama,,https://www.beforward.jp/volvo/xc40/cd363287/id/15317880/?mfg_year_from=2018
CD363289,2021 NISSAN ROOX X,CD363289,2021,"$8,610",,42450,659,,CVT,,,,0,0,0,0,0,0,0,0,Nagoya,,https://www.beforward.jp/nissan/roox/cd363289/id/15317882/?mfg_year_from=2018
CD363335,2022 TOYOTA LAND CRUISER PRADO TXL70TH,CD363335,2022,"$26,030",,26988,2693,,AT,,,,0,0,0,0,0,0,0,0,Yokohama,,https://www.beforward.jp/toyota/land-cruiser-prado/cd363335/id/15317928/?mfg_year_from=2018
CD363340,2023 TOYOTA LAND CRUISER PRADO TXL,CD363340,2023,"$39,080",,14255,2754,,AT,,,,0,0,0,0,0,0,0,0,Yokohama,,https://www.beforward.jp/toyota/land-cruiser-prado/cd363340/id/15317934/?mfg_year_from=2018
CD363344,2024 TOYOTA LAND CRUISER VX,CD363344,2024,"$34,770",,26930,2693,,AT,,,,0,0,0,0,0,0,0,0,Yokohama,,https://www.beforward.jp/toyota/land-cruiser/cd363344/id/15317938/?mfg_year_from=2018
CD363318,2022 NISSAN ROOX G,CD363318,2022,"$8,950",,49750,659,,CVT,,,,0,0,0,0,0,0,0,0,Kobe,,https://www.beforward.jp/nissan/roox/cd363318/id/15317911/?mfg_year_from=2018
CD363323,2021 LEXUS RX RX450HF,CD363323,2021,"$32,730",,38809,3456,,CVT,,,,0,0,0,0,0,0,0,0,Nagoya,,https://www.beforward.jp/lexus/rx/cd363323/id/15317916/?mfg_year_from=2018
CD363326,2019 HONDA N-ONE,CD363326,2019,"$7,620",,31130,658,,CVT,,,,0,0,0,0,0,0,0,0,Nagoya,,https://www.beforward.jp/honda/n-one/cd363326/id/15317919/?mfg_year_from=2018
CD363351,2025 TOYOTA RAIZE Z,CD363351,2025,"$15,380",,5590,1196,,CVT,,,,0,0,0,0,0,0,0,0,Kobe,,https://www.beforward.jp/toyota/raize/cd363351/id/15317945/?mfg_year_from=2018
CD363352,2021 NISSAN ROOX X,CD363352,2021,"$8,150",,14010,659,,CVT,,,,0,0,0,0,0,0,0,0,Toyama,,https://www.beforward.jp/nissan/roox/cd363352/id/15317946/?mfg_year_from=2018
CD363353,2024 NISSAN ROOX X,CD363353,2024,"$10,070",,29898,659,,CVT,,,,0,0,0,0,0,0,0,0,Yokohama,,https://www.beforward.jp/nissan/roox/cd363353/id/15317947/?mfg_year_from=2018
CD363361,2023 DAIHATSU MOVE CANBUS G,CD363361,2023,"$9,410",,12200,658,,CVT,,,,0,0,0,0,0,0,0,0,Toyama,,https://www.beforward.jp/daihatsu/move-canbus/cd363361/id/15317955/?mfg_year_from=2018
CD363362,2019 SUZUKI SPACIA X,CD363362,2019,"$7,950",,19552,658,,CVT,,,,0,0,0,0,0,0,0,0,Kobe,,https://www.beforward.jp/suzuki/spacia/cd363362/id/15317956/?mfg_year_from=2018
CD363363,2021 TOYOTA YARIS CROSS G,CD363363,2021,"$15,020",,21700,1490,,CVT,,,,0,0,0,0,0,0,0,0,Kobe,,https://www.beforward.jp/toyota/yaris-cross/cd363363/id/15317957/?mfg_year_from=2018
CD363393,2020 TOYOTA RAV4 G,CD363393,2020,"$20,530",,19160,2487,,CVT,,,,0,0,0,0,0,0,0,0,Yokohama,,https://www.beforward.jp/toyota/rav4/cd363393/id/15317987/?mfg_year_from=2018
CD363394,2021 TOYOTA RAV4 G,CD363394,2021,"$20,470",,28960,2487,,CVT,,,,0,0,0,0,0,0,0,0,Nagoya,,https://www.beforward.jp/toyota/rav4/cd363394/id/15317988/?mfg_year_from=2018
CD363395,2023 TOYOTA RAV4 G,CD363395,2023,"$24,500",,16320,2487,,CVT,,,,0,0,0,0,0,0,0,0,Yokohama,,https://www.beforward.jp/toyota/rav4/cd363395/id/15317989/?mfg_year_from=2018
CD363396,2021 TOYOTA HARRIER HYBRID Z,CD363396,2021,"$20,530",,34365,2487,HYBRID,CVT,,,,0,0,0,0,0,0,0,0,Nagoya,,https://www.beforward.jp/toyota/harrier-hybrid/cd363396/id/15317990/?mfg_year_from=2018
CD363397,2022 NISSAN ROOX G,CD363397,2022,"$9,220",,14635,659,,CVT,,,,0,0,0,0,0,0,0,0,Yokohama,,https://www.beforward.jp/nissan/roox/cd363397/id/15317991/?mfg_year_from=2018
CD363401,2020 SUZUKI EVERY,CD363401,2020,"$5,630",,93599,658,,MT,,,,0,0,0,0,0,0,0,0,Yokohama,,https://www.beforward.jp/suzuki/every/cd363401/id/15317995/?mfg_year_from=2018
CD363445,2023 TOYOTA LAND CRUISER PRADO TXL,CD363445,2023,"$27,820",,36927,2693,,AT,,,,0,0,0,0,0,0,0,0,Yokohama,,https://www.beforward.jp/toyota/land-cruiser-prado/cd363445/id/15318039/?mfg_year_from=2018
CD363446,2024 TOYOTA LAND CRUISER VX,CD363446,2024,"$37,310",,10764,2693,,AT,,,,0,0,0,0,0,0,0,0,Yokohama,,https://www.beforward.jp/toyota/land-cruiser/cd363446/id/15318040/?mfg_year_from=2018
CD363421,2020 DAIHATSU TANTO X,CD363421,2020,"$8,550",,16890,658,,CVT,,,,0,0,0,0,0,0,0,0,Nagoya,,https://www.beforward.jp/daihatsu/tanto/cd363421/id/15318015/?mfg_year_from=2018
CD363422,2025 DAIHATSU MOVE CANBUS G,CD363422,2025,"$10,270",,7371,658,,CVT,,,,0,0,0,0,0,0,0,0,Yokohama,,https://www.beforward.jp/daihatsu/move-canbus/cd363422/id/15318016/?mfg_year_from=2018
CD363426,2025 SUZUKI JIMNY NOMADE FC,CD363426,2025,"$20,310",,10500,1460,,AT,,,,0,0,0,0,0,0,0,0,Yokohama,,https://www.beforward.jp/suzuki/jimny-nomade/cd363426/id/15318020/?mfg_year_from=2018
CD363428,2024 SUZUKI SPACIA XS,CD363428,2024,"$13,880",,17643,658,,CVT,,,,0,0,0,0,0,0,0,0,Yokohama,,https://www.beforward.jp/suzuki/spacia/cd363428/id/15318022/?mfg_year_from=2018
CD363451,2023 TOYOTA HARRIER PHEV Z,CD363451,2023,"$25,170",,21120,2487,,CVT,,,,0,0,0,0,0,0,0,0,Yokohama,,https://www.beforward.jp/toyota/harrier-phev/cd363451/id/15318045/?mfg_year_from=2018
CD363452,2021 NISSAN DAYZ X,CD363452,2021,"$5,300",,55860,659,,CVT,,,,0,0,0,0,0,0,0,0,Yokohama,,https://www.beforward.jp/nissan/dayz/cd363452/id/15318046/?mfg_year_from=2018
CD363454,2021 NISSAN ROOX X,CD363454,2021,"$6,960",,37660,659,,CVT,,,,0,0,0,0,0,0,0,0,Yokohama,,https://www.beforward.jp/nissan/roox/cd363454/id/15318048/?mfg_year_from=2018
CD363461,2018 SUZUKI JIMNY XL,CD363461,2018,"$10,270",,32050,658,,AT,,,,0,0,0,0,0,0,0,0,Toyama,,https://www.beforward.jp/suzuki/jimny/cd363461/id/15318055/?mfg_year_from=2018
CD363463,2020 MAZDA CX-8 XDS,CD363463,2020,"$13,250",,65476,2188,,AT,,,,0,0,0,0,0,0,0,0,Yokohama,,https://www.beforward.jp/mazda/cx-8/cd363463/id/15318057/?mfg_year_from=2018
CD363464,2019 MAZDA CX-8 25S,CD363464,2019,"$12,460",,86575,2488,,AT,,,,0,0,0,0,0,0,0,0,Yokohama,,https://www.beforward.jp/mazda/cx-8/cd363464/id/15318058/?mfg_year_from=2018
CD363482,2025 TOYOTA RAIZE Z,CD363482,2025,"$15,900",,10880,996,,CVT,,,,0,0,0,0,0,0,0,0,Yokohama,,https://www.beforward.jp/toyota/raize/cd363482/id/15318076/?mfg_year_from=2018
CD363483,2023 LEXUS NX NX450HL,CD363483,2023,"$33,120",,22265,2487,,CVT,,,,0,0,0,0,0,0,0,0,Niigata,,https://www.beforward.jp/lexus/nx/cd363483/id/15318077/?mfg_year_from=2018
CD363484,2020 LEXUS NX NX300HL,CD363484,2020,"$25,500",,37956,2493,,CVT,,,,0,0,0,0,0,0,0,0,Nagoya,,https://www.beforward.jp/lexus/nx/cd363484/id/15318078/?mfg_year_from=2018
CD363486,2021 DAIHATSU TAFT X,CD363486,2021,"$10,600",,28500,658,,CVT,,,,0,0,0,0,0,0,0,0,Yokohama,,https://www.beforward.jp/daihatsu/taft/cd363486/id/15318080/?mfg_year_from=2018
CD363488,2026 SUZUKI JIMNY NOMADE FC,CD363488,2026,"$19,540",,28,1460,,AT,,,,0,0,0,0,0,0,0,0,Nagoya,,https://www.beforward.jp/suzuki/jimny-nomade/cd363488/id/15318082/?mfg_year_from=2018
CD363491,2019 SUZUKI SPACIA X,CD363491,2019,"$5,970",,74930,658,,CVT,,,,0,0,0,0,0,0,0,0,Kyushu,,https://www.beforward.jp/suzuki/spacia/cd363491/id/15318085/?mfg_year_from=2018
CD363522,2022 HONDA N BOX G,CD363522,2022,"$7,290",,19960,658,,CVT,,,,0,0,0,0,0,0,0,0,Nagoya,,https://www.beforward.jp/honda/n-box/cd363522/id/15318116/?mfg_year_from=2018
CD363523,2024 HONDA N BOX,CD363523,2024,"$9,310",,16010,658,,CVT,,,,0,0,0,0,0,0,0,0,Nagoya,,https://www.beforward.jp/honda/n-box/cd363523/id/15318117/?mfg_year_from=2018
CD363524,2026 HONDA N BOX,CD363524,2026,"$11,130",,4,658,,CVT,,,,0,0,0,0,0,0,0,0,Osaka,,https://www.beforward.jp/honda/n-box/cd363524/id/15318118/?mfg_year_from=2018
CD363525,2021 MAZDA CX-5 20S,CD363525,2021,"$14,240",,22470,1997,,AT,,,,0,0,0,0,0,0,0,0,Osaka,,https://www.beforward.jp/mazda/cx-5/cd363525/id/15318119/?mfg_year_from=2018
CD363526,2021 MAZDA CX-8 XDL,CD363526,2021,"$16,660",,55310,2188,,AT,,,,0,0,0,0,0,0,0,0,Nagoya,,https://www.beforward.jp/mazda/cx-8/cd363526/id/15318120/?mfg_year_from=2018
CD363527,2023 MAZDA CX-60 XD-,CD363527,2023,"$23,180",,43610,3283,,AT,,,,0,0,0,0,0,0,0,0,Nagoya,,https://www.beforward.jp/mazda/cx-60/cd363527/id/15318121/?mfg_year_from=2018
CD363554,2020 SUBARU FORESTER,CD363554,2020,"$16,560",,35950,1995,,CVT,,,,0,0,0,0,0,0,0,0,Hokkaido,,https://www.beforward.jp/subaru/forester/cd363554/id/15318148/?mfg_year_from=2018
CD363563,2024 TOYOTA RAV4,CD363563,2024,"$26,500",,25140,2487,,CVT,,,,0,0,0,0,0,0,0,0,Osaka,,https://www.beforward.jp/toyota/rav4/cd363563/id/15318157/?mfg_year_from=2018
CD363564,2026 TOYOTA RAV4,CD363564,2026,"$32,790",,10,2487,,CVT,,,,0,0,0,0,0,0,0,0,Nagoya,,https://www.beforward.jp/toyota/rav4/cd363564/id/15318158/?mfg_year_from=2018
CD363565,2024 TOYOTA HARRIER HYBRID G,CD363565,2024,"$22,440",,17608,2487,HYBRID,CVT,,,,0,0,0,0,0,0,0,0,Nagoya,,https://www.beforward.jp/toyota/harrier-hybrid/cd363565/id/15318159/?mfg_year_from=2018
CD363566,2023 TOYOTA HARRIER HYBRID Z,CD363566,2023,"$23,510",,38325,2487,HYBRID,CVT,,,,0,0,0,0,0,0,0,0,Hokkaido,,https://www.beforward.jp/toyota/harrier-hybrid/cd363566/id/15318160/?mfg_year_from=2018
CD363572,2019 SUBARU XV 2.0I-L,CD363572,2019,"$7,160",,84750,1995,,CVT,,,,0,0,0,0,0,0,0,0,Osaka,,https://www.beforward.jp/subaru/xv/cd363572/id/15318166/?mfg_year_from=2018
CD363587,2023 TOYOTA HARRIER HYBRID Z,CD363587,2023,"$23,510",,27620,2487,HYBRID,CVT,,,,0,0,0,0,0,0,0,0,Yokohama,,https://www.beforward.jp/toyota/harrier-hybrid/cd363587/id/15318181/?mfg_year_from=2018
CD363589,2022 NISSAN ROOX,CD363589,2022,"$8,080",,38700,659,,CVT,,,,0,0,0,0,0,0,0,0,Yokohama,,https://www.beforward.jp/nissan/roox/cd363589/id/15318183/?mfg_year_from=2018
CD363593,2023 MAZDA CX-8 XD,CD363593,2023,"$21,530",,13029,2188,,AT,,,,0,0,0,0,0,0,0,0,Yokohama,,https://www.beforward.jp/mazda/cx-8/cd363593/id/15318187/?mfg_year_from=2018
CD363595,2022 DAIHATSU TANTO RS,CD363595,2022,"$10,600",,22850,658,,CVT,,,,0,0,0,0,0,0,0,0,Hokkaido,,https://www.beforward.jp/daihatsu/tanto/cd363595/id/15318189/?mfg_year_from=2018
CD363596,2020 DAIHATSU TAFT G,CD363596,2020,"$7,820",,48909,658,,CVT,,,,0,0,0,0,0,0,0,0,Hokkaido,,https://www.beforward.jp/daihatsu/taft/cd363596/id/15318190/?mfg_year_from=2018
CD363601,2019 SUZUKI HUSTLER,CD363601,2019,"$8,280",,46890,658,,CVT,,,,0,0,0,0,0,0,0,0,Nagoya,,https://www.beforward.jp/suzuki/hustler/cd363601/id/15318195/?mfg_year_from=2018
CD363640,2020 SUZUKI JIMNY XC,CD363640,2020,"$11,730",,34610,658,,AT,,,,0,0,0,0,0,0,0,0,Yokohama,,https://www.beforward.jp/suzuki/jimny/cd363640/id/15318235/?mfg_year_from=2018
CD363641,2026 SUZUKI JIMNY XC,CD363641,2026,"$15,440",,45,658,,AT,,,,0,0,0,0,0,0,0,0,Kobe,,https://www.beforward.jp/suzuki/jimny/cd363641/id/15318236/?mfg_year_from=2018
CD363644,2021 HONDA N BOX L,CD363644,2021,"$7,950",,10130,658,,CVT,,,,0,0,0,0,0,0,0,0,Kobe,,https://www.beforward.jp/honda/n-box/cd363644/id/15318239/?mfg_year_from=2018
CD363645,2022 HONDA N BOX L,CD363645,2022,"$8,480",,40980,658,,CVT,,,,0,0,0,0,0,0,0,0,Nagoya,,https://www.beforward.jp/honda/n-box/cd363645/id/15318240/?mfg_year_from=2018
CD363646,2020 HONDA N BOX GL,CD363646,2020,"$9,210",,26487,658,,CVT,,,,0,0,0,0,0,0,0,0,Yokohama,,https://www.beforward.jp/honda/n-box/cd363646/id/15318241/?mfg_year_from=2018
CD363647,2026 HONDA N BOX,CD363647,2026,"$10,470",,10,658,,CVT,,,,0,0,0,0,0,0,0,0,Kobe,,https://www.beforward.jp/honda/n-box/cd363647/id/15318242/?mfg_year_from=2018
CD363669,2018 HONDA CR-V EX,CD363669,2018,"$14,240",,74947,1993,,CVT,,,,0,0,0,0,0,0,0,0,Yokohama,,https://www.beforward.jp/honda/cr-v/cd363669/id/15318264/?mfg_year_from=2018
CD363671,2025 HONDA VEZEL EHEVZ,CD363671,2025,"$20,200",,9100,1496,,CVT,,,,0,0,0,0,0,0,0,0,Yokohama,,https://www.beforward.jp/honda/vezel/cd363671/id/15318266/?mfg_year_from=2018
CD363672,2024 ROVER DEFENDER 110X-HSED300,CD363672,2024,"$54,310",,12460,2993,,AT,,,,0,0,0,0,0,0,0,0,Osaka,,https://www.beforward.jp/rover/defender/cd363672/id/15318267/?mfg_year_from=2018
CD363674,2018 PEUGEOT 2008 GT,CD363674,2018,"$4,310",,71400,1199,,AT,,,,0,0,0,0,0,0,0,0,Yokohama,,https://www.beforward.jp/peugeot/2008/cd363674/id/15318269/?mfg_year_from=2018
CD363679,2023 TOYOTA RAV4,CD363679,2023,"$25,170",,17060,2487,,CVT,,,,0,0,0,0,0,0,0,0,Nagoya,,https://www.beforward.jp/toyota/rav4/cd363679/id/15318274/?mfg_year_from=2018
CD363680,2022 SUZUKI EVERY PA,CD363680,2022,"$7,290",,15690,658,,AT,,,,0,0,0,0,0,0,0,0,Nagoya,,https://www.beforward.jp/suzuki/every/cd363680/id/15318275/?mfg_year_from=2018
CD363710,2021 DAIHATSU ROCKY G,CD363710,2021,"$11,130",,36948,996,,CVT,,,,0,0,0,0,0,0,0,0,Yokohama,,https://www.beforward.jp/daihatsu/rocky/cd363710/id/15318305/?mfg_year_from=2018
CD363712,2020 LEXUS RX RX300F,CD363712,2020,"$23,050",,29440,1998,,AT,,,,0,0,0,0,0,0,0,0,Yokohama,,https://www.beforward.jp/lexus/rx/cd363712/id/15318307/?mfg_year_from=2018
CD363713,2021 TOYOTA RAV4 PHV GZ,CD363713,2021,"$19,210",,47760,2487,,CVT,,,,0,0,0,0,0,0,0,0,Yokohama,,https://www.beforward.jp/toyota/rav4-phv/cd363713/id/15318308/?mfg_year_from=2018
CD363715,2018 NISSAN DAYZ ROOX XV,CD363715,2018,"$5,630",,70940,659,,CVT,,,,0,0,0,0,0,0,0,0,Kyushu,,https://www.beforward.jp/nissan/dayz-roox/cd363715/id/15318310/?mfg_year_from=2018
CD363716,2022 NISSAN DAYZ X,CD363716,2022,"$5,630",,17475,659,,CVT,,,,0,0,0,0,0,0,0,0,Nagoya,,https://www.beforward.jp/nissan/dayz/cd363716/id/15318311/?mfg_year_from=2018
CD363717,2022 SUBARU OUTBACK EX,CD363717,2022,"$19,210",,39876,1795,,CVT,,,,0,0,0,0,0,0,0,0,Niigata,,https://www.beforward.jp/subaru/outback/cd363717/id/15318312/?mfg_year_from=2018
CD363781,2019 TOYOTA LAND CRUISER PRADO TXL,CD363781,2019,"$28,150",,38511,2754,,AT,,,,0,0,0,0,0,0,0,0,Kyushu,,https://www.beforward.jp/toyota/land-cruiser-prado/cd363781/id/15318376/?mfg_year_from=2018
CD363780,2024 TOYOTA HIACE VAN GL,CD363780,2024,"$24,710",,31055,2754,,AT,,VAN,,0,0,0,0,0,0,0,0,Nagoya,,https://www.beforward.jp/toyota/hiace-van/cd363780/id/15318375/?mfg_year_from=2018
CD363754,2021 HONDA VEZEL EHEVZ,CD363754,2021,"$15,770",,42025,1496,,CVT,,,,0,0,0,0,0,0,0,0,Nagoya,,https://www.beforward.jp/honda/vezel/cd363754/id/15318349/?mfg_year_from=2018
CD363755,2021 HONDA VEZEL EHEVZ,CD363755,2021,"$16,560",,39940,1496,,CVT,,,,0,0,0,0,0,0,0,0,Nagoya,,https://www.beforward.jp/honda/vezel/cd363755/id/15318350/?mfg_year_from=2018
CD363756,2022 HONDA VEZEL EHEVPLAY,CD363756,2022,"$18,880",,18225,1496,,CVT,,,,0,0,0,0,0,0,0,0,Osaka,,https://www.beforward.jp/honda/vezel/cd363756/id/15318351/?mfg_year_from=2018
CD363757,2023 HONDA VEZEL EHEVZ,CD363757,2023,"$16,760",,51330,1496,,CVT,,,,0,0,0,0,0,0,0,0,Niigata,,https://www.beforward.jp/honda/vezel/cd363757/id/15318352/?mfg_year_from=2018
CD363792,2021 HONDA N BOX L,CD363792,2021,"$7,950",,55670,658,,CVT,,,,0,0,0,0,0,0,0,0,Yokohama,,https://www.beforward.jp/honda/n-box/cd363792/id/15318387/?mfg_year_from=2018
CD363793,2024 HONDA N BOX,CD363793,2024,"$10,270",,12240,658,,CVT,,,,0,0,0,0,0,0,0,0,Nagoya,,https://www.beforward.jp/honda/n-box/cd363793/id/15318388/?mfg_year_from=2018
CD363794,2024 HONDA N BOX,CD363794,2024,"$10,270",,17110,658,,CVT,,,,0,0,0,0,0,0,0,0,Kyoto,,https://www.beforward.jp/honda/n-box/cd363794/id/15318389/?mfg_year_from=2018
CD363795,2020 HONDA N-ONE RS,CD363795,2020,"$11,260",,47271,658,,MT,,,,0,0,0,0,0,0,0,0,Yokohama,,https://www.beforward.jp/honda/n-one/cd363795/id/15318390/?mfg_year_from=2018
CD363799,2020 MAZDA CX-5 XDL,CD363799,2020,"$11,590",,70095,2188,,AT,,,,0,0,0,0,0,0,0,0,Kyushu,,https://www.beforward.jp/mazda/cx-5/cd363799/id/15318394/?mfg_year_from=2018
CD363800,2020 MAZDA CX-5 XD,CD363800,2020,"$11,590",,63466,2188,,AT,,,,0,0,0,0,0,0,0,0,Kyushu,,https://www.beforward.jp/mazda/cx-5/cd363800/id/15318395/?mfg_year_from=2018
CD363839,2024 TOYOTA COROLLA CROSS Z,CD363839,2024,"$23,580",,7294,1797,,CVT,,,,0,0,0,0,0,0,0,0,Yokohama,,https://www.beforward.jp/toyota/corolla-cross/cd363839/id/15318434/?mfg_year_from=2018
CD363848,2022 DAIHATSU ROCKY GHEV,CD363848,2022,"$11,590",,46100,1196,,CVT,,,,0,0,0,0,0,0,0,0,Osaka,,https://www.beforward.jp/daihatsu/rocky/cd363848/id/15318444/?mfg_year_from=2018
CD363854,2023 NISSAN ROOX X,CD363854,2023,"$8,610",,3700,659,,CVT,,,,0,0,0,0,0,0,0,0,Nagoya,,https://www.beforward.jp/nissan/roox/cd363854/id/15318450/?mfg_year_from=2018
CD363857,2021 MAZDA MX-30,CD363857,2021,"$9,810",,44830,1997,,AT,,,,0,0,0,0,0,0,0,0,Nagoya,,https://www.beforward.jp/mazda/mx-30/cd363857/id/15318453/?mfg_year_from=2018
CD363859,2022 MITSUBISHI OUTLANDER PHEV P,CD363859,2022,"$22,520",,42630,2359,,CVT,,,,0,0,0,0,0,0,0,0,Yokohama,,https://www.beforward.jp/mitsubishi/outlander-phev/cd363859/id/15318455/?mfg_year_from=2018
CD363862,2026 SUZUKI JIMNY XC,CD363862,2026,"$14,440",,93,658,,AT,,,,0,0,0,0,0,0,0,0,Kyoto,,https://www.beforward.jp/suzuki/jimny/cd363862/id/15318458/?mfg_year_from=2018
CD363904,2024 TOYOTA HIACE VAN GL,CD363904,2024,"$25,170",,17570,2754,,AT,,VAN,,0,0,0,0,0,0,0,0,Yokohama,,https://www.beforward.jp/toyota/hiace-van/cd363904/id/15318500/?mfg_year_from=2018
CD363880,2022 VOLVO XC40 T5,CD363880,2022,"$19,870",,49926,1476,,AT,,,,0,0,0,0,0,0,0,0,Toyama,,https://www.beforward.jp/volvo/xc40/cd363880/id/15318476/?mfg_year_from=2018
CD363887,2025 TOYOTA RAIZE Z,CD363887,2025,"$16,890",,15921,996,,CVT,,,,0,0,0,0,0,0,0,0,Yokohama,,https://www.beforward.jp/toyota/raize/cd363887/id/15318483/?mfg_year_from=2018
CD363890,2023 TOYOTA HARRIER HYBRID Z,CD363890,2023,"$24,180",,7450,2487,HYBRID,CVT,,,,0,0,0,0,0,0,0,0,Yokohama,,https://www.beforward.jp/toyota/harrier-hybrid/cd363890/id/15318486/?mfg_year_from=2018
CD363891,2025 TOYOTA HARRIER HYBRID G,CD363891,2025,"$23,510",,23184,2487,HYBRID,CVT,,,,0,0,0,0,0,0,0,0,Niigata,,https://www.beforward.jp/toyota/harrier-hybrid/cd363891/id/15318487/?mfg_year_from=2018
CD363893,2022 TOYOTA CROWN CROSSOVER G,CD363893,2022,"$28,810",,10050,2487,,CVT,,,,0,0,0,0,0,0,0,0,Osaka,,https://www.beforward.jp/toyota/crown-crossover/cd363893/id/15318489/?mfg_year_from=2018
CD362879,2018 TOYOTA HILUX 2.8 J REVO SINGLE CAB,CD362879,2018,"$13,560",,46000,2755,,MT,,,,0,0,0,0,0,0,0,0,Thailand,,https://www.beforward.jp/toyota/hilux/cd362879/id/15317468/?mfg_year_from=2018
CD362864,2021 TOYOTA HILUX REVO 2.4 J SMART CAB,CD362864,2021,"$16,220",,65000,2393,,MT,,,,0,0,0,0,0,0,0,0,Thailand,,https://www.beforward.jp/toyota/hilux/cd362864/id/15317452/?mfg_year_from=2018
CD362855,2021 TOYOTA HILUX 2.4 E REVO DOUBLE CAB,CD362855,2021,"$19,350",,95000,2393,,AT,,,,0,0,0,0,0,0,0,0,Thailand,,https://www.beforward.jp/toyota/hilux/cd362855/id/15317441/?mfg_year_from=2018
CD362877,2018 FORD RANGER 3.2 FORD WILDTRAK DOUBLE CAB,CD362877,2018,"$19,550",,49000,3198,,AT,,,,0,0,0,0,0,0,0,0,Thailand,,https://www.beforward.jp/ford/ranger/cd362877/id/15317466/?mfg_year_from=2018
CD363013,2021 NISSAN KICKS,CD363013,2021,"$10,200",,36185,1200,,CVT,,,,0,0,0,0,0,0,0,0,Nagoya,,https://www.beforward.jp/nissan/kicks/cd363013/id/15317606/?mfg_year_from=2018
CD362859,2020 TOYOTA HARRIER HYBRID,CD362859,2020,"$18,830",,29530,2500,HYBRID,CVT,,,,0,0,0,0,0,0,0,0,Kobe,,https://www.beforward.jp/toyota/harrier-hybrid/cd362859/id/15317445/?mfg_year_from=2018
CD362842,2021 TOYOTA HILUX REVO 2.4 J SMART CAB,CD362842,2021,"$17,760",,54000,2393,,AT,,,,0,0,0,0,0,0,0,0,Thailand,,https://www.beforward.jp/toyota/hilux/cd362842/id/15317427/?mfg_year_from=2018
CD362841,2023 TOYOTA HILUX 2.4 J REVO SMART CAB,CD362841,2023,"$16,900",,33000,2393,,AT,,,,0,0,0,0,0,0,0,0,Thailand,,https://www.beforward.jp/toyota/hilux/cd362841/id/15317425/?mfg_year_from=2018
CD362839,2023 TOYOTA HILUX 2.4 E REVO DOUBLE CAB,CD362839,2023,"$26,470",,60000,2393,,AT,,,,0,0,0,0,0,0,0,0,Thailand,,https://www.beforward.jp/toyota/hilux/cd362839/id/15317422/?mfg_year_from=2018
CD362837,2019 FORD RANGER 2.2 FORD XLT DOUBLE CAB,CD362837,2019,"$15,540",,95000,2198,,AT,,,,0,0,0,0,0,0,0,0,Thailand,,https://www.beforward.jp/ford/ranger/cd362837/id/15317420/?mfg_year_from=2018
CD362840,2020 TOYOTA FORTUNER 2.4 V,CD362840,2020,"$31,590",,55300,2393,,AT,,,,0,0,0,0,0,0,0,0,Thailand,,https://www.beforward.jp/toyota/fortuner/cd362840/id/15317423/?mfg_year_from=2018
CD300467,2021 NISSAN DAYZ,CD300467,2021,"$5,900",,59697,660,,CVT,,,,0,0,0,0,0,0,0,0,Yokohama,,https://www.beforward.jp/nissan/dayz/cd300467/id/15254065/?mfg_year_from=2018
CD300460,2018 JEEP WRANGLER,CD300460,2018,"$20,980",,54000,3600,,AT,,,,0,0,0,0,0,0,0,0,Osaka,,https://www.beforward.jp/jeep/wrangler/cd300460/id/15254058/?mfg_year_from=2018
CD362815,2021 JEEP WRANGLER,CD362815,2021,"$23,960",,38000,3600,,AT,,,,0,0,0,0,0,0,0,0,Osaka,,https://www.beforward.jp/jeep/wrangler/cd362815/id/15317396/?mfg_year_from=2018
CD362816,2026 JEEP WRANGLER,CD362816,2026,"$38,400",,50,2000,,AT,,,,0,0,0,0,0,0,0,0,Osaka,,https://www.beforward.jp/jeep/wrangler/cd362816/id/15317397/?mfg_year_from=2018
CD362817,2024 JEEP WRANGLER,CD362817,2024,"$32,970",,13000,2000,,AT,,,,0,0,0,0,0,0,0,0,Osaka,,https://www.beforward.jp/jeep/wrangler/cd362817/id/15317398/?mfg_year_from=2018
CD362818,2025 JEEP GRAND CHEROKEE,CD362818,2025,"$43,830",,10000,2000,,AT,,,,0,0,0,0,0,0,0,0,Osaka,,https://www.beforward.jp/jeep/grand-cherokee/cd362818/id/15317399/?mfg_year_from=2018
CD362810,2018 SUZUKI CARRY TRUCK,CD362810,2018,"$4,640",,102500,660,,AT,,TRUCK,,0,0,0,0,0,0,0,0,Yokohama,,https://www.beforward.jp/suzuki/carry-truck/cd362810/id/15317391/?mfg_year_from=2018
CD362771,2020 TOYOTA HIACE VAN,CD362771,2020,"$13,120",,90000,2000,,AT,,VAN,,0,0,0,0,0,0,0,0,Kyushu,,https://www.beforward.jp/toyota/hiace-van/cd362771/id/15317352/?mfg_year_from=2018
CC231187,2019 TOYOTA HIACE VAN,CC231187,2019,"$19,410",,63825,2800,,AT,,VAN,,0,0,0,0,0,0,0,0,Nagoya,,https://www.beforward.jp/toyota/hiace-van/cc231187/id/14248066/?mfg_year_from=2018
CD362797,2019 TOYOTA HILUX REVO 2.4 E DOUBLE CAB,CD362797,2019,"$20,830",,82000,2393,,AT,,,,0,0,0,0,0,0,0,0,Thailand,,https://www.beforward.jp/toyota/hilux/cd362797/id/15317378/?mfg_year_from=2018
CD362795,2020 TOYOTA HILUX 2.4 G REVO DOUBLE CAB,CD362795,2020,"$27,810",,46000,2393,,AT,,,,0,0,0,0,0,0,0,0,Thailand,,https://www.beforward.jp/toyota/hilux/cd362795/id/15317376/?mfg_year_from=2018
CD362783,2018 TOYOTA HILUX 2.4 E REVO SMART CAB,CD362783,2018,"$15,870",,47000,2393,,AT,,,,0,0,0,0,0,0,0,0,Thailand,,https://www.beforward.jp/toyota/hilux/cd362783/id/15317364/?mfg_year_from=2018
CD362760,2020 TOYOTA HILUX 2.4 J REVO SMART CAB,CD362760,2020,"$15,220",,44000,2393,,MT,,,,0,0,0,0,0,0,0,0,Thailand,,https://www.beforward.jp/toyota/hilux/cd362760/id/15317341/?mfg_year_from=2018
CD362443,2023 TOYOTA LAND CRUISER PRADO,CD362443,2023,"$32,120",,14000,2700,,AT,,,,0,0,0,0,0,0,0,0,Yokohama,,https://www.beforward.jp/toyota/land-cruiser-prado/cd362443/id/15317024/?mfg_year_from=2018
CD362437,2023 TOYOTA HILUX REVO 2.4 J SMART CAB,CD362437,2023,"$15,370",,48000,2393,,MT,,,,0,0,0,0,0,0,0,0,Thailand,,https://www.beforward.jp/toyota/hilux/cd362437/id/15317018/?mfg_year_from=2018
CD362428,2018 TOYOTA HILUX 2.4E REVO SMART CAB,CD362428,2018,"$13,250",,58800,2393,,MT,,,,0,0,0,0,0,0,0,0,Thailand,,https://www.beforward.jp/toyota/hilux/cd362428/id/15317009/?mfg_year_from=2018
CD362425,2022 TOYOTA HILUX 2.4 J REVO SMART CAB,CD362425,2022,"$19,520",,110000,2393,,AT,,,,0,0,0,0,0,0,0,0,Thailand,,https://www.beforward.jp/toyota/hilux/cd362425/id/15317006/?mfg_year_from=2018
CD362431,2022 FORD RANGER 2.0 FORD XL+ SMART CAB,CD362431,2022,"$18,190",,43000,1996,,MT,,,,0,0,0,0,0,0,0,0,Thailand,,https://www.beforward.jp/ford/ranger/cd362431/id/15317012/?mfg_year_from=2018
CD362430,2018 FORD RANGER 2.2 XLT DOUBLE CAB,CD362430,2018,"$15,750",,81000,2198,,AT,,,,0,0,0,0,0,0,0,0,Thailand,,https://www.beforward.jp/ford/ranger/cd362430/id/15317011/?mfg_year_from=2018
CD362415,2018 TOYOTA HILUX 2.4 E REVO DOUBLE CAB,CD362415,2018,"$18,070",,45000,2393,,MT,,,,0,0,0,0,0,0,0,0,Thailand,,https://www.beforward.jp/toyota/hilux/cd362415/id/15316995/?mfg_year_from=2018
CD362374,2020 TOYOTA HILUX REVO 2.4 E DOUBLE CAB,CD362374,2020,"$21,200",,74000,2393,,AT,,,,0,0,0,0,0,0,0,0,Thailand,,https://www.beforward.jp/toyota/hilux/cd362374/id/15316949/?mfg_year_from=2018
CD362378,2021 FORD RANGER 2.0 FORD RANGER DOUBLE CAB,CD362378,2021,"$24,810",,52000,1996,,AT,,,,0,0,0,0,0,0,0,0,Thailand,,https://www.beforward.jp/ford/ranger/cd362378/id/15316955/?mfg_year_from=2018
CD224198,2025 LEXUS LBX,CD224198,2025,"$45,620",,80,1600,,MT,,,,0,0,0,0,0,0,0,0,Nagoya,,https://www.beforward.jp/lexus/lbx/cd224198/id/15176877/?mfg_year_from=2018
CD362386,2021 TOYOTA C-HR,CD362386,2021,"$18,220",,38367,1200,,CVT,,,,0,0,0,0,0,0,0,0,Yokohama,,https://www.beforward.jp/toyota/c-hr/cd362386/id/15316964/?mfg_year_from=2018
CD362392,2022 LEXUS LX,CD362392,2022,"$89,940",,20941,3500,,AT,,,,0,0,0,0,0,0,0,0,Yokohama,,https://www.beforward.jp/lexus/lx/cd362392/id/15316970/?mfg_year_from=2018
CC499322,2022 TOYOTA HIACE VAN,CC499322,2022,"$27,020",,37000,2700,,AT,,VAN,,0,0,0,0,0,0,0,0,Kyoto,,https://www.beforward.jp/toyota/hiace-van/cc499322/id/14519540/?mfg_year_from=2018
CD362353,2021 TOYOTA HILUX 2.4 G REVO DOUBLE CAB,CD362353,2021,"$24,490",,90000,2393,,AT,,,,0,0,0,0,0,0,0,0,Thailand,,https://www.beforward.jp/toyota/hilux/cd362353/id/15316924/?mfg_year_from=2018
CD362351,2020 TOYOTA HILUX 2.8 J REVO SINGLE CAB,CD362351,2020,"$15,420",,30000,2755,,MT,,,,0,0,0,0,0,0,0,0,Thailand,,https://www.beforward.jp/toyota/hilux/cd362351/id/15316920/?mfg_year_from=2018
CD362298,2020 TOYOTA HILUX REVO 2.4 J DOUBLE CAB,CD362298,2020,"$23,220",,65000,2393,,AT,,,,0,0,0,0,0,0,0,0,Thailand,,https://www.beforward.jp/toyota/hilux/cd362298/id/15316859/?mfg_year_from=2018
CD362350,2022 FORD RANGER 2.0 FORD WILDTRAK DOUBLE CAB,CD362350,2022,"$25,440",,43000,1996,,AT,,,,0,0,0,0,0,0,0,0,Thailand,,https://www.beforward.jp/ford/ranger/cd362350/id/15316919/?mfg_year_from=2018
CD362339,2019 FORD RANGER 2.0 FORD LIMITED DOUBLE CAB,CD362339,2019,"$19,310",,120000,1996,,MT,,,,0,0,0,0,0,0,0,0,Thailand,,https://www.beforward.jp/ford/ranger/cd362339/id/15316904/?mfg_year_from=2018
CD362288,2024 TOYOTA HILUX 2.4 E REVO DOUBLE CAB,CD362288,2024,"$20,360",,28300,2393,,MT,,,,0,0,0,0,0,0,0,0,Thailand,,https://www.beforward.jp/toyota/hilux/cd362288/id/15316847/?mfg_year_from=2018
CD362282,2020 TOYOTA HILUX 2.8 ROCCO DOUBLE CAB,CD362282,2020,"$28,580",,41000,2755,,AT,,,,0,0,0,0,0,0,0,0,Thailand,,https://www.beforward.jp/toyota/hilux/cd362282/id/15316840/?mfg_year_from=2018
CD362227,2020 TOYOTA HILUX 2.4 J REVO SMART CAB,CD362227,2020,"$16,910",,49000,2393,,MT,,,,0,0,0,0,0,0,0,0,Thailand,,https://www.beforward.jp/toyota/hilux/cd362227/id/15316773/?mfg_year_from=2018
CD048077,2020 TOYOTA HILUX 2.4 J REVO DOUBLE CAB,CD048077,2020,"$20,360",,47600,2393,,AT,,,,0,0,0,0,0,0,0,0,Thailand,,https://www.beforward.jp/toyota/hilux/cd048077/id/14999828/?mfg_year_from=2018
CD048484,2021 TOYOTA HILUX 2.4 E REVO SMART CAB,CD048484,2021,"$20,360",,71000,2393,,MT,,,,0,0,0,0,0,0,0,0,Thailand,,https://www.beforward.jp/toyota/hilux/cd048484/id/15000286/?mfg_year_from=2018
CD048544,2021 TOYOTA HILUX 2.4 J REVO DOUBLE CAB,CD048544,2021,"$19,140",,68200,2393,,AT,,,,0,0,0,0,0,0,0,0,Thailand,,https://www.beforward.jp/toyota/hilux/cd048544/id/15000355/?mfg_year_from=2018
CD362174,2021 TOYOTA HILUX 2.4 E REVO DOUBLE CAB,CD362174,2021,"$17,230",,52000,2393,,AT,,,,0,0,0,0,0,0,0,0,Thailand,,https://www.beforward.jp/toyota/hilux/cd362174/id/15316707/?mfg_year_from=2018
CD362167,2021 TOYOTA HILUX 2.4 E REVO DOUBLE CAB,CD362167,2021,"$19,020",,45000,2393,,AT,,,,0,0,0,0,0,0,0,0,Thailand,,https://www.beforward.jp/toyota/hilux/cd362167/id/15316700/?mfg_year_from=2018
CD362157,2018 TOYOTA HILUX 2.4 E REVO DOUBLE CAB,CD362157,2018,"$19,850",,48000,2393,,AT,,,,0,0,0,0,0,0,0,0,Thailand,,https://www.beforward.jp/toyota/hilux/cd362157/id/15316686/?mfg_year_from=2018
CB816033,2020 TOYOTA RAV4,CB816033,2020,"$19,280",,53259,2000,,CVT,,,,0,0,0,0,0,0,0,0,Kobe,,https://www.beforward.jp/toyota/rav4/cb816033/id/13879791/?mfg_year_from=2018
CD362154,2021 ISUZU MU-X 3.0 ISUZU MU-X SUV,CD362154,2021,"$29,990",,46000,2999,,AT,,SUV,,0,0,0,0,0,0,0,0,Thailand,,https://www.beforward.jp/isuzu/mu-x/cd362154/id/15316682/?mfg_year_from=2018
CD362152,2023 ISUZU D-MAX 1.9 ISUZU D-MAX DOUBLE CAB,CD362152,2023,"$23,850",,46000,1898,,AT,,,,0,0,0,0,0,0,0,0,Thailand,,https://www.beforward.jp/isuzu/d-max/cd362152/id/15316675/?mfg_year_from=2018
CD361189,2018 ISUZU ELF TRUCK,CD361189,2018,"$30,600",,84046,2990,,MT,,TRUCK,,0,0,0,0,0,0,0,0,Yokohama,,https://www.beforward.jp/isuzu/elf-truck/cd361189/id/15315587/?mfg_year_from=2018
CD361192,2025 HINO RANGER,CD361192,2025,"$69,540",,5591,5120,,MT,,,,0,0,0,0,0,0,0,0,Yokohama,,https://www.beforward.jp/hino/ranger/cd361192/id/15315590/?mfg_year_from=2018
CC313733,2023 TOYOTA LAND CRUISER PRADO TXL,CC313733,2023,"$27,810",,13600,2693,,AT,,,,0,0,0,0,0,0,0,0,Yokohama,,https://www.beforward.jp/toyota/land-cruiser-prado/cc313733/id/14331882/?mfg_year_from=2018
CD110840,2019 MAZDA CX-5 XD,CD110840,2019,"$10,930",,73060,2188,,AT,,,,0,0,0,0,0,0,0,0,Yokohama,,https://www.beforward.jp/mazda/cx-5/cd110840/id/15063263/?mfg_year_from=2018
CD110689,2020 DAIHATSU TANTO X,CD110689,2020,"$7,290",,37250,658,,CVT,,,,0,0,0,0,0,0,0,0,Nagoya,,https://www.beforward.jp/daihatsu/tanto/cd110689/id/15063107/?mfg_year_from=2018
CD065111,2023 SUZUKI JIMNY XL,CD065111,2023,"$10,670",,3236,658,,MT,,,,0,0,0,0,0,0,0,0,Yokohama,,https://www.beforward.jp/suzuki/jimny/cd065111/id/15016991/?mfg_year_from=2018
CC886632,2020 DAIHATSU TAFT G,CC886632,2020,"$8,150",,43060,658,,CVT,,,,0,0,0,0,0,0,0,0,Kobe,,https://www.beforward.jp/daihatsu/taft/cc886632/id/14909459/?mfg_year_from=2018
CC848273,2023 VOLVO XC40 B4AWD,CC848273,2023,"$18,220",,9500,1968,,AT,,,,0,0,0,0,1,0,0,0,Osaka,,https://www.beforward.jp/volvo/xc40/cc848273/id/14870905/?mfg_year_from=2018
CD360665,2021 TOYOTA HIACE VAN 4WDDX,CD360665,2021,"$12,790",,129000,2800,,AT,,VAN,,0,0,0,0,1,0,0,0,Nagoya,,https://www.beforward.jp/toyota/hiace-van/cd360665/id/15315062/?mfg_year_from=2018
CD360672,2022 TOYOTA HIACE VAN DXGL,CD360672,2022,"$12,990",,115000,2800,,AT,,VAN,,0,0,0,0,0,0,0,0,Nagoya,,https://www.beforward.jp/toyota/hiace-van/cd360672/id/15315069/?mfg_year_from=2018
CD360630,2021 TOYOTA RAV4 PHV 2.5BLACKTONE4WD,CD360630,2021,"$17,750",,92801,2500,,CVT,,,,0,0,0,0,1,0,0,0,Yokohama,,https://www.beforward.jp/toyota/rav4-phv/cd360630/id/15315027/?mfg_year_from=2018
CD360632,2023 LEXUS UX 250HC,CD360632,2023,"$21,730",,29977,2000,,CVT,,,,0,0,0,0,0,0,0,0,Yokohama,,https://www.beforward.jp/lexus/ux/cd360632/id/15315029/?mfg_year_from=2018
CD360659,2019 AUDI Q5 40TDI,CD360659,2019,"$15,090",,63982,2000,,AT,,,,0,0,0,0,0,0,0,0,Kobe,,https://www.beforward.jp/audi/q5/cd360659/id/15315056/?mfg_year_from=2018
CD360666,2020 MITSUBISHI CANTER 3T,CD360666,2020,"$13,780",,141000,3000,,MT,,,,0,0,0,0,0,0,0,0,Nagoya,,https://www.beforward.jp/mitsubishi/canter/cd360666/id/15315063/?mfg_year_from=2018
CD360685,2021 TOYOTA HIACE VAN 4WDGL2,CD360685,2021,"$16,630",,133000,2700,,AT,,VAN,,0,0,0,0,1,0,0,0,Nagoya,,https://www.beforward.jp/toyota/hiace-van/cd360685/id/15315082/?mfg_year_from=2018
CD360696,2022 TOYOTA HIACE VAN GL2,CD360696,2022,"$18,080",,70000,2800,,AT,,VAN,,0,0,0,0,0,0,0,0,Nagoya,,https://www.beforward.jp/toyota/hiace-van/cd360696/id/15315093/?mfg_year_from=2018
CD360693,2023 SUBARU FORESTER,CD360693,2023,"$14,770",,52000,2000,,AT,,,,0,0,0,0,0,0,0,0,Nagoya,,https://www.beforward.jp/subaru/forester/cd360693/id/15315090/?mfg_year_from=2018
CD360674,2022 TOYOTA PROBOX GX,CD360674,2022,"$8,680",,26000,1500,,AT,,,,0,0,0,0,0,0,0,0,Nagoya,,https://www.beforward.jp/toyota/probox/cd360674/id/15315071/?mfg_year_from=2018
CD360677,2021 TOYOTA YARIS CROSS Z,CD360677,2021,"$13,980",,20000,1500,,AT,,,,0,0,0,0,0,0,0,0,Nagoya,,https://www.beforward.jp/toyota/yaris-cross/cd360677/id/15315074/?mfg_year_from=2018
CD360678,2018 CHRYSLER CARAVAN 4WDDX,CD360678,2018,"$8,150",,126000,2500,,AT,,,,0,0,0,0,1,0,0,0,Nagoya,,https://www.beforward.jp/chrysler/caravan/cd360678/id/15315075/?mfg_year_from=2018
CD360758,2021 TOYOTA HIACE VAN,CD360758,2021,"$32,320",,60000,2000,,AT,,VAN,,0,0,0,0,0,0,0,0,Nagoya,,https://www.beforward.jp/toyota/hiace-van/cd360758/id/15315155/?mfg_year_from=2018
CD360728,2023 TOYOTA YARIS CROSS 4WDZ,CD360728,2023,"$13,910",,27000,1500,,AT,,,,0,0,0,0,1,0,0,0,Nagoya,,https://www.beforward.jp/toyota/yaris-cross/cd360728/id/15315125/?mfg_year_from=2018
CD360730,2021 TOYOTA ALPHARD 4WDS,CD360730,2021,"$20,340",,54000,2500,,AT,,,,0,0,0,0,1,0,0,0,Nagoya,,https://www.beforward.jp/toyota/alphard/cd360730/id/15315127/?mfg_year_from=2018
CD360731,2018 TOYOTA VOXY ZS,CD360731,2018,"$11,730",,37000,2000,,AT,,,,0,0,0,0,0,0,0,0,Nagoya,,https://www.beforward.jp/toyota/voxy/cd360731/id/15315128/?mfg_year_from=2018
CD360732,2024 TOYOTA COROLLA CROSS Z,CD360732,2024,"$14,710",,4000,2000,,AT,,,,0,0,0,0,0,0,0,0,Nagoya,,https://www.beforward.jp/toyota/corolla-cross/cd360732/id/15315129/?mfg_year_from=2018
CD360734,2021 TOYOTA PROBOX 4WDGL,CD360734,2021,"$9,340",,53000,1500,,AT,,,,0,0,0,0,1,0,0,0,Nagoya,,https://www.beforward.jp/toyota/probox/cd360734/id/15315131/?mfg_year_from=2018
CD360886,2018 TOYOTA LAND CRUISER PRADO TXL79,CD360886,2018,"$27,020",,78700,2800,,AT,,,,0,0,0,0,0,0,0,0,Kyushu,,https://www.beforward.jp/toyota/land-cruiser-prado/cd360886/id/15315283/?mfg_year_from=2018
CD360821,2022 TOYOTA HIACE VAN 2.7GL,CD360821,2022,"$26,230",,49142,2700,,AT,,VAN,,0,0,0,0,0,0,0,0,Yokohama,,https://www.beforward.jp/toyota/hiace-van/cd360821/id/15315218/?mfg_year_from=2018
CD360870,2026 TOYOTA HIACE VAN 2.7GL,CD360870,2026,"$28,950",,50,2700,,AT,,VAN,,0,0,0,0,0,0,0,0,Yokohama,,https://www.beforward.jp/toyota/hiace-van/cd360870/id/15315267/?mfg_year_from=2018
CD360852,2025 TOYOTA LAND CRUISER 250VX4WD,CD360852,2025,"$39,610",,120,2700,,AT,,,,0,0,0,0,1,0,0,0,Kyushu,,https://www.beforward.jp/toyota/land-cruiser/cd360852/id/15315249/?mfg_year_from=2018
CD360880,2023 TOYOTA COROLLA CROSS ZS9DA,CD360880,2023,"$18,410",,29300,1800,,AT,,,,0,0,0,0,0,0,0,0,Yokohama,,https://www.beforward.jp/toyota/corolla-cross/cd360880/id/15315277/?mfg_year_from=2018
CD360885,2025 TOYOTA COROLLA CROSS Z,CD360885,2025,"$26,360",,6500,1800,,AT,,,,0,0,0,0,0,0,0,0,Kobe,,https://www.beforward.jp/toyota/corolla-cross/cd360885/id/15315282/?mfg_year_from=2018
CD360888,2022 TOYOTA LAND CRUISER PRADO TXL74WDS,CD360888,2022,"$30,330",,127800,2800,,AT,,,,0,0,0,0,1,0,0,0,Yokohama,,https://www.beforward.jp/toyota/land-cruiser-prado/cd360888/id/15315285/?mfg_year_from=2018
CD360922,2021 TOYOTA LAND CRUISER PRADO TXL,CD360922,2021,"$25,030",,31400,2700,,AT,,,,0,0,0,0,0,0,0,0,Yokohama,,https://www.beforward.jp/toyota/land-cruiser-prado/cd360922/id/15315319/?mfg_year_from=2018
CD360937,2023 TOYOTA LAND CRUISER PRADO TXSR,CD360937,2023,"$28,670",,42000,2800,,AT,,,,0,0,0,0,0,0,0,0,Kyushu,,https://www.beforward.jp/toyota/land-cruiser-prado/cd360937/id/15315334/?mfg_year_from=2018
CD360925,2024 TOYOTA LAND CRUISER VXLED,CD360925,2024,"$35,630",,26000,2700,,AT,,,,0,0,0,0,0,0,0,0,Yokohama,,https://www.beforward.jp/toyota/land-cruiser/cd360925/id/15315322/?mfg_year_from=2018
CD360889,2021 TOYOTA NOAH X8SLE,CD360889,2021,"$11,990",,43350,2000,,AT,,,,0,0,0,0,0,0,0,0,Kobe,,https://www.beforward.jp/toyota/noah/cd360889/id/15315286/?mfg_year_from=2018
CD360890,2022 TOYOTA ALPHARD SCSR9DA,CD360890,2022,"$28,810",,25200,2500,,AT,,,,0,0,0,0,0,0,0,0,Kobe,,https://www.beforward.jp/toyota/alphard/cd360890/id/15315287/?mfg_year_from=2018
CD360961,2024 TOYOTA LAND CRUISER VX,CD360961,2024,"$38,270",,16324,2700,,AT,,,,0,0,0,0,0,0,0,0,Kobe,,https://www.beforward.jp/toyota/land-cruiser/cd360961/id/15315358/?mfg_year_from=2018
CD360955,2025 TOYOTA COROLLA CROSS Z,CD360955,2025,"$23,040",,7000,1800,,AT,,,,0,0,0,0,0,0,0,0,Kyushu,,https://www.beforward.jp/toyota/corolla-cross/cd360955/id/15315352/?mfg_year_from=2018
CD360983,2025 SUZUKI JIMNY NOMADE 1.5FC4WD,CD360983,2025,"$30,630",,50,1500,,AT,,,,0,0,0,0,1,0,0,0,Osaka,,https://www.beforward.jp/suzuki/jimny-nomade/cd360983/id/15315380/?mfg_year_from=2018
CD361000,2023 DAIHATSU TAFT 4WDG,CD361000,2023,"$9,940",,6,660,,AT,,,,0,0,0,0,1,0,0,0,Niigata,,https://www.beforward.jp/daihatsu/taft/cd361000/id/15315397/?mfg_year_from=2018
CD360944,2023 TOYOTA ALPHARD ZSR13.2MD,CD360944,2023,"$39,600",,17400,2500,,AT,,,,0,0,0,0,0,0,0,0,Kobe,,https://www.beforward.jp/toyota/alphard/cd360944/id/15315341/?mfg_year_from=2018
CD360947,2018 TOYOTA LAND CRUISER PRADO TXLSR9,CD360947,2018,"$22,910",,85350,2700,,AT,,,,0,0,0,0,0,0,0,0,Kobe,,https://www.beforward.jp/toyota/land-cruiser-prado/cd360947/id/15315344/?mfg_year_from=2018
CD361036,2024 TOYOTA HIACE VAN DX,CD361036,2024,"$15,000",,45100,2000,,AT,,VAN,,0,0,0,0,0,0,0,0,Yokohama,,https://www.beforward.jp/toyota/hiace-van/cd361036/id/15315433/?mfg_year_from=2018
CD361042,2020 TOYOTA HIACE VAN DX,CD361042,2020,"$9,510",,75677,2000,,AT,,VAN,,0,0,0,0,0,0,0,0,Yokohama,,https://www.beforward.jp/toyota/hiace-van/cd361042/id/15315439/?mfg_year_from=2018
CD361059,2022 TOYOTA HIACE VAN GL,CD361059,2022,"$17,290",,108339,2800,,AT,,VAN,,0,0,0,0,0,0,0,0,Yokohama,,https://www.beforward.jp/toyota/hiace-van/cd361059/id/15315456/?mfg_year_from=2018
CD361017,2022 HONDA ZR-V 4WDEHEVZ,CD361017,2022,"$13,780",,44280,2000,,AT,,,,0,0,0,0,1,0,0,0,Yokohama,,https://www.beforward.jp/honda/zr-v/cd361017/id/15315414/?mfg_year_from=2018
CD361018,2021 HONDA VEZEL,CD361018,2021,"$14,440",,58637,1500,,AT,,,,0,0,0,0,0,0,0,0,Yokohama,,https://www.beforward.jp/honda/vezel/cd361018/id/15315415/?mfg_year_from=2018
CD361026,2024 TOYOTA RAIZE G,CD361026,2024,"$12,160",,18672,1200,,AT,,,,0,0,0,0,0,0,0,0,Yokohama,,https://www.beforward.jp/toyota/raize/cd361026/id/15315423/?mfg_year_from=2018
CD361069,2018 TOYOTA HIACE VAN SPGLDP2/55,CD361069,2018,"$16,430",,38584,2000,,AT,,VAN,,0,0,0,0,0,0,0,0,Yokohama,,https://www.beforward.jp/toyota/hiace-van/cd361069/id/15315466/?mfg_year_from=2018
CD361072,2022 TOYOTA HIACE VAN GL,CD361072,2022,"$26,140",,43000,2754,,AT,,VAN,,0,0,0,0,0,0,0,0,Nagoya,,https://www.beforward.jp/toyota/hiace-van/cd361072/id/15315469/?mfg_year_from=2018
CD361071,2020 LEXUS RX 300AWD,CD361071,2020,"$21,400",,24656,2000,,AT,,,,0,0,0,0,1,0,0,0,Niigata,,https://www.beforward.jp/lexus/rx/cd361071/id/15315468/?mfg_year_from=2018
CD361079,2024 MITSUBISHI ECLIPSE CROSS 2.4PHEVP4WD,CD361079,2024,"$16,560",,23238,2400,,AT,,,,0,0,0,0,1,0,0,0,Kobe,,https://www.beforward.jp/mitsubishi/eclipse-cross/cd361079/id/15315476/?mfg_year_from=2018
CD361120,2024 TOYOTA RAIZE 4WDZCALSMOTORHAVANA,CD361120,2024,"$21,060",,160,1000,,AT,,,,0,0,0,0,1,0,0,0,Yokohama,,https://www.beforward.jp/toyota/raize/cd361120/id/15315517/?mfg_year_from=2018
CD361121,2019 JEEP COMPASS S,CD361121,2019,"$11,130",,38000,2400,,CVT,,,,0,0,0,0,0,0,0,0,Yokohama,,https://www.beforward.jp/jeep/compass/cd361121/id/15315518/?mfg_year_from=2018
CD360336,2022 TOYOTA HILUX 2.4 J REVO CAB,CD360336,2022,"$17,710",,65200,2393,,MT,,,,0,0,0,0,0,0,0,0,Thailand,,https://www.beforward.jp/toyota/hilux/cd360336/id/15314733/?mfg_year_from=2018
CD360431,2020 FORD RANGER 2.0 WILDTRAK DOUBLE CAB,CD360431,2020,"$21,730",,89200,1996,,AT,,,,0,0,0,0,0,0,0,0,Thailand,,https://www.beforward.jp/ford/ranger/cd360431/id/15314828/?mfg_year_from=2018
CD360397,2019 FORD RANGER 2.0 WILDTRAK DOUBLE CAB,CD360397,2019,"$20,570",,99200,1996,,AT,,,,0,0,0,0,0,0,0,0,Thailand,,https://www.beforward.jp/ford/ranger/cd360397/id/15314794/?mfg_year_from=2018
CD360369,2019 FORD RANGER 2.0 WILDTRAK DOUBLE CAB,CD360369,2019,"$22,050",,86200,1996,,AT,,,,0,0,0,0,0,0,0,0,Thailand,,https://www.beforward.jp/ford/ranger/cd360369/id/15314766/?mfg_year_from=2018
CD360257,2022 FORD RANGER 2.2 XLT DOUBLE CAB,CD360257,2022,"$23,320",,70000,2198,,AT,,,,0,0,0,0,0,0,0,0,Thailand,,https://www.beforward.jp/ford/ranger/cd360257/id/15314654/?mfg_year_from=2018
CD360237,2020 FORD RANGER 2.0 WILDTRAK DOUBLE CAB,CD360237,2020,"$21,520",,77500,1996,,AT,,,,0,0,0,0,0,0,0,0,Thailand,,https://www.beforward.jp/ford/ranger/cd360237/id/15314634/?mfg_year_from=2018
CB941940,2022 TOYOTA HIACE VAN,CB941940,2022,"$26,280",,25000,2800,,AT,,VAN,,0,0,0,0,0,0,0,0,Kyushu,,https://www.beforward.jp/toyota/hiace-van/cb941940/id/14006548/?mfg_year_from=2018
CD359348,2025 LEXUS NX 350HF,CD359348,2025,"$42,650",,10108,2480,,CVT,,,,0,0,0,0,0,0,0,0,Nagoya,,https://www.beforward.jp/lexus/nx/cd359348/id/15313744/?mfg_year_from=2018
CC841409,2022 HONDA VEZEL,CC841409,2022,"$17,810",,35400,1500,,CVT,,,,0,0,0,0,0,0,0,0,Osaka,,https://www.beforward.jp/honda/vezel/cc841409/id/14863926/?mfg_year_from=2018
CC663484,2019 SUZUKI X BEE,CC663484,2019,"$8,070",,39000,1000,,AT,,,,0,0,0,0,0,0,0,0,Kobe,,https://www.beforward.jp/suzuki/x-bee/cc663484/id/14685029/?mfg_year_from=2018
CC584444,2026 SUZUKI JIMNY NOMADE,CC584444,2026,"$21,660",,45,1500,,CVT,,,,0,0,0,0,0,0,0,0,Kyoto,,https://www.beforward.jp/suzuki/jimny-nomade/cc584444/id/14605446/?mfg_year_from=2018
CB722295,2025 JEEP RENEGADE,CB722295,2025,"$24,380",,300,1500,,AT,,,,0,0,0,0,0,0,0,0,Yokohama,,https://www.beforward.jp/jeep/renegade/cb722295/id/13785537/?mfg_year_from=2018
CB218927,2021 DAIHATSU TAFT,CB218927,2021,"$8,200",,28952,660,,CVT,,,,0,0,0,0,0,0,0,0,Nagoya,,https://www.beforward.jp/daihatsu/taft/cb218927/id/13277617/?mfg_year_from=2018
CB202471,2023 TOYOTA RAV4,CB202471,2023,"$21,660",,50151,2000,,CVT,,,,0,0,0,0,0,0,0,0,Yokohama,,https://www.beforward.jp/toyota/rav4/cb202471/id/13259859/?mfg_year_from=2018
CA552976,2021 SUZUKI X BEE,CA552976,2021,"$11,110",,26262,1000,,AT,,,,0,0,0,0,0,0,0,0,Yokohama,,https://www.beforward.jp/suzuki/x-bee/ca552976/id/12638762/?mfg_year_from=2018
CD359424,2023 LEXUS NX,CD359424,2023,"$36,950",,28000,2500,,CVT,,,,0,0,0,0,0,0,0,0,Kyushu,,https://www.beforward.jp/lexus/nx/cd359424/id/15313821/?mfg_year_from=2018
CD359460,2020 SUBARU FORESTER,CD359460,2020,"$15,090",,45675,1800,,AT,,,,0,0,0,0,0,0,0,0,Yokohama,,https://www.beforward.jp/subaru/forester/cd359460/id/15313857/?mfg_year_from=2018
CB117677,2020 TOYOTA SIENTA,CB117677,2020,"$14,410",,40266,1500,,AT,,,,0,0,0,0,0,0,0,0,Yokohama,,https://www.beforward.jp/toyota/sienta/cb117677/id/13174070/?mfg_year_from=2018
CD359538,2026 SUZUKI JIMNY NOMADE,CD359538,2026,"$18,950",,31,1500,,MT,,,,0,0,0,0,0,0,0,0,Nagoya,,https://www.beforward.jp/suzuki/jimny-nomade/cd359538/id/15313935/?mfg_year_from=2018
CD359631,2019 LEXUS UX,CD359631,2019,"$17,620",,92458,2000,,AT,,,,0,0,0,0,0,0,0,0,Osaka,,https://www.beforward.jp/lexus/ux/cd359631/id/15314028/?mfg_year_from=2018
CD359637,2023 LEXUS RX,CD359637,2023,"$45,810",,20582,2400,,AT,,,,0,0,0,0,0,0,0,0,Osaka,,https://www.beforward.jp/lexus/rx/cd359637/id/15314034/?mfg_year_from=2018
CD359638,2021 LEXUS UX,CD359638,2021,"$18,580",,77068,2000,,AT,,,,0,0,0,0,0,0,0,0,Osaka,,https://www.beforward.jp/lexus/ux/cd359638/id/15314035/?mfg_year_from=2018
CD359479,2021 SUZUKI EVERY,CD359479,2021,"$3,500",,86715,660,,AT,,,,0,0,0,0,0,0,0,0,Yokohama,,https://www.beforward.jp/suzuki/every/cd359479/id/15313876/?mfg_year_from=2018
CD359481,2023 VOLKSWAGEN GOLF VARIANT,CD359481,2023,"$17,750",,34000,1960,,AT,,,,0,0,0,0,0,0,0,0,Osaka,,https://www.beforward.jp/volkswagen/golf-variant/cd359481/id/15313878/?mfg_year_from=2018
CD360161,2021 TOYOTA HIACE VAN,CD360161,2021,"$20,400",,97500,2800,,AT,,VAN,,0,0,0,0,0,0,0,0,Kyushu,,https://www.beforward.jp/toyota/hiace-van/cd360161/id/15314558/?mfg_year_from=2018
CD359665,2023 JEEP GRAND CHEROKEE,CD359665,2023,"$35,300",,21719,2000,,AT,,,,0,0,0,0,0,0,0,0,Kyushu,,https://www.beforward.jp/jeep/grand-cherokee/cd359665/id/15314062/?mfg_year_from=2018
CD359721,2018 MERCEDES-BENZ GLA-CLASS,CD359721,2018,"$9,670",,43000,1600,,AT,,,,0,0,0,0,0,0,0,0,Kobe,,https://www.beforward.jp/mercedes-benz/gla-class/cd359721/id/15314118/?mfg_year_from=2018
CD359736,2024 JEEP GRAND CHEROKEE,CD359736,2024,"$36,340",,10500,2000,,AT,,,,0,0,0,0,0,0,0,0,Osaka,,https://www.beforward.jp/jeep/grand-cherokee/cd359736/id/15314133/?mfg_year_from=2018
CD359741,2021 MERCEDES-BENZ GLE-CLASS,CD359741,2021,"$37,950",,49990,2900,,AT,,,,0,0,0,0,0,0,0,0,Osaka,,https://www.beforward.jp/mercedes-benz/gle-class/cd359741/id/15314138/?mfg_year_from=2018
CD359744,2025 MERCEDES-BENZ GLA-CLASS,CD359744,2025,"$29,670",,12728,1300,,AT,,,,0,0,0,0,0,0,0,0,Yokohama,,https://www.beforward.jp/mercedes-benz/gla-class/cd359744/id/15314141/?mfg_year_from=2018
CD360211,2023 TOYOTA CROWN CROSSOVER,CD360211,2023,"$22,360",,35000,2500,,CVT,,,,0,0,0,0,0,0,0,0,Kobe,,https://www.beforward.jp/toyota/crown-crossover/cd360211/id/15314608/?mfg_year_from=2018
CD360212,2022 BMW X3,CD360212,2022,"$26,420",,29000,2000,,AT,,,,0,0,0,0,0,0,0,0,Osaka,,https://www.beforward.jp/bmw/x3/cd360212/id/15314609/?mfg_year_from=2018
CD360220,2022 PORSCHE CAYENNE,CD360220,2022,"$45,770",,50000,3000,,AT,,,,0,0,0,0,0,0,0,0,Osaka,,https://www.beforward.jp/porsche/cayenne/cd360220/id/15314617/?mfg_year_from=2018
CD360225,2023 BMW X1,CD360225,2023,"$27,610",,4000,2000,,AT,,,,0,0,0,0,0,0,0,0,Osaka,,https://www.beforward.jp/bmw/x1/cd360225/id/15314622/?mfg_year_from=2018
CD360234,2023 HONDA VEZEL,CD360234,2023,"$18,080",,18460,1500,,AT,,,,0,0,0,0,0,0,0,0,Nagoya,,https://www.beforward.jp/honda/vezel/cd360234/id/15314631/?mfg_year_from=2018
CD360238,2024 HONDA VEZEL,CD360238,2024,"$18,950",,19510,1500,,AT,,,,0,0,0,0,0,0,0,0,Nagoya,,https://www.beforward.jp/honda/vezel/cd360238/id/15314635/?mfg_year_from=2018
CD360321,2020 TOYOTA HIACE VAN,CD360321,2020,"$20,270",,63575,2000,,AT,,VAN,,0,0,0,0,0,0,0,0,Kyushu,,https://www.beforward.jp/toyota/hiace-van/cd360321/id/15314718/?mfg_year_from=2018
CD360302,2022 MERCEDES-BENZ GLB- CLASS,CD360302,2022,"$32,330",,24000,2000,,AT,,,,0,0,0,0,0,0,0,0,Yokohama,,https://www.beforward.jp/mercedes-benz/glb-class/cd360302/id/15314699/?mfg_year_from=2018
CD360307,2024 AUDI Q3,CD360307,2024,"$23,050",,26000,1500,,AT,,,,0,0,0,0,0,0,0,0,Yokohama,,https://www.beforward.jp/audi/q3/cd360307/id/15314704/?mfg_year_from=2018
CD360312,2020 TOYOTA HARRIER,CD360312,2020,"$21,400",,24600,2000,,AT,,,,0,0,0,0,0,0,0,0,Kobe,,https://www.beforward.jp/toyota/harrier/cd360312/id/15314709/?mfg_year_from=2018
CD360288,2020 TOYOTA COROLLA TOURING,CD360288,2020,"$13,710",,13500,1800,,AT,,,,0,0,0,0,0,0,0,0,Yokohama,,https://www.beforward.jp/toyota/corolla-touring/cd360288/id/15314685/?mfg_year_from=2018
CD360309,2025 AUDI A5,CD360309,2025,"$38,280",,5500,2000,,AT,,,,0,0,0,0,0,0,0,0,Yokohama,,https://www.beforward.jp/audi/a5/cd360309/id/15314706/?mfg_year_from=2018
CD360377,2022 TOYOTA HARRIER,CD360377,2022,"$25,830",,15886,2000,,AT,,,,0,0,0,0,0,0,0,0,Kobe,,https://www.beforward.jp/toyota/harrier/cd360377/id/15314774/?mfg_year_from=2018
CD360406,2025 TOYOTA RAIZE,CD360406,2025,"$19,040",,7,1200,,AT,,,,0,0,0,0,0,0,0,0,Kobe,,https://www.beforward.jp/toyota/raize/cd360406/id/15314803/?mfg_year_from=2018
CD360353,2021 HONDA FIT,CD360353,2021,"$7,180",,39273,1300,,AT,,,,0,0,0,0,0,0,0,0,Yokohama,,https://www.beforward.jp/honda/fit/cd360353/id/15314750/?mfg_year_from=2018
CD360354,2021 SUBARU IMPREZA G4,CD360354,2021,"$5,570",,76971,1600,,AT,,,,0,0,0,0,0,0,0,0,Yokohama,,https://www.beforward.jp/subaru/impreza-g4/cd360354/id/15314751/?mfg_year_from=2018
CD360356,2021 NISSAN NOTE,CD360356,2021,"$4,140",,63390,1200,,AT,,,,0,0,0,0,0,0,0,0,Yokohama,,https://www.beforward.jp/nissan/note/cd360356/id/15314753/?mfg_year_from=2018
CD360357,2021 HONDA FIT,CD360357,2021,"$7,120",,53068,1500,,AT,,,,0,0,0,0,0,0,0,0,Yokohama,,https://www.beforward.jp/honda/fit/cd360357/id/15314754/?mfg_year_from=2018
CD360498,2023 SUZUKI JIMNY SIERRA,CD360498,2023,"$18,080",,6000,1500,,MT,,,,0,0,0,0,0,0,0,0,Kobe,,https://www.beforward.jp/suzuki/jimny-sierra/cd360498/id/15314895/?mfg_year_from=2018
CD360500,2025 LEXUS RX,CD360500,2025,"$52,190",,3000,2400,,AT,,,,0,0,0,0,0,0,0,0,Kobe,,https://www.beforward.jp/lexus/rx/cd360500/id/15314897/?mfg_year_from=2018
CD360496,2023 HONDA STEP WGN,CD360496,2023,"$19,670",,34700,2000,,AT,,,,0,0,0,0,0,0,0,0,Kobe,,https://www.beforward.jp/honda/step-wgn/cd360496/id/15314893/?mfg_year_from=2018
CD360499,2022 TOYOTA VOXY,CD360499,2022,"$25,370",,35000,1800,,CVT,,,,0,0,0,0,0,0,0,0,Kobe,,https://www.beforward.jp/toyota/voxy/cd360499/id/15314896/?mfg_year_from=2018
CD360502,2018 BMW 1 SERIES,CD360502,2018,"$7,160",,65000,2000,,AT,,,,0,0,0,0,0,0,0,0,Yokohama,,https://www.beforward.jp/bmw/1-series/cd360502/id/15314899/?mfg_year_from=2018
CD360503,2023 VOLKSWAGEN GOLF,CD360503,2023,"$16,830",,22000,2000,,AT,,,,0,0,0,0,0,0,0,0,Yokohama,,https://www.beforward.jp/volkswagen/golf/cd360503/id/15314900/?mfg_year_from=2018
CD360541,2021 TOYOTA COROLLA FIELDER,CD360541,2021,"$6,290",,124129,1500,,AT,,,,0,0,0,0,0,0,0,0,Yokohama,,https://www.beforward.jp/toyota/corolla-fielder/cd360541/id/15314938/?mfg_year_from=2018
CD360542,2020 TOYOTA COROLLA FIELDER,CD360542,2020,"$6,030",,160324,1500,,AT,,,,0,0,0,0,0,0,0,0,Yokohama,,https://www.beforward.jp/toyota/corolla-fielder/cd360542/id/15314939/?mfg_year_from=2018
CD360544,2021 TOYOTA YARIS,CD360544,2021,"$5,750",,63697,1000,,AT,,,,0,0,0,0,0,0,0,0,Yokohama,,https://www.beforward.jp/toyota/yaris/cd360544/id/15314941/?mfg_year_from=2018
CD360545,2021 TOYOTA YARIS,CD360545,2021,"$6,170",,82290,1500,,AT,,,,0,0,0,0,0,0,0,0,Yokohama,,https://www.beforward.jp/toyota/yaris/cd360545/id/15314942/?mfg_year_from=2018
CD360546,2023 TOYOTA AQUA,CD360546,2023,"$7,460",,65546,1500,,AT,,,,0,0,0,0,0,0,0,0,Yokohama,,https://www.beforward.jp/toyota/aqua/cd360546/id/15314943/?mfg_year_from=2018
CD360547,2021 TOYOTA COROLLA TOURING,CD360547,2021,"$11,360",,44607,1800,,AT,,,,0,0,0,0,0,0,0,0,Yokohama,,https://www.beforward.jp/toyota/corolla-touring/cd360547/id/15314944/?mfg_year_from=2018
CD359309,2025 SUZUKI HUSTLER,CD359309,2025,"$11,460",,5000,660,,CVT,,,,0,0,0,0,0,0,0,0,Nagoya,,https://www.beforward.jp/suzuki/hustler/cd359309/id/15313704/?mfg_year_from=2018
CD359318,2025 SUZUKI JIMNY NOMADE 1.5FC4WD,CD359318,2025,"$22,710",,25,1500,,AT,,,,0,0,0,0,1,0,0,0,Nagoya,,https://www.beforward.jp/suzuki/jimny-nomade/cd359318/id/15313713/?mfg_year_from=2018
CD359320,2023 TOYOTA CROWN CROSSOVER 2.4RSE-FOURADVANCED4WD,CD359320,2023,"$35,660",,16000,2400,,AT,,,,0,0,0,0,1,0,0,0,Nagoya,,https://www.beforward.jp/toyota/crown-crossover/cd359320/id/15313715/?mfg_year_from=2018
CD359321,2018 SUZUKI HUSTLER G,CD359321,2018,"$6,440",,40000,660,,CVT,,,,0,0,0,0,0,0,0,0,Nagoya,,https://www.beforward.jp/suzuki/hustler/cd359321/id/15313716/?mfg_year_from=2018
CD359329,2019 SUZUKI HUSTLER A,CD359329,2019,"$6,740",,28000,660,,CVT,,,,0,0,0,0,0,0,0,0,Nagoya,,https://www.beforward.jp/suzuki/hustler/cd359329/id/15313724/?mfg_year_from=2018
CD359308,2025 SUZUKI ALTO LCX,CD359308,2025,"$10,620",,5000,660,,CVT,,,,0,0,0,0,0,0,0,0,Nagoya,,https://www.beforward.jp/suzuki/alto/cd359308/id/15313703/?mfg_year_from=2018
CC909067,2024 TOYOTA LAND CRUISER ZX,CC909067,2024,"$71,890",,2000,3440,,AT,,,,0,0,0,0,0,0,0,0,Yokohama,,https://www.beforward.jp/toyota/land-cruiser/cc909067/id/14931757/?mfg_year_from=2018
CD359197,2025 TOYOTA LAND CRUISER 2.7VX,CD359197,2025,"$42,450",,9000,2690,,AT,,,,0,0,0,0,0,0,0,0,Nagoya,,https://www.beforward.jp/toyota/land-cruiser/cd359197/id/15313591/?mfg_year_from=2018
CD359335,2022 MAZDA FLAIR XS,CD359335,2022,"$10,380",,23000,660,,CVT,,,,0,0,0,0,0,0,0,0,Nagoya,,https://www.beforward.jp/mazda/flair/cd359335/id/15313730/?mfg_year_from=2018
CD359290,2023 TOYOTA COROLLA CROSS,CD359290,2023,"$15,040",,31567,1800,,AT,,,,0,0,0,0,0,0,0,0,Yokohama,,https://www.beforward.jp/toyota/corolla-cross/cd359290/id/15313685/?mfg_year_from=2018
CB552678,2024 PORSCHE PORSCHE OTHERS PDK4WD,CB552678,2024,"$63,120",,9000,1980,,AT,,,,0,0,0,0,1,0,0,0,Toyama,,https://www.beforward.jp/porsche/porsche-others/cb552678/id/13614281/?mfg_year_from=2018
CD359235,2021 SUZUKI JIMNY SIERRA 1.5JC4WD,CD359235,2021,"$18,580",,22000,1460,,AT,,,,0,0,0,0,1,0,0,0,Kyushu,,https://www.beforward.jp/suzuki/jimny-sierra/cd359235/id/15313630/?mfg_year_from=2018
CD359226,2021 TOYOTA LAND CRUISER PRADO 2.7TX,CD359226,2021,"$25,130",,27000,2690,,AT,,,,0,0,0,0,0,0,0,0,Osaka,,https://www.beforward.jp/toyota/land-cruiser-prado/cd359226/id/15313620/?mfg_year_from=2018
CD359207,2018 BMW X1 XDRIVE18DX,CD359207,2018,"$7,560",,86000,1990,,AT,,,,0,0,0,0,0,0,0,0,Hokkaido,,https://www.beforward.jp/bmw/x1/cd359207/id/15313601/?mfg_year_from=2018
CD359216,2021 LEXUS NX 450HF,CD359216,2021,"$34,320",,38000,2480,,CVT,,,,0,0,0,0,0,0,0,0,Yokohama,,https://www.beforward.jp/lexus/nx/cd359216/id/15313610/?mfg_year_from=2018
CD359218,2019 LAND ROVER RANGE ROVER VELAR RSED180,CD359218,2019,"$28,740",,60000,1990,,AT,,,,0,0,0,0,0,0,0,0,Osaka,,https://www.beforward.jp/land-rover/range-rover-velar/cd359218/id/15313612/?mfg_year_from=2018
CD359220,2024 TOYOTA HARRIER HYBRID G,CD359220,2024,"$22,990",,15000,2480,HYBRID,CVT,,,,0,0,0,0,0,0,0,0,Yokohama,,https://www.beforward.jp/toyota/harrier-hybrid/cd359220/id/15313614/?mfg_year_from=2018
CD358715,2021 MERCEDES-BENZ GLC-CLASS 220D44WD,CD358715,2021,"$30,730",,21000,1940,,AT,,,,0,0,0,0,1,0,0,0,Yokohama,,https://www.beforward.jp/mercedes-benz/glc-class/cd358715/id/15313108/?mfg_year_from=2018
CC444331,2020 LEXUS UX,CC444331,2020,"$19,510",,54410,2000,,AT,,,,0,0,0,0,0,0,0,0,Yokohama,,https://www.beforward.jp/lexus/ux/cc444331/id/14463543/?mfg_year_from=2018
CC425001,2018 NISSAN X-TRAIL HYBRID,CC425001,2018,"$9,640",,68758,2000,HYBRID,AT,,,,0,0,0,0,0,0,0,0,Yokohama,,https://www.beforward.jp/nissan/x-trail-hybrid/cc425001/id/14444609/?mfg_year_from=2018
CB920149,2021 TOYOTA RAV4,CB920149,2021,"$18,220",,43150,2000,,AT,,,,0,0,0,0,0,0,0,0,Yokohama,,https://www.beforward.jp/toyota/rav4/cb920149/id/13985171/?mfg_year_from=2018
CB800423,2021 TOYOTA HARRIER HYBRID,CB800423,2021,"$15,570",,39494,2500,HYBRID,AT,,,,0,0,0,0,0,0,0,0,Yokohama,,https://www.beforward.jp/toyota/harrier-hybrid/cb800423/id/13864564/?mfg_year_from=2018
CD358610,2023 DAIHATSU TAFT,CD358610,2023,"$8,350",,10544,660,,AT,,,,0,0,0,0,0,0,0,0,Kobe,,https://www.beforward.jp/daihatsu/taft/cd358610/id/15313003/?mfg_year_from=2018
CD358615,2022 JEEP CHEROKEE,CD358615,2022,"$18,270",,21189,2000,,AT,,,,0,0,0,0,0,0,0,0,Yokohama,,https://www.beforward.jp/jeep/cherokee/cd358615/id/15313008/?mfg_year_from=2018
CD358634,2025 MITSUBISHI OUTLANDER PHEV,CD358634,2025,"$29,140",,16867,2400,,AT,,,,0,0,0,0,0,0,0,0,Niigata,,https://www.beforward.jp/mitsubishi/outlander-phev/cd358634/id/15313027/?mfg_year_from=2018
CD358644,2021 TOYOTA HARRIER,CD358644,2021,"$20,920",,54715,2000,,AT,,,,0,0,0,0,0,0,0,0,Yokohama,,https://www.beforward.jp/toyota/harrier/cd358644/id/15313037/?mfg_year_from=2018
CD358646,2019 MAZDA CX-5,CD358646,2019,"$12,650",,29750,2200,,AT,,,,0,0,0,0,0,0,0,0,Kobe,,https://www.beforward.jp/mazda/cx-5/cd358646/id/15313039/?mfg_year_from=2018
CD358647,2021 TOYOTA HARRIER HYBRID,CD358647,2021,"$22,360",,29797,2500,HYBRID,AT,,,,0,0,0,0,0,0,0,0,Hokkaido,,https://www.beforward.jp/toyota/harrier-hybrid/cd358647/id/15313040/?mfg_year_from=2018
CD358657,2023 MAZDA CX-60,CD358657,2023,"$25,770",,19637,3300,,AT,,,,0,0,0,0,0,0,0,0,Kyushu,,https://www.beforward.jp/mazda/cx-60/cd358657/id/15313050/?mfg_year_from=2018
CD358658,2019 FIAT 500X,CD358658,2019,"$7,950",,43012,1300,,AT,,,,0,0,0,0,0,0,0,0,Yokohama,,https://www.beforward.jp/fiat/500x/cd358658/id/15313051/?mfg_year_from=2018
CD358669,2019 LEXUS NX,CD358669,2019,"$21,100",,70643,2500,,AT,,,,0,0,0,0,0,0,0,0,Kobe,,https://www.beforward.jp/lexus/nx/cd358669/id/15313062/?mfg_year_from=2018
CD358670,2023 NISSAN X-TRAIL,CD358670,2023,"$21,390",,28778,1500,,AT,,,,0,0,0,0,0,0,0,0,Yokohama,,https://www.beforward.jp/nissan/x-trail/cd358670/id/15313063/?mfg_year_from=2018
CD358673,2021 TOYOTA RAV4,CD358673,2021,"$20,970",,28131,2000,,AT,,,,0,0,0,0,0,0,0,0,Kyushu,,https://www.beforward.jp/toyota/rav4/cd358673/id/15313066/?mfg_year_from=2018
CD358677,2020 TOYOTA RAIZE,CD358677,2020,"$9,870",,72164,1000,,AT,,,,0,0,0,0,0,0,0,0,Nagoya,,https://www.beforward.jp/toyota/raize/cd358677/id/15313070/?mfg_year_from=2018
CD358701,2021 TOYOTA YARIS CROSS,CD358701,2021,"$16,430",,47659,1500,,AT,,,,0,0,0,0,0,0,0,0,Osaka,,https://www.beforward.jp/toyota/yaris-cross/cd358701/id/15313094/?mfg_year_from=2018
CD358668,2018 NISSAN SERENA,CD358668,2018,"$13,880",,53411,2000,,AT,,,,0,0,0,0,0,0,0,0,Kobe,,https://www.beforward.jp/nissan/serena/cd358668/id/15313061/?mfg_year_from=2018
CD358753,2021 TOYOTA HIACE VAN,CD358753,2021,"$21,890",,63374,2800,,AT,,VAN,,0,0,0,0,0,0,0,0,Yokohama,,https://www.beforward.jp/toyota/hiace-van/cd358753/id/15313146/?mfg_year_from=2018
CD358719,2024 TOYOTA LAND CRUISER,CD358719,2024,"$72,520",,15499,3500,,AT,,,,0,0,0,0,0,0,0,0,Nagoya,,https://www.beforward.jp/toyota/land-cruiser/cd358719/id/15313112/?mfg_year_from=2018
CD358720,2021 TOYOTA COROLLA CROSS,CD358720,2021,"$17,690",,56970,1800,,AT,,,,0,0,0,0,0,0,0,0,Kyushu,,https://www.beforward.jp/toyota/corolla-cross/cd358720/id/15313113/?mfg_year_from=2018
CD358723,2019 TOYOTA HARRIER,CD358723,2019,"$14,710",,86357,2000,,AT,,,,0,0,0,0,0,0,0,0,Nagoya,,https://www.beforward.jp/toyota/harrier/cd358723/id/15313116/?mfg_year_from=2018
CD358724,2022 HONDA VEZEL,CD358724,2022,"$21,200",,21432,1500,,AT,,,,0,0,0,0,0,0,0,0,Yokohama,,https://www.beforward.jp/honda/vezel/cd358724/id/15313117/?mfg_year_from=2018
CD358742,2023 TOYOTA RAV4,CD358742,2023,"$20,530",,60261,2000,,AT,,,,0,0,0,0,0,0,0,0,Niigata,,https://www.beforward.jp/toyota/rav4/cd358742/id/15313135/?mfg_year_from=2018
CD358782,2023 TOYOTA LAND CRUISER PRADO,CD358782,2023,"$27,820",,26352,2700,,AT,,,,0,0,0,0,0,0,0,0,Nagoya,,https://www.beforward.jp/toyota/land-cruiser-prado/cd358782/id/15313175/?mfg_year_from=2018
CD358783,2018 TOYOTA LAND CRUISER PRADO,CD358783,2018,"$23,850",,95482,2800,,AT,,,,0,0,0,0,0,0,0,0,Yokohama,,https://www.beforward.jp/toyota/land-cruiser-prado/cd358783/id/15313176/?mfg_year_from=2018
CD358773,2024 TOYOTA LAND CRUISER,CD358773,2024,"$45,370",,16767,2800,,AT,,,,0,0,0,0,0,0,0,0,Kyushu,,https://www.beforward.jp/toyota/land-cruiser/cd358773/id/15313166/?mfg_year_from=2018
CD358775,2019 SUBARU FORESTER,CD358775,2019,"$8,610",,175777,2000,,AT,,,,0,0,0,0,0,0,0,0,Osaka,,https://www.beforward.jp/subaru/forester/cd358775/id/15313168/?mfg_year_from=2018
CD358776,2024 TOYOTA COROLLA CROSS,CD358776,2024,"$18,220",,20081,1800,,AT,,,,0,0,0,0,0,0,0,0,Yokohama,,https://www.beforward.jp/toyota/corolla-cross/cd358776/id/15313169/?mfg_year_from=2018
CD358777,2023 AUDI Q5,CD358777,2023,"$24,510",,22723,2000,,AT,,,,0,0,0,0,0,0,0,0,Hokkaido,,https://www.beforward.jp/audi/q5/cd358777/id/15313170/?mfg_year_from=2018
CD358842,2018 TOYOTA LAND CRUISER PRADO,CD358842,2018,"$25,600",,49074,2800,,AT,,,,0,0,0,0,0,0,0,0,Toyama,,https://www.beforward.jp/toyota/land-cruiser-prado/cd358842/id/15313235/?mfg_year_from=2018
CD358878,2019 TOYOTA LAND CRUISER PRADO,CD358878,2019,"$35,770",,29480,2800,,AT,,,,0,0,0,0,0,0,0,0,Yokohama,,https://www.beforward.jp/toyota/land-cruiser-prado/cd358878/id/15313271/?mfg_year_from=2018
CD358860,2025 TOYOTA LAND CRUISER,CD358860,2025,"$37,750",,20335,2700,,AT,,,,0,0,0,0,0,0,0,0,Yokohama,,https://www.beforward.jp/toyota/land-cruiser/cd358860/id/15313253/?mfg_year_from=2018
CD358847,2019 MAZDA CX-30,CD358847,2019,"$13,680",,33360,1800,,AT,,,,0,0,0,0,0,0,0,0,Yokohama,,https://www.beforward.jp/mazda/cx-30/cd358847/id/15313240/?mfg_year_from=2018
CD358850,2020 MERCEDES-BENZ GLA-CLASS,CD358850,2020,"$12,720",,31552,2000,,AT,,,,0,0,0,0,0,0,0,0,Yokohama,,https://www.beforward.jp/mercedes-benz/gla-class/cd358850/id/15313243/?mfg_year_from=2018
CD358863,2021 VOLVO XC60,CD358863,2021,"$20,530",,53356,2000,,AT,,,,0,0,0,0,0,0,0,0,Yokohama,,https://www.beforward.jp/volvo/xc60/cd358863/id/15313256/?mfg_year_from=2018
CD358899,2023 NISSAN X-TRAIL,CD358899,2023,"$21,530",,44755,1500,,AT,,,,0,0,0,0,0,0,0,0,Yokohama,,https://www.beforward.jp/nissan/x-trail/cd358899/id/15313292/?mfg_year_from=2018
CD358900,2019 HONDA VEZEL,CD358900,2019,"$13,050",,14652,1500,,AT,,,,0,0,0,0,0,0,0,0,Yokohama,,https://www.beforward.jp/honda/vezel/cd358900/id/15313293/?mfg_year_from=2018
CD358901,2024 SUZUKI JIMNY SIERRA,CD358901,2024,"$17,420",,45416,1500,,AT,,,,0,0,0,0,0,0,0,0,Yokohama,,https://www.beforward.jp/suzuki/jimny-sierra/cd358901/id/15313294/?mfg_year_from=2018
CD358904,2022 TOYOTA HARRIER,CD358904,2022,"$21,230",,21677,2000,,AT,,,,0,0,0,0,0,0,0,0,Osaka,,https://www.beforward.jp/toyota/harrier/cd358904/id/15313297/?mfg_year_from=2018
CD358920,2019 MAZDA CX-5,CD358920,2019,"$13,550",,43419,2200,,AT,,,,0,0,0,0,0,0,0,0,Hokkaido,,https://www.beforward.jp/mazda/cx-5/cd358920/id/15313313/?mfg_year_from=2018
CD358922,2020 SUBARU FORESTER,CD358922,2020,"$11,400",,68124,2500,,AT,,,,0,0,0,0,0,0,0,0,Kyushu,,https://www.beforward.jp/subaru/forester/cd358922/id/15313315/?mfg_year_from=2018
CD358935,2020 SUZUKI JIMNY SIERRA,CD358935,2020,"$15,140",,31807,1500,,AT,,,,0,0,0,0,0,0,0,0,Kyushu,,https://www.beforward.jp/suzuki/jimny-sierra/cd358935/id/15313329/?mfg_year_from=2018
CD358939,2023 VOLKSWAGEN T-CROSS,CD358939,2023,"$14,180",,19365,1000,,AT,,,,0,0,0,0,0,0,0,0,Kyushu,,https://www.beforward.jp/volkswagen/t-cross/cd358939/id/15313333/?mfg_year_from=2018
CD358943,2022 TOYOTA HARRIER,CD358943,2022,"$20,240",,39806,2000,,AT,,,,0,0,0,0,0,0,0,0,Kyushu,,https://www.beforward.jp/toyota/harrier/cd358943/id/15313337/?mfg_year_from=2018
CD358944,2021 TOYOTA HARRIER,CD358944,2021,"$17,360",,33973,2000,,AT,,,,0,0,0,0,0,0,0,0,Kyushu,,https://www.beforward.jp/toyota/harrier/cd358944/id/15313338/?mfg_year_from=2018
CD358945,2021 TOYOTA HARRIER,CD358945,2021,"$18,880",,48347,2000,,AT,,,,0,0,0,0,0,0,0,0,Kyushu,,https://www.beforward.jp/toyota/harrier/cd358945/id/15313339/?mfg_year_from=2018
CD358953,2020 LEXUS RX,CD358953,2020,"$26,860",,73502,3500,,AT,,,,0,0,0,0,0,0,0,0,Yokohama,,https://www.beforward.jp/lexus/rx/cd358953/id/15313347/?mfg_year_from=2018
CD358994,2024 TOYOTA BZ4X,CD358994,2024,"$21,760",,7720,1000,,AT,,,,0,0,0,0,0,0,0,0,Kobe,,https://www.beforward.jp/toyota/bz4x/cd358994/id/15313388/?mfg_year_from=2018
CD359002,2022 TOYOTA RAIZE,CD359002,2022,"$12,090",,61000,1200,,AT,,,,0,0,0,0,0,0,0,0,Yokohama,,https://www.beforward.jp/toyota/raize/cd359002/id/15313396/?mfg_year_from=2018
CD359003,2023 HONDA VEZEL,CD359003,2023,"$18,020",,12729,1500,,AT,,,,0,0,0,0,0,0,0,0,Yokohama,,https://www.beforward.jp/honda/vezel/cd359003/id/15313397/?mfg_year_from=2018
CD359021,2021 TOYOTA YARIS CROSS,CD359021,2021,"$16,830",,29026,1500,,AT,,,,0,0,0,0,0,0,0,0,Hokkaido,,https://www.beforward.jp/toyota/yaris-cross/cd359021/id/15313415/?mfg_year_from=2018
CD358973,2021 LEXUS IS,CD358973,2021,"$21,130",,46320,2000,,AT,,,,0,0,0,0,0,0,0,0,Kyushu,,https://www.beforward.jp/lexus/is/cd358973/id/15313367/?mfg_year_from=2018
CD358976,2024 DAIHATSU HIJET TRUCK,CD358976,2024,"$7,090",,4967,650,,MT,,TRUCK,,0,0,0,0,0,0,0,0,Kyushu,,https://www.beforward.jp/daihatsu/hijet-truck/cd358976/id/15313370/?mfg_year_from=2018
CD359022,2023 MAZDA CX-5,CD359022,2023,"$17,320",,21381,2200,,AT,,,,0,0,0,0,0,0,0,0,Hokkaido,,https://www.beforward.jp/mazda/cx-5/cd359022/id/15313416/?mfg_year_from=2018
CD359034,2023 TOYOTA RAV4,CD359034,2023,"$25,140",,43089,2500,,AT,,,,0,0,0,0,0,0,0,0,Yokohama,,https://www.beforward.jp/toyota/rav4/cd359034/id/15313428/?mfg_year_from=2018
CD359037,2023 TOYOTA RAIZE,CD359037,2023,"$12,750",,14494,1200,,AT,,,,0,0,0,0,0,0,0,0,Kyushu,,https://www.beforward.jp/toyota/raize/cd359037/id/15313431/?mfg_year_from=2018
CD359042,2019 LEXUS UX,CD359042,2019,"$19,260",,23541,2000,,AT,,,,0,0,0,0,0,0,0,0,Kyushu,,https://www.beforward.jp/lexus/ux/cd359042/id/15313436/?mfg_year_from=2018
CD359075,2019 HONDA VEZEL,CD359075,2019,"$12,510",,61998,1500,,AT,,,,0,0,0,0,0,0,0,0,Niigata,,https://www.beforward.jp/honda/vezel/cd359075/id/15313469/?mfg_year_from=2018
CD359084,2020 LEXUS RX,CD359084,2020,"$21,330",,72701,3500,,AT,,,,0,0,0,0,0,0,0,0,Osaka,,https://www.beforward.jp/lexus/rx/cd359084/id/15313478/?mfg_year_from=2018
CD359138,2025 TOYOTA LAND CRUISER,CD359138,2025,"$37,420",,444,2700,,AT,,,,0,0,0,0,0,0,0,0,Yokohama,,https://www.beforward.jp/toyota/land-cruiser/cd359138/id/15313532/?mfg_year_from=2018
CD359100,2023 SUZUKI JIMNY SIERRA,CD359100,2023,"$18,150",,33697,1500,,AT,,,,0,0,0,0,0,0,0,0,Toyama,,https://www.beforward.jp/suzuki/jimny-sierra/cd359100/id/15313494/?mfg_year_from=2018
CD359105,2025 LEXUS LBX,CD359105,2025,"$30,470",,754,1500,,AT,,,,0,0,0,0,0,0,0,0,Kyushu,,https://www.beforward.jp/lexus/lbx/cd359105/id/15313499/?mfg_year_from=2018
CD359122,2019 VOLKSWAGEN TIGUAN,CD359122,2019,"$17,550",,48793,1400,,AT,,,,0,0,0,0,0,0,0,0,Yokohama,,https://www.beforward.jp/volkswagen/tiguan/cd359122/id/15313516/?mfg_year_from=2018
CD359126,2021 NISSAN X-TRAIL,CD359126,2021,"$13,880",,59240,2000,,AT,,,,0,0,0,0,0,0,0,0,Hokkaido,,https://www.beforward.jp/nissan/x-trail/cd359126/id/15313520/?mfg_year_from=2018
CD359128,2021 TOYOTA YARIS CROSS,CD359128,2021,"$15,140",,43200,1500,,AT,,,,0,0,0,0,0,0,0,0,Kyushu,,https://www.beforward.jp/toyota/yaris-cross/cd359128/id/15313522/?mfg_year_from=2018
CD359185,2022 TOYOTA LAND CRUISER PRADO,CD359185,2022,"$25,800",,64705,2700,,AT,,,,0,0,0,0,0,0,0,0,Kyushu,,https://www.beforward.jp/toyota/land-cruiser-prado/cd359185/id/15313579/?mfg_year_from=2018
CD359179,2024 TOYOTA LAND CRUISER,CD359179,2024,"$43,900",,13158,2800,,AT,,,,0,0,0,0,0,0,0,0,Kyushu,,https://www.beforward.jp/toyota/land-cruiser/cd359179/id/15313573/?mfg_year_from=2018
CD359145,2021 TOYOTA YARIS CROSS,CD359145,2021,"$15,630",,30586,1500,,AT,,,,0,0,0,0,0,0,0,0,Kyushu,,https://www.beforward.jp/toyota/yaris-cross/cd359145/id/15313539/?mfg_year_from=2018
CD359151,2020 DAIHATSU TAFT,CD359151,2020,"$8,280",,24000,660,,AT,,,,0,0,0,0,0,0,0,0,Yokohama,,https://www.beforward.jp/daihatsu/taft/cd359151/id/15313545/?mfg_year_from=2018
CD359153,2023 TOYOTA RAV4,CD359153,2023,"$21,230",,42184,2000,,AT,,,,0,0,0,0,0,0,0,0,Kobe,,https://www.beforward.jp/toyota/rav4/cd359153/id/15313547/?mfg_year_from=2018
CD359167,2021 TOYOTA RAIZE,CD359167,2021,"$13,910",,29523,1000,,AT,,,,0,0,0,0,0,0,0,0,Kyushu,,https://www.beforward.jp/toyota/raize/cd359167/id/15313561/?mfg_year_from=2018
CD358569,2018 VOLVO XC60 D4AWD4WD,CD358569,2018,"$16,100",,76000,1960,,AT,,,,0,0,0,0,1,0,0,0,Nagoya,,https://www.beforward.jp/volvo/xc60/cd358569/id/15312962/?mfg_year_from=2018
CD358561,2019 MERCEDES-BENZ G-CLASS G350D4WD,CD358561,2019,"$70,800",,69800,2980,,AT,,,,0,0,0,0,1,0,0,0,Yokohama,,https://www.beforward.jp/mercedes-benz/g-class/cd358561/id/15312954/?mfg_year_from=2018
CD358544,2026 SUZUKI JIMNY NOMADE 1.5FC4WD,CD358544,2026,"$21,130",,20,1460,,MT,,,,0,0,0,0,1,0,0,0,Kyushu,,https://www.beforward.jp/suzuki/jimny-nomade/cd358544/id/15312937/?mfg_year_from=2018
CD358533,2018 LEXUS NX 300I,CD358533,2018,"$21,790",,65000,1990,,AT,,,,0,0,0,0,0,0,0,0,Kyushu,,https://www.beforward.jp/lexus/nx/cd358533/id/15312926/?mfg_year_from=2018
CD358580,2021 TOYOTA HIACE WAGON,CD358580,2021,"$39,400",,52212,2690,,AT,,WAGON,,0,0,0,0,0,0,0,0,Kobe,,https://www.beforward.jp/toyota/hiace-wagon/cd358580/id/15312973/?mfg_year_from=2018
CD358587,2020 HINO DUTRO,CD358587,2020,"$18,750",,160000,4000,,MT,,,,0,0,0,0,0,0,0,0,Kobe,,https://www.beforward.jp/hino/dutro/cd358587/id/15312980/?mfg_year_from=2018
CD218910,2023 LAND ROVER RANGE ROVER,CD218910,2023,"$80,140",,36600,3000,,AT,,,,0,0,0,0,0,0,0,0,Kyushu,,https://www.beforward.jp/land-rover/range-rover/cd218910/id/15172054/?mfg_year_from=2018
CD358456,2023 TOYOTA RAIZE,CD358456,2023,"$11,930",,32202,1200,,CVT,,,,0,0,0,0,0,0,0,0,Nagoya,,https://www.beforward.jp/toyota/raize/cd358456/id/15312846/?mfg_year_from=2018
CD358440,2018 HONDA VEZEL,CD358440,2018,"$11,930",,37927,1500,,CVT,,,,0,0,0,0,0,0,0,0,Hokkaido,,https://www.beforward.jp/honda/vezel/cd358440/id/15312829/?mfg_year_from=2018
CD358399,2026 SUZUKI JIMNY NOMADE,CD358399,2026,"$24,020",,78,1500,,AT,,,,0,0,0,0,0,0,0,0,Yokohama,,https://www.beforward.jp/suzuki/jimny-nomade/cd358399/id/15312788/?mfg_year_from=2018
CD358405,2024 PORSCHE CAYENNE,CD358405,2024,"$85,710",,5420,3000,,AT,,,,0,0,0,0,0,0,0,0,Yokohama,,https://www.beforward.jp/porsche/cayenne/cd358405/id/15312794/?mfg_year_from=2018
CD358489,2026 NISSAN CLIPPER TRUCK DX,CD358489,2026,"$9,860",,400,660,,AT,,TRUCK,,0,0,0,0,0,0,0,0,Kobe,,https://www.beforward.jp/nissan/clipper-truck/cd358489/id/15312881/?mfg_year_from=2018
CD358379,2019 TOYOTA HILUX 2.4 J REVO DOUBLE CAB,CD358379,2019,"$16,530",,44600,2393,,AT,,,,0,0,0,0,0,0,0,0,Thailand,,https://www.beforward.jp/toyota/hilux/cd358379/id/15312768/?mfg_year_from=2018
CD358371,2020 TOYOTA HILUX 2.4 E REVO SMART CAB,CD358371,2020,"$23,490",,34600,2393,,MT,,,,0,0,0,0,0,0,0,0,Thailand,,https://www.beforward.jp/toyota/hilux/cd358371/id/15312760/?mfg_year_from=2018
CD358370,2020 TOYOTA HILUX 2.4 E REVO SMART CAB,CD358370,2020,"$13,250",,36300,2393,,AT,,,,0,0,0,0,0,0,0,0,Thailand,,https://www.beforward.jp/toyota/hilux/cd358370/id/15312759/?mfg_year_from=2018
CD358369,2021 TOYOTA HILUX 2.4 J REVO DOUBLE CAB,CD358369,2021,"$17,860",,34500,2393,,MT,,,,0,0,0,0,0,0,0,0,Thailand,,https://www.beforward.jp/toyota/hilux/cd358369/id/15312758/?mfg_year_from=2018
CD358368,2019 TOYOTA HILUX 2.4 J REVO DOUBLE CAB,CD358368,2019,"$13,880",,44700,2393,,AT,,,,0,0,0,0,0,0,0,0,Thailand,,https://www.beforward.jp/toyota/hilux/cd358368/id/15312757/?mfg_year_from=2018
CD358363,2018 TOYOTA HILUX 2.4 E REVO DOUBLE CAB,CD358363,2018,"$19,520",,44600,2393,,AT,,,,0,0,0,0,0,0,0,0,Thailand,,https://www.beforward.jp/toyota/hilux/cd358363/id/15312752/?mfg_year_from=2018
CD358334,2021 TOYOTA HILUX 2.4 J REVO SMART CAB,CD358334,2021,"$14,880",,34300,2393,,MT,,,,0,0,0,0,0,0,0,0,Thailand,,https://www.beforward.jp/toyota/hilux/cd358334/id/15312723/?mfg_year_from=2018
CD358331,2018 TOYOTA HILUX 2.4 J REVO SMART CAB,CD358331,2018,"$12,190",,45300,2393,,MT,,,,0,0,0,0,0,0,0,0,Thailand,,https://www.beforward.jp/toyota/hilux/cd358331/id/15312720/?mfg_year_from=2018
CD358330,2019 TOYOTA HILUX 2.8 J REVO SINGLE CAB,CD358330,2019,"$11,430",,46300,2755,,MT,,,,0,0,0,0,0,0,0,0,Thailand,,https://www.beforward.jp/toyota/hilux/cd358330/id/15312719/?mfg_year_from=2018
CD358312,2023 TOYOTA HILUX 2.4 J REVO DOUBLE CAB,CD358312,2023,"$23,160",,33400,2393,,AT,,,,0,0,0,0,0,0,0,0,Thailand,,https://www.beforward.jp/toyota/hilux/cd358312/id/15312701/?mfg_year_from=2018
CD358336,2019 FORD RANGER 2.2 FORD XLT DOUBLE CAB,CD358336,2019,"$20,840",,70000,2198,,AT,,,,0,0,0,0,0,0,0,0,Thailand,,https://www.beforward.jp/ford/ranger/cd358336/id/15312725/?mfg_year_from=2018
CD358315,2022 FORD RANGER 2.0 FORD XLT DOUBLE CAB,CD358315,2022,"$20,550",,87000,1996,,MT,,,,0,0,0,0,0,0,0,0,Thailand,,https://www.beforward.jp/ford/ranger/cd358315/id/15312704/?mfg_year_from=2018
CD232092,2021 TOYOTA RAV4 PHV,CD232092,2021,"$18,880",,45386,2500,,CVT,,,,0,0,0,0,0,0,0,0,Niigata,,https://www.beforward.jp/toyota/rav4-phv/cd232092/id/15185319/?mfg_year_from=2018
CC238414,2023 MAZDA CX-60,CC238414,2023,"$15,630",,6740,2500,,AT,,,,0,0,0,0,0,0,0,0,Niigata,,https://www.beforward.jp/mazda/cx-60/cc238414/id/14256187/?mfg_year_from=2018
CD069693,2022 SUBARU OUTBACK,CD069693,2022,"$14,770",,89707,1800,,CVT,,,,0,0,0,0,0,0,0,0,Niigata,,https://www.beforward.jp/subaru/outback/cd069693/id/15021862/?mfg_year_from=2018
CD358295,2021 NISSAN KICKS,CD358295,2021,"$14,570",,63654,1200,,CVT,,,,0,0,0,0,0,0,0,0,Yokohama,,https://www.beforward.jp/nissan/kicks/cd358295/id/15312684/?mfg_year_from=2018
CD358283,2020 TOYOTA RAIZE,CD358283,2020,"$8,420",,51000,1000,,CVT,,,,0,0,0,0,0,0,0,0,Yokohama,,https://www.beforward.jp/toyota/raize/cd358283/id/15312670/?mfg_year_from=2018
CC238406,2022 TOYOTA NOAH,CC238406,2022,"$18,420",,68634,1800,,CVT,,,,0,0,0,0,0,0,0,0,Niigata,,https://www.beforward.jp/toyota/noah/cc238406/id/14256179/?mfg_year_from=2018
CD358276,2023 MITSUBISHI OUTLANDER PHEV,CD358276,2023,"$26,010",,34978,2400,,CVT,,,,0,0,0,0,0,0,0,0,Yokohama,,https://www.beforward.jp/mitsubishi/outlander-phev/cd358276/id/15312662/?mfg_year_from=2018
CD124951,2019 MAZDA CX-5,CD124951,2019,"$9,480",,87815,2200,,MT,,,,0,0,0,0,0,0,0,0,Kobe,,https://www.beforward.jp/mazda/cx-5/cd124951/id/15077154/?mfg_year_from=2018
CD131100,2020 MAZDA CX-5,CD131100,2020,"$10,140",,79965,2200,,AT,,,,0,0,0,0,0,0,0,0,Kobe,,https://www.beforward.jp/mazda/cx-5/cd131100/id/15083335/?mfg_year_from=2018
CC661145,2018 LEXUS NX,CC661145,2018,"$15,570",,87993,2500,,CVT,,,,0,0,0,0,0,0,0,0,Kobe,,https://www.beforward.jp/lexus/nx/cc661145/id/14682660/?mfg_year_from=2018
CC396885,2019 LEXUS LEXUS OTHERS,CC396885,2019,"$14,310",,29818,2000,,CVT,,,,0,0,0,0,0,0,0,0,Kobe,,https://www.beforward.jp/lexus/lexus-others/cc396885/id/14416344/?mfg_year_from=2018
CD358193,2018 MAZDA CX-3,CD358193,2018,"$10,600",,37632,1800,,AT,,,,0,0,0,0,0,0,0,0,Kobe,,https://www.beforward.jp/mazda/cx-3/cd358193/id/15312579/?mfg_year_from=2018
CD358240,2024 TOYOTA HIACE VAN,CD358240,2024,"$26,480",,26000,2000,,AT,,VAN,,0,0,0,0,0,0,0,0,Nagoya,,https://www.beforward.jp/toyota/hiace-van/cd358240/id/15312626/?mfg_year_from=2018
CD358201,2023 TOYOTA HARRIER HYBRID,CD358201,2023,"$15,240",,91056,2500,HYBRID,CVT,,,,0,0,0,0,0,0,0,0,Kobe,,https://www.beforward.jp/toyota/harrier-hybrid/cd358201/id/15312587/?mfg_year_from=2018
CD358204,2023 MAZDA CX-60,CD358204,2023,"$17,020",,22602,3300,,AT,,,,0,0,0,0,0,0,0,0,Kobe,,https://www.beforward.jp/mazda/cx-60/cd358204/id/15312590/?mfg_year_from=2018
CC641295,2021 SUBARU FORESTER,CC641295,2021,"$13,570",,94066,1800,,CVT,,,,0,0,0,0,0,0,0,0,Yokohama,,https://www.beforward.jp/subaru/forester/cc641295/id/14662175/?mfg_year_from=2018
CD358198,2023 NISSAN AURA,CD358198,2023,"$13,850",,4484,1200,,CVT,,,,0,0,0,0,0,0,0,0,Kobe,,https://www.beforward.jp/nissan/aura/cd358198/id/15312584/?mfg_year_from=2018
CD358200,2021 TOYOTA YARIS,CD358200,2021,"$12,260",,76565,1500,,CVT,,,,0,0,0,0,0,0,0,0,Kobe,,https://www.beforward.jp/toyota/yaris/cd358200/id/15312586/?mfg_year_from=2018
CC614063,2021 TOYOTA RAIZE,CC614063,2021,"$11,910",,26303,1000,,CVT,,,,0,0,0,0,0,0,0,0,Yokohama,,https://www.beforward.jp/toyota/raize/cc614063/id/14634960/?mfg_year_from=2018
CC037261,2019 TOYOTA RAV4,CC037261,2019,"$16,970",,48129,2000,,CVT,,,,0,0,0,0,0,0,0,0,Yokohama,,https://www.beforward.jp/toyota/rav4/cc037261/id/14053052/?mfg_year_from=2018
CD358121,2023 HONDA ZR-V,CD358121,2023,"$14,280",,27082,1500,,CVT,,,,0,0,0,0,0,0,0,0,Yokohama,,https://www.beforward.jp/honda/zr-v/cd358121/id/15312506/?mfg_year_from=2018
CD358126,2023 VOLKSWAGEN T-ROC,CD358126,2023,"$22,190",,25900,2000,,AT,,,,0,0,0,0,0,0,0,0,Kobe,,https://www.beforward.jp/volkswagen/t-roc/cd358126/id/15312511/?mfg_year_from=2018
CC641292,2022 SUBARU LEVORG,CC641292,2022,"$15,420",,70581,2400,,CVT,,,,0,0,0,0,0,0,0,0,Yokohama,,https://www.beforward.jp/subaru/levorg/cc641292/id/14662172/?mfg_year_from=2018
CC614065,2025 TOYOTA AQUA,CC614065,2025,"$14,560",,8072,1500,,CVT,,,,0,0,0,0,0,0,0,0,Yokohama,,https://www.beforward.jp/toyota/aqua/cc614065/id/14634962/?mfg_year_from=2018
CD358109,2025 JEEP COMPASS,CD358109,2025,"$9,810",,72101,2400,,AT,,,,0,0,0,0,0,0,0,0,Nagoya,,https://www.beforward.jp/jeep/compass/cd358109/id/15312490/?mfg_year_from=2018
CD358111,2023 TOYOTA CROWN CROSSOVER,CD358111,2023,"$22,190",,19131,2500,,CVT,,,,0,0,0,0,0,0,0,0,Osaka,,https://www.beforward.jp/toyota/crown-crossover/cd358111/id/15312492/?mfg_year_from=2018
CD358093,2026 SUZUKI JIMNY NOMADE,CD358093,2026,"$21,130",,23,1500,,AT,,,,0,0,0,0,0,0,0,0,Kyushu,,https://www.beforward.jp/suzuki/jimny-nomade/cd358093/id/15312474/?mfg_year_from=2018
CD358102,2021 ISUZU ELF TRUCK,CD358102,2021,"$21,530",,29636,3000,,AT,,TRUCK,,0,0,0,0,0,0,0,0,Yokohama,,https://www.beforward.jp/isuzu/elf-truck/cd358102/id/15312483/?mfg_year_from=2018
CD358106,2022 HINO DUTRO,CD358106,2022,"$27,490",,103536,4000,,MT,,,,0,0,0,0,0,0,0,0,Yokohama,,https://www.beforward.jp/hino/dutro/cd358106/id/15312487/?mfg_year_from=2018
CD358107,2021 MERCEDES-BENZ S-CLASS,CD358107,2021,"$56,480",,32400,3000,,AT,,,,0,0,0,0,0,0,0,0,Nagoya,,https://www.beforward.jp/mercedes-benz/s-class/cd358107/id/15312488/?mfg_year_from=2018
CD358008,2024 TOYOTA LAND CRUISER,CD358008,2024,"$49,540",,16351,2800,,AT,,,,0,0,0,0,0,0,0,0,Kobe,,https://www.beforward.jp/toyota/land-cruiser/cd358008/id/15312385/?mfg_year_from=2018
CD358037,2025 MERCEDES-BENZ GLA-CLASS,CD358037,2025,"$38,280",,380,2000,,AT,,,,0,0,0,0,0,0,0,0,Osaka,,https://www.beforward.jp/mercedes-benz/gla-class/cd358037/id/15312416/?mfg_year_from=2018
CD358018,2022 NISSAN KICKS,CD358018,2022,"$10,590",,64065,1200,,CVT,,,,0,0,0,0,0,0,0,0,Nagoya,,https://www.beforward.jp/nissan/kicks/cd358018/id/15312395/?mfg_year_from=2018
CB714537,2023 JEEP GRAND CHEROKEE,CB714537,2023,"$36,010",,100,2000,,AT,,,,0,0,0,0,0,0,0,0,Osaka,,https://www.beforward.jp/jeep/grand-cherokee/cb714537/id/13777029/?mfg_year_from=2018
CD357821,2026 JEEP WRANGLER,CD357821,2026,"$43,360",,50,2000,,AT,,,,0,0,0,0,0,0,0,0,Osaka,,https://www.beforward.jp/jeep/wrangler/cd357821/id/15312194/?mfg_year_from=2018
CD357823,2024 JEEP GRAND CHEROKEE,CD357823,2024,"$48,060",,27000,3600,,AT,,,,0,0,0,0,0,0,0,0,Osaka,,https://www.beforward.jp/jeep/grand-cherokee/cd357823/id/15312196/?mfg_year_from=2018
CD357735,2026 JEEP WRANGLER,CD357735,2026,"$43,340",,50,2000,,AT,,,,0,0,0,0,0,0,0,0,Osaka,,https://www.beforward.jp/jeep/wrangler/cd357735/id/15312105/?mfg_year_from=2018
CD357736,2026 JEEP WRANGLER,CD357736,2026,"$43,340",,50,2000,,AT,,,,0,0,0,0,0,0,0,0,Osaka,,https://www.beforward.jp/jeep/wrangler/cd357736/id/15312106/?mfg_year_from=2018
CD357741,2021 HONDA VEZEL,CD357741,2021,"$15,570",,31530,1500,,CVT,,,,0,0,0,0,0,0,0,0,Kyushu,,https://www.beforward.jp/honda/vezel/cd357741/id/15312111/?mfg_year_from=2018
CD328053,2018 SUZUKI SWIFT,CD328053,2018,"$6,960",,83841,1400,,MT,,,,0,0,0,0,0,0,0,0,Niigata,,https://www.beforward.jp/suzuki/swift/cd328053/id/15281987/?mfg_year_from=2018
CD357729,2019 TOYOTA PRIUS,CD357729,2019,"$10,600",,22200,1800,,CVT,,,,0,0,0,0,0,0,0,0,Yokohama,,https://www.beforward.jp/toyota/prius/cd357729/id/15312099/?mfg_year_from=2018
CD357737,2022 BMW MINI,CD357737,2022,"$21,260",,8000,1500,,AT,,,,0,0,0,0,0,0,0,0,Yokohama,,https://www.beforward.jp/bmw/mini/cd357737/id/15312107/?mfg_year_from=2018
CC060636,2018 MAZDA CX-5,CC060636,2018,"$11,400",,63878,2200,,AT,,,,0,0,0,0,0,0,0,0,Yokohama,,https://www.beforward.jp/mazda/cx-5/cc060636/id/14076639/?mfg_year_from=2018
CC227818,2021 SUBARU FORESTER,CC227818,2021,"$14,780",,58778,2000,,CVT,,,,0,0,0,0,0,0,0,0,Yokohama,,https://www.beforward.jp/subaru/forester/cc227818/id/14244360/?mfg_year_from=2018
CD357097,2025 LEXUS LBX,CD357097,2025,"$29,070",,7000,1500,,CVT,,,,0,0,0,0,0,0,0,0,Yokohama,,https://www.beforward.jp/lexus/lbx/cd357097/id/15311461/?mfg_year_from=2018
CD357113,2020 TOYOTA RAIZE,CD357113,2020,"$13,350",,24538,1000,,CVT,,,,0,0,0,0,0,0,0,0,Yokohama,,https://www.beforward.jp/toyota/raize/cd357113/id/15311478/?mfg_year_from=2018
CC080163,2025 NISSAN AURA,CC080163,2025,"$14,780",,15543,1200,,CVT,,,,0,0,0,0,0,0,0,0,Yokohama,,https://www.beforward.jp/nissan/aura/cc080163/id/14095657/?mfg_year_from=2018
CC275796,2019 TOYOTA VOXY,CC275796,2019,"$12,350",,79789,2000,,CVT,,,,0,0,0,0,0,0,0,0,Yokohama,,https://www.beforward.jp/toyota/voxy/cc275796/id/14293906/?mfg_year_from=2018
CD356693,2018 TOYOTA HILUX 2.4 E REVO DOUBLE CAB,CD356693,2018,"$20,140",,58000,2393,,AT,,,,0,0,0,0,0,0,0,0,Thailand,,https://www.beforward.jp/toyota/hilux/cd356693/id/15311024/?mfg_year_from=2018
CD356826,2025 TOYOTA LAND CRUISER,CD356826,2025,"$39,140",,22583,2700,,AT,,,,0,0,0,0,0,0,0,0,Nagoya,,https://www.beforward.jp/toyota/land-cruiser/cd356826/id/15311175/?mfg_year_from=2018
CD356828,2022 NISSAN KICKS,CD356828,2022,"$17,890",,55000,1200,,CVT,,,,0,0,0,0,0,0,0,0,Yokohama,,https://www.beforward.jp/nissan/kicks/cd356828/id/15311177/?mfg_year_from=2018
CD356731,2025 SUZUKI JIMNY NOMADE,CD356731,2025,"$19,870",,25,1500,,AT,,,,0,0,0,0,0,0,0,0,Kobe,,https://www.beforward.jp/suzuki/jimny-nomade/cd356731/id/15311073/?mfg_year_from=2018
CD356734,2018 MITSUBISHI CANTER,CD356734,2018,"$19,480",,107097,3000,,MT,,,,0,0,0,0,0,0,0,0,Yokohama,,https://www.beforward.jp/mitsubishi/canter/cd356734/id/15311077/?mfg_year_from=2018
CD328397,2025 AUDI Q2 35TFSI,CD328397,2025,"$19,080",,1432,1500,,AT,,,,0,0,0,0,0,0,0,0,Osaka,,https://www.beforward.jp/audi/q2/cd328397/id/15282333/?mfg_year_from=2018
CD356691,2018 TOYOTA HILUX 2.4 J REVO SMART CAB,CD356691,2018,"$14,180",,56000,2393,,MT,,,,0,0,0,0,0,0,0,0,Thailand,,https://www.beforward.jp/toyota/hilux/cd356691/id/15311020/?mfg_year_from=2018
CD356685,2018 TOYOTA HILUX 2.4 E REVO SMART CAB,CD356685,2018,"$14,240",,60000,2393,,MT,,,,0,0,0,0,0,0,0,0,Thailand,,https://www.beforward.jp/toyota/hilux/cd356685/id/15311006/?mfg_year_from=2018
CD356663,2021 TOYOTA HILUX 2.4 J REVO SMART CAB,CD356663,2021,"$15,170",,33000,2393,,MT,,,,0,0,0,0,0,0,0,0,Thailand,,https://www.beforward.jp/toyota/hilux/cd356663/id/15310972/?mfg_year_from=2018
CD356660,2018 TOYOTA HILUX 2.4 J REVO SMART CAB,CD356660,2018,"$14,240",,49800,2393,,MT,,,,0,0,0,0,0,0,0,0,Thailand,,https://www.beforward.jp/toyota/hilux/cd356660/id/15310965/?mfg_year_from=2018
CD356687,2021 FORD RANGER 2.2 XL+ FORD SMART CAB,CD356687,2021,"$14,880",,30000,2198,,MT,,,,0,0,0,0,0,0,0,0,Thailand,,https://www.beforward.jp/ford/ranger/cd356687/id/15311010/?mfg_year_from=2018
CD356684,2018 FORD RANGER 3.2 WILDTRAK FORD DOUBLE CAB,CD356684,2018,"$19,710",,49000,3198,,AT,,,,0,0,0,0,0,0,0,0,Thailand,,https://www.beforward.jp/ford/ranger/cd356684/id/15311004/?mfg_year_from=2018
CD288570,2018 LEXUS NX,CD288570,2018,"$17,620",,19833,2500,,CVT,,,,0,0,0,0,0,0,0,0,Yokohama,,https://www.beforward.jp/lexus/nx/cd288570/id/15242265/?mfg_year_from=2018
CD270907,2023 TOYOTA HARRIER PHEV,CD270907,2023,"$19,210",,87473,2500,,CVT,,,,0,0,0,0,0,0,0,0,Yokohama,,https://www.beforward.jp/toyota/harrier-phev/cd270907/id/15224481/?mfg_year_from=2018
CC907112,2021 VOLKSWAGEN T-CROSS TSI,CC907112,2021,"$11,790",,16005,1000,,AT,,,,0,0,0,0,0,0,0,0,Osaka,,https://www.beforward.jp/volkswagen/t-cross/cc907112/id/14929785/?mfg_year_from=2018
CD228303,2020 SUBARU FORESTER,CD228303,2020,"$13,980",,25185,2000,,CVT,,,,0,0,0,0,0,0,0,0,Yokohama,,https://www.beforward.jp/subaru/forester/cd228303/id/15181510/?mfg_year_from=2018
CD228300,2020 TOYOTA RAV4,CD228300,2020,"$17,220",,23681,2000,,CVT,,,,0,0,0,0,0,0,0,0,Yokohama,,https://www.beforward.jp/toyota/rav4/cd228300/id/15181507/?mfg_year_from=2018
CD206743,2023 TOYOTA CROWN CROSSOVER,CD206743,2023,"$21,200",,28023,2500,,CVT,,,,0,0,0,0,0,0,0,0,Yokohama,,https://www.beforward.jp/toyota/crown-crossover/cd206743/id/15160281/?mfg_year_from=2018
CC647721,2023 TOYOTA LAND CRUISER PRADO TXLED,CC647721,2023,"$28,480",,22562,2700,,AT,,,,0,0,0,0,0,0,0,0,Yokohama,,https://www.beforward.jp/toyota/land-cruiser-prado/cc647721/id/14668651/?mfg_year_from=2018
CD356643,2025 LEXUS RX,CD356643,2025,"$69,210",,10540,2400,,AT,,,,0,0,0,0,0,0,0,0,Kobe,,https://www.beforward.jp/lexus/rx/cd356643/id/15310934/?mfg_year_from=2018
CD356647,2022 SUBARU XV,CD356647,2022,"$14,280",,20807,2000,,CVT,,,,0,0,0,0,0,0,0,0,Yokohama,,https://www.beforward.jp/subaru/xv/cd356647/id/15310946/?mfg_year_from=2018
CD356648,2023 NISSAN KICKS,CD356648,2023,"$14,420",,31231,1200,,CVT,,,,0,0,0,0,0,0,0,0,Yokohama,,https://www.beforward.jp/nissan/kicks/cd356648/id/15310947/?mfg_year_from=2018
CC648155,2021 AUDI RS Q3,CC648155,2021,"$31,840",,21675,2500,,AT,,,,0,0,0,0,0,0,0,0,Yokohama,,https://www.beforward.jp/audi/rs-q3/cc648155/id/14669085/?mfg_year_from=2018
CC439489,2023 MAZDA CX-60 3.3XDLPKG,CC439489,2023,"$16,760",,35076,3300,,AT,,,,0,0,0,0,0,0,0,0,Yokohama,,https://www.beforward.jp/mazda/cx-60/cc439489/id/14458685/?mfg_year_from=2018
CB660009,2021 TOYOTA HARRIER Z,CB660009,2021,"$20,930",,58000,2000,,AT,,,,0,0,0,0,0,0,0,0,Osaka,,https://www.beforward.jp/toyota/harrier/cb660009/id/13722777/?mfg_year_from=2018
CD356738,2025 SUZUKI JIMNY NOMADE FC,CD356738,2025,"$19,440",,18,1500,,AT,,,,0,0,0,0,0,0,0,0,Yokohama,,https://www.beforward.jp/suzuki/jimny-nomade/cd356738/id/15311082/?mfg_year_from=2018
CD356751,2023 NISSAN X-TRAIL HYBRID GE-4ORCE,CD356751,2023,"$20,340",,22574,1500,HYBRID,AT,,,,0,0,0,0,0,0,0,0,Yokohama,,https://www.beforward.jp/nissan/x-trail-hybrid/cd356751/id/15311096/?mfg_year_from=2018
CD356764,2025 TOYOTA YARIS CROSS Z,CD356764,2025,"$17,220",,18761,1500,,AT,,,,0,0,0,0,0,0,0,0,Yokohama,,https://www.beforward.jp/toyota/yaris-cross/cd356764/id/15311110/?mfg_year_from=2018
CD356765,2018 DAIHATSU CAST GSA3,CD356765,2018,"$4,440",,50034,660,,AT,,,,0,0,0,0,0,0,0,0,Yokohama,,https://www.beforward.jp/daihatsu/cast/cd356765/id/15311111/?mfg_year_from=2018
CA763014,2020 TOYOTA NOAH X,CA763014,2020,"$11,910",,63074,2000,,AT,,,,0,0,0,0,0,0,0,0,Kyushu,,https://www.beforward.jp/toyota/noah/ca763014/id/12850687/?mfg_year_from=2018
CD356889,2022 TOYOTA LAND CRUISER PRADO TXLED,CD356889,2022,"$27,360",,35483,2700,,AT,,,,0,0,0,0,0,0,0,0,Nagoya,,https://www.beforward.jp/toyota/land-cruiser-prado/cd356889/id/15311241/?mfg_year_from=2018
CD356899,2022 TOYOTA LAND CRUISER PRADO TXL70THLTD,CD356899,2022,"$28,880",,31305,2700,,AT,,,,0,0,0,0,0,0,0,0,Yokohama,,https://www.beforward.jp/toyota/land-cruiser-prado/cd356899/id/15311253/?mfg_year_from=2018
CD356824,2025 DAIHATSU TAFT G,CD356824,2025,"$9,210",,47,660,,AT,,,,0,0,0,0,0,0,0,0,Yokohama,,https://www.beforward.jp/daihatsu/taft/cd356824/id/15311173/?mfg_year_from=2018
CD356863,2024 SUZUKI JIMNY SIERRA JC,CD356863,2024,"$16,890",,3240,1500,,AT,,,,0,0,0,0,0,0,0,0,Yokohama,,https://www.beforward.jp/suzuki/jimny-sierra/cd356863/id/15311215/?mfg_year_from=2018
CD356880,2022 BMW X3 XDRIVE20D,CD356880,2022,"$22,590",,52050,2000,,AT,,,,0,0,0,0,0,0,0,0,Yokohama,,https://www.beforward.jp/bmw/x3/cd356880/id/15311232/?mfg_year_from=2018
CD356924,2023 TOYOTA HARRIER G,CD356924,2023,"$20,730",,22804,2000,,AT,,,,0,0,0,0,0,0,0,0,Toyama,,https://www.beforward.jp/toyota/harrier/cd356924/id/15311281/?mfg_year_from=2018
CD357096,2022 TOYOTA LAND CRUISER PRADO TXL,CD357096,2022,"$31,660",,19700,2700,,AT,,,,0,0,0,0,0,0,0,0,Nagoya,,https://www.beforward.jp/toyota/land-cruiser-prado/cd357096/id/15311460/?mfg_year_from=2018
CD357128,2018 TOYOTA LAND CRUISER PRADO TXL,CD357128,2018,"$28,340",,88693,2800,,AT,,,,0,0,0,0,0,0,0,0,Yokohama,,https://www.beforward.jp/toyota/land-cruiser-prado/cd357128/id/15311494/?mfg_year_from=2018
CD357024,2020 TOYOTA HARRIER Z,CD357024,2020,"$18,420",,46294,2000,,AT,,,,0,0,0,0,0,0,0,0,Toyama,,https://www.beforward.jp/toyota/harrier/cd357024/id/15311385/?mfg_year_from=2018
CD357078,2023 SUZUKI JIMNY SIERRA JC,CD357078,2023,"$16,430",,21734,1500,,MT,,,,0,0,0,0,0,0,0,0,Hokkaido,,https://www.beforward.jp/suzuki/jimny-sierra/cd357078/id/15311441/?mfg_year_from=2018
CD357083,2020 TOYOTA RAV4,CD357083,2020,"$19,080",,35917,2000,,AT,,,,0,0,0,0,0,0,0,0,Nagoya,,https://www.beforward.jp/toyota/rav4/cd357083/id/15311447/?mfg_year_from=2018
CD357134,2022 TOYOTA RAV4 PHV GZ,CD357134,2022,"$22,720",,45503,2500,,AT,,,,0,0,0,0,0,0,0,0,Nagoya,,https://www.beforward.jp/toyota/rav4-phv/cd357134/id/15311500/?mfg_year_from=2018
CD357231,2025 SUZUKI HUSTLER G,CD357231,2025,"$9,740",,13138,660,,AT,,,,0,0,0,0,0,0,0,0,Kyushu,,https://www.beforward.jp/suzuki/hustler/cd357231/id/15311599/?mfg_year_from=2018
CD357232,2025 SUZUKI HUSTLER G,CD357232,2025,"$9,740",,16334,660,,AT,,,,0,0,0,0,0,0,0,0,Kyushu,,https://www.beforward.jp/suzuki/hustler/cd357232/id/15311600/?mfg_year_from=2018
CD357238,2023 TOYOTA HARRIER HYBRID Z,CD357238,2023,"$25,370",,19643,2500,HYBRID,AT,,,,0,0,0,0,0,0,0,0,Yokohama,,https://www.beforward.jp/toyota/harrier-hybrid/cd357238/id/15311606/?mfg_year_from=2018
CD357244,2024 ROVER DEFENDER 110V8,CD357244,2024,"$83,980",,9330,5000,,AT,,,,0,0,0,0,0,0,0,0,Nagoya,,https://www.beforward.jp/rover/defender/cd357244/id/15311612/?mfg_year_from=2018
CD357257,2021 LEXUS RX L,CD357257,2021,"$27,990",,46583,3500,,AT,,,,0,0,0,0,0,0,0,0,Kyushu,,https://www.beforward.jp/lexus/rx/cd357257/id/15311625/?mfg_year_from=2018
CD357258,2023 BMW 2 SERIES 218I,CD357258,2023,"$20,270",,11749,1500,,AT,,,,0,0,0,0,0,0,0,0,Nagoya,,https://www.beforward.jp/bmw/2-series/cd357258/id/15311626/?mfg_year_from=2018
CD357276,2025 BMW X3 20DXDRIVEM,CD357276,2025,"$45,770",,2768,2000,,AT,,,,0,0,0,0,0,0,0,0,Nagoya,,https://www.beforward.jp/bmw/x3/cd357276/id/15311644/?mfg_year_from=2018
CD357286,2023 JEEP RENEGADE,CD357286,2023,"$18,130",,27811,1300,,AT,,,,0,0,0,0,0,0,0,0,Osaka,,https://www.beforward.jp/jeep/renegade/cd357286/id/15311654/?mfg_year_from=2018
CD357292,2025 BMW X1 SDRIVE18IM,CD357292,2025,"$29,610",,4509,1500,,AT,,,,0,0,0,0,0,0,0,0,Niigata,,https://www.beforward.jp/bmw/x1/cd357292/id/15311660/?mfg_year_from=2018
CD357295,2018 JEEP WRANGLER,CD357295,2018,"$16,810",,46932,3600,,AT,,,,0,0,0,0,0,0,0,0,Osaka,,https://www.beforward.jp/jeep/wrangler/cd357295/id/15311663/?mfg_year_from=2018
CD357298,2022 MERCEDES-BENZ G-CLASS G63,CD357298,2022,"$150,200",,10598,4000,,AT,,,,0,0,0,0,0,0,0,0,Osaka,,https://www.beforward.jp/mercedes-benz/g-class/cd357298/id/15311666/?mfg_year_from=2018
CD357299,2025 AUDI Q3 35TFSIS,CD357299,2025,"$28,680",,3695,1500,,AT,,,,0,0,0,0,0,0,0,0,Yokohama,,https://www.beforward.jp/audi/q3/cd357299/id/15311667/?mfg_year_from=2018
CD357314,2024 BMW X3 XDRIVE20DM,CD357314,2024,"$27,880",,48623,2000,,AT,,,,0,0,0,0,0,0,0,0,Osaka,,https://www.beforward.jp/bmw/x3/cd357314/id/15311682/?mfg_year_from=2018
CD357328,2024 JEEP GRAND CHEROKEE 4XE,CD357328,2024,"$36,340",,10446,2000,,AT,,,,0,0,0,0,0,0,0,0,Osaka,,https://www.beforward.jp/jeep/grand-cherokee/cd357328/id/15311696/?mfg_year_from=2018
CD357329,2025 MERCEDES-BENZ GLS CLASS GLS450D4AMG,CD357329,2025,"$84,770",,4430,3000,,AT,,,,0,0,0,0,0,0,0,0,Hokkaido,,https://www.beforward.jp/mercedes-benz/gls-class/cd357329/id/15311697/?mfg_year_from=2018
CD357343,2019 MAZDA CX-3 20SS,CD357343,2019,"$8,150",,68480,2000,,AT,,,,0,0,0,0,0,0,0,0,Kobe,,https://www.beforward.jp/mazda/cx-3/cd357343/id/15311711/?mfg_year_from=2018
CD357352,2024 SUBARU SUBARU OTHERS,CD357352,2024,"$14,110",,4868,2000,,AT,,,,0,0,0,0,0,0,0,0,Yokohama,,https://www.beforward.jp/subaru/subaru-others/cd357352/id/15311721/?mfg_year_from=2018
CD357357,2021 VOLVO XC60 D4AWD,CD357357,2021,"$20,270",,54227,2000,,AT,,,,0,0,0,0,1,0,0,0,Kobe,,https://www.beforward.jp/volvo/xc60/cd357357/id/15311726/?mfg_year_from=2018
CD357448,2020 TOYOTA LAND CRUISER PRADO 2.8TXL,CD357448,2020,"$29,870",,55818,2800,,AT,,,,0,0,0,0,0,0,0,0,Kobe,,https://www.beforward.jp/toyota/land-cruiser-prado/cd357448/id/15311817/?mfg_year_from=2018
CD357378,2024 SUBARU FORESTER,CD357378,2024,"$20,710",,15345,2000,,AT,,,,0,0,0,0,0,0,0,0,Yokohama,,https://www.beforward.jp/subaru/forester/cd357378/id/15311747/?mfg_year_from=2018
CD357393,2023 BMW X3 XDRIVE20DM,CD357393,2023,"$28,220",,38330,2000,,AT,,,,0,0,0,0,0,0,0,0,Nagoya,,https://www.beforward.jp/bmw/x3/cd357393/id/15311762/?mfg_year_from=2018
CD357408,2023 MAZDA CX-8 XDGRANDJOURN,CD357408,2023,"$20,400",,41686,2180,,AT,,,,0,0,0,0,0,0,0,0,Nagoya,,https://www.beforward.jp/mazda/cx-8/cd357408/id/15311777/?mfg_year_from=2018
CD357415,2018 LEXUS UX 200TFSPORT,CD357415,2018,"$15,300",,52638,2000,,AT,,,,0,0,0,0,0,0,0,0,Yokohama,,https://www.beforward.jp/lexus/ux/cd357415/id/15311784/?mfg_year_from=2018
CD357420,2018 MAZDA CX-8 XD74WD,CD357420,2018,"$9,810",,80239,2200,,AT,,,,0,0,0,0,1,0,0,0,Kobe,,https://www.beforward.jp/mazda/cx-8/cd357420/id/15311789/?mfg_year_from=2018
CD357480,2023 TOYOTA HARRIER PHEV Z,CD357480,2023,"$25,040",,37967,2500,,AT,,,,0,0,0,0,0,0,0,0,Yokohama,,https://www.beforward.jp/toyota/harrier-phev/cd357480/id/15311849/?mfg_year_from=2018
CD357483,2018 LEXUS LX,CD357483,2018,"$45,230",,57031,5700,,AT,,,,0,0,0,0,0,0,0,0,Yokohama,,https://www.beforward.jp/lexus/lx/cd357483/id/15311852/?mfg_year_from=2018
CD357484,2024 TOYOTA CROWN Z,CD357484,2024,"$37,610",,2588,2500,,AT,,,,0,0,0,0,0,0,0,0,Nagoya,,https://www.beforward.jp/toyota/crown/cd357484/id/15311853/?mfg_year_from=2018
CD357491,2023 SUZUKI HUSTLER J2,CD357491,2023,"$10,800",,22500,660,,AT,,,,0,0,0,0,0,0,0,0,Kyushu,,https://www.beforward.jp/suzuki/hustler/cd357491/id/15311860/?mfg_year_from=2018
CD357492,2023 MERCEDES-BENZ GLB- CLASS GLB200D4AMG,CD357492,2023,"$30,200",,19365,2000,,AT,,,,0,0,0,0,0,0,0,0,Yokohama,,https://www.beforward.jp/mercedes-benz/glb-class/cd357492/id/15311861/?mfg_year_from=2018
CD357497,2021 MAZDA CX-8 25SPROACTIVE4WD6,CD357497,2021,"$14,040",,44545,2500,,AT,,,,0,0,0,0,1,0,0,0,Niigata,,https://www.beforward.jp/mazda/cx-8/cd357497/id/15311866/?mfg_year_from=2018
CD357544,2023 SUZUKI JIMNY XC,CD357544,2023,"$13,110",,10171,660,,MT,,,,0,0,0,0,0,0,0,0,Hokkaido,,https://www.beforward.jp/suzuki/jimny/cd357544/id/15311913/?mfg_year_from=2018
CD357545,2024 JEEP GRAND CHEROKEE,CD357545,2024,"$37,000",,14515,2000,,AT,,,,0,0,0,0,0,0,0,0,Osaka,,https://www.beforward.jp/jeep/grand-cherokee/cd357545/id/15311914/?mfg_year_from=2018
CD357551,2023 JEEP COMPASS,CD357551,2023,"$15,420",,66930,2400,,AT,,,,0,0,0,0,0,0,0,0,Osaka,,https://www.beforward.jp/jeep/compass/cd357551/id/15311920/?mfg_year_from=2018
CD357552,2023 JEEP COMMANDER,CD357552,2023,"$23,030",,42148,2000,,AT,,,,0,0,0,0,0,0,0,0,Osaka,,https://www.beforward.jp/jeep/commander/cd357552/id/15311921/?mfg_year_from=2018
CD357567,2022 LEXUS LX,CD357567,2022,"$87,610",,28493,3500,,AT,,,,0,0,0,0,0,0,0,0,Yokohama,,https://www.beforward.jp/lexus/lx/cd357567/id/15311937/?mfg_year_from=2018
CD357573,2024 MERCEDES-BENZ EQA 250AMG,CD357573,2024,"$29,140",,7906,,,AT,,,,0,0,0,0,0,0,0,0,Osaka,,https://www.beforward.jp/mercedes-benz/eqa/cd357573/id/15311943/?mfg_year_from=2018
CD357585,2026 SUZUKI JIMNY NOMADE FC,CD357585,2026,"$21,430",,915,1500,,AT,,,,0,0,0,0,0,0,0,0,Nagoya,,https://www.beforward.jp/suzuki/jimny-nomade/cd357585/id/15311955/?mfg_year_from=2018
CD357593,2023 JEEP WRANGLER,CD357593,2023,"$35,680",,13768,2000,,AT,,,,0,0,0,0,0,0,0,0,Osaka,,https://www.beforward.jp/jeep/wrangler/cd357593/id/15311963/?mfg_year_from=2018
CD357596,2018 LEXUS RX L,CD357596,2018,"$16,760",,95408,2000,,AT,,,,0,0,0,0,0,0,0,0,Yokohama,,https://www.beforward.jp/lexus/rx/cd357596/id/15311966/?mfg_year_from=2018
CD357607,2023 VOLKSWAGEN T-ROC TDIR,CD357607,2023,"$17,410",,16965,2000,,AT,,,,0,0,0,0,0,0,0,0,Nagoya,,https://www.beforward.jp/volkswagen/t-roc/cd357607/id/15311977/?mfg_year_from=2018
CD357616,2023 NISSAN ARIYA B6,CD357616,2023,"$19,410",,40396,,,AT,,,,0,0,0,0,0,0,0,0,Kobe,,https://www.beforward.jp/nissan/ariya/cd357616/id/15311986/?mfg_year_from=2018
CD357620,2021 MAZDA CX-8 XD7,CD357620,2021,"$19,610",,29849,2200,,AT,,,,0,0,0,0,0,0,0,0,Niigata,,https://www.beforward.jp/mazda/cx-8/cd357620/id/15311990/?mfg_year_from=2018
CD357641,2023 LEXUS UX L,CD357641,2023,"$25,700",,9131,2000,,AT,,,,0,0,0,0,0,0,0,0,Yokohama,,https://www.beforward.jp/lexus/ux/cd357641/id/15312011/?mfg_year_from=2018
CD357679,2022 SUBARU FORESTER X-,CD357679,2022,"$22,380",,29226,2000,,AT,,,,0,0,0,0,0,0,0,0,Yokohama,,https://www.beforward.jp/subaru/forester/cd357679/id/15312049/?mfg_year_from=2018
CD357684,2020 BMW X3 XDRIVE20DX,CD357684,2020,"$15,830",,68808,2000,,AT,,,,0,0,0,0,0,0,0,0,Yokohama,,https://www.beforward.jp/bmw/x3/cd357684/id/15312054/?mfg_year_from=2018
CD357710,2018 SUZUKI JIMNY XG,CD357710,2018,"$7,550",,54120,660,,MT,,,,0,0,0,0,0,0,0,0,Yokohama,,https://www.beforward.jp/suzuki/jimny/cd357710/id/15312080/?mfg_year_from=2018
CD357635,2019 HONDA FREED HYBRID G,CD357635,2019,"$11,780",,25249,1500,HYBRID,AT,,,,0,0,0,0,0,0,0,0,Kobe,,https://www.beforward.jp/honda/freed-hybrid/cd357635/id/15312005/?mfg_year_from=2018
CD357653,2018 BMW MINI,CD357653,2018,"$10,470",,33786,2000,,AT,,,,0,0,0,0,0,0,0,0,Yokohama,,https://www.beforward.jp/bmw/mini/cd357653/id/15312023/?mfg_year_from=2018
CD356533,2026 TOYOTA HIACE VAN,CD356533,2026,"$30,470",,100,2800,,AT,,VAN,,0,0,0,0,0,0,0,0,Nagoya,,https://www.beforward.jp/toyota/hiace-van/cd356533/id/15310760/?mfg_year_from=2018
CD356534,2019 TOYOTA HIACE VAN,CD356534,2019,"$19,480",,96000,2800,,AT,,VAN,,0,0,0,0,0,0,0,0,Nagoya,,https://www.beforward.jp/toyota/hiace-van/cd356534/id/15310761/?mfg_year_from=2018
CD356536,2019 TOYOTA HIACE VAN,CD356536,2019,"$16,960",,112000,2800,,AT,,VAN,,0,0,0,0,0,0,0,0,Nagoya,,https://www.beforward.jp/toyota/hiace-van/cd356536/id/15310763/?mfg_year_from=2018
CD356575,2022 TOYOTA HIACE VAN,CD356575,2022,"$53,050",,6412,2700,,AT,,VAN,,0,0,0,0,0,0,0,0,Yokohama,,https://www.beforward.jp/toyota/hiace-van/cd356575/id/15310817/?mfg_year_from=2018
CD356537,2025 AUDI Q3,CD356537,2025,"$27,550",,1152,1500,,AT,,,,0,0,0,0,0,0,0,0,Yokohama,,https://www.beforward.jp/audi/q3/cd356537/id/15310764/?mfg_year_from=2018
CD356538,2025 AUDI Q5,CD356538,2025,"$45,630",,1000,2000,,AT,,,,0,0,0,0,0,0,0,0,Yokohama,,https://www.beforward.jp/audi/q5/cd356538/id/15310765/?mfg_year_from=2018
CD356581,2018 TOYOTA HIACE VAN,CD356581,2018,"$17,490",,32654,2000,,AT,,VAN,,0,0,0,0,0,0,0,0,Yokohama,,https://www.beforward.jp/toyota/hiace-van/cd356581/id/15310824/?mfg_year_from=2018
CD356494,2018 TOYOTA HILUX 2.4 E REVO SMART CAB,CD356494,2018,"$14,680",,47900,2393,,MT,,,,0,0,0,0,0,0,0,0,Thailand,,https://www.beforward.jp/toyota/hilux/cd356494/id/15310666/?mfg_year_from=2018
CD356493,2024 FORD RANGER 2.0 FORD WILDTRAK DOUBLE CAB,CD356493,2024,"$30,310",,26440,1996,,AT,,,,0,0,0,0,0,0,0,0,Thailand,,https://www.beforward.jp/ford/ranger/cd356493/id/15310663/?mfg_year_from=2018
CD356516,2022 MAZDA CX-5,CD356516,2022,"$13,240",,80103,2200,,AT,,,,0,0,0,0,0,0,0,0,Yokohama,,https://www.beforward.jp/mazda/cx-5/cd356516/id/15310720/?mfg_year_from=2018
CD356517,2021 JEEP COMPASS,CD356517,2021,"$13,120",,22539,2400,,AT,,,,0,0,0,0,0,0,0,0,Kyushu,,https://www.beforward.jp/jeep/compass/cd356517/id/15310721/?mfg_year_from=2018
CD356522,2021 BMW X1,CD356522,2021,"$21,120",,30000,2000,,AT,,,,0,0,0,0,0,0,0,0,Kyushu,,https://www.beforward.jp/bmw/x1/cd356522/id/15310727/?mfg_year_from=2018
CD357544,2023 SUZUKI JIMNY XC,CD357544,2023,"$13,110",,10171,660,,MT,,,,0,0,0,0,0,0,0,0,Hokkaido,,https://www.beforward.jp/suzuki/jimny/cd357544/id/15311913/?mfg_year_from=2018
CD357545,2024 JEEP GRAND CHEROKEE,CD357545,2024,"$37,000",,14515,2000,,AT,,,,0,0,0,0,0,0,0,0,Osaka,,https://www.beforward.jp/jeep/grand-cherokee/cd357545/id/15311914/?mfg_year_from=2018
CD357551,2023 JEEP COMPASS,CD357551,2023,"$15,420",,66930,2400,,AT,,,,0,0,0,0,0,0,0,0,Osaka,,https://www.beforward.jp/jeep/compass/cd357551/id/15311920/?mfg_year_from=2018
CD357552,2023 JEEP COMMANDER,CD357552,2023,"$23,030",,42148,2000,,AT,,,,0,0,0,0,0,0,0,0,Osaka,,https://www.beforward.jp/jeep/commander/cd357552/id/15311921/?mfg_year_from=2018
CD357567,2022 LEXUS LX,CD357567,2022,"$87,610",,28493,3500,,AT,,,,0,0,0,0,0,0,0,0,Yokohama,,https://www.beforward.jp/lexus/lx/cd357567/id/15311937/?mfg_year_from=2018
CD357573,2024 MERCEDES-BENZ EQA 250AMG,CD357573,2024,"$29,140",,7906,,,AT,,,,0,0,0,0,0,0,0,0,Osaka,,https://www.beforward.jp/mercedes-benz/eqa/cd357573/id/15311943/?mfg_year_from=2018
CD357593,2023 JEEP WRANGLER,CD357593,2023,"$35,680",,13768,2000,,AT,,,,0,0,0,0,0,0,0,0,Osaka,,https://www.beforward.jp/jeep/wrangler/cd357593/id/15311963/?mfg_year_from=2018
CD357596,2018 LEXUS RX L,CD357596,2018,"$16,760",,95408,2000,,AT,,,,0,0,0,0,0,0,0,0,Yokohama,,https://www.beforward.jp/lexus/rx/cd357596/id/15311966/?mfg_year_from=2018
CD357607,2023 VOLKSWAGEN T-ROC TDIR,CD357607,2023,"$17,410",,16965,2000,,AT,,,,0,0,0,0,0,0,0,0,Nagoya,,https://www.beforward.jp/volkswagen/t-roc/cd357607/id/15311977/?mfg_year_from=2018
CD357616,2023 NISSAN ARIYA B6,CD357616,2023,"$19,410",,40396,,,AT,,,,0,0,0,0,0,0,0,0,Kobe,,https://www.beforward.jp/nissan/ariya/cd357616/id/15311986/?mfg_year_from=2018
CD357620,2021 MAZDA CX-8 XD7,CD357620,2021,"$19,610",,29849,2200,,AT,,,,0,0,0,0,0,0,0,0,Niigata,,https://www.beforward.jp/mazda/cx-8/cd357620/id/15311990/?mfg_year_from=2018
CD357626,2020 BMW X1 XDRIVE18D,CD357626,2020,"$13,120",,65365,2000,,AT,,,,0,0,0,0,0,0,0,0,Osaka,,https://www.beforward.jp/bmw/x1/cd357626/id/15311996/?mfg_year_from=2018
CD356533,2026 TOYOTA HIACE VAN,CD356533,2026,"$30,470",,100,2800,,AT,,VAN,,0,0,0,0,0,0,0,0,Nagoya,,https://www.beforward.jp/toyota/hiace-van/cd356533/id/15310760/?mfg_year_from=2018
CD357679,2022 SUBARU FORESTER X-,CD357679,2022,"$22,380",,29226,2000,,AT,,,,0,0,0,0,0,0,0,0,Yokohama,,https://www.beforward.jp/subaru/forester/cd357679/id/15312049/?mfg_year_from=2018
CD357684,2020 BMW X3 XDRIVE20DX,CD357684,2020,"$15,830",,68808,2000,,AT,,,,0,0,0,0,0,0,0,0,Yokohama,,https://www.beforward.jp/bmw/x3/cd357684/id/15312054/?mfg_year_from=2018
CD357710,2018 SUZUKI JIMNY XG,CD357710,2018,"$7,550",,54120,660,,MT,,,,0,0,0,0,0,0,0,0,Yokohama,,https://www.beforward.jp/suzuki/jimny/cd357710/id/15312080/?mfg_year_from=2018
CD357671,2021 SUBARU PLEO PLUS G,CD357671,2021,"$6,360",,9086,660,,AT,,,,0,0,0,0,0,0,0,0,Yokohama,,https://www.beforward.jp/subaru/pleo-plus/cd357671/id/15312041/?mfg_year_from=2018
CD357677,2021 TOYOTA CAMRY HYBRID 2.5G,CD357677,2021,"$18,950",,21957,2500,HYBRID,AT,,,,0,0,0,0,0,0,0,0,Yokohama,,https://www.beforward.jp/toyota/camry-hybrid/cd357677/id/15312047/?mfg_year_from=2018
CD356534,2019 TOYOTA HIACE VAN,CD356534,2019,"$19,480",,96000,2800,,AT,,VAN,,0,0,0,0,0,0,0,0,Nagoya,,https://www.beforward.jp/toyota/hiace-van/cd356534/id/15310761/?mfg_year_from=2018
CD356536,2019 TOYOTA HIACE VAN,CD356536,2019,"$16,960",,112000,2800,,AT,,VAN,,0,0,0,0,0,0,0,0,Nagoya,,https://www.beforward.jp/toyota/hiace-van/cd356536/id/15310763/?mfg_year_from=2018
CD356575,2022 TOYOTA HIACE VAN,CD356575,2022,"$53,050",,6412,2700,,AT,,VAN,,0,0,0,0,0,0,0,0,Yokohama,,https://www.beforward.jp/toyota/hiace-van/cd356575/id/15310817/?mfg_year_from=2018
CD356581,2018 TOYOTA HIACE VAN,CD356581,2018,"$17,490",,32654,2000,,AT,,VAN,,0,0,0,0,0,0,0,0,Yokohama,,https://www.beforward.jp/toyota/hiace-van/cd356581/id/15310824/?mfg_year_from=2018
CD356537,2025 AUDI Q3,CD356537,2025,"$27,550",,1152,1500,,AT,,,,0,0,0,0,0,0,0,0,Yokohama,,https://www.beforward.jp/audi/q3/cd356537/id/15310764/?mfg_year_from=2018
CD356538,2025 AUDI Q5,CD356538,2025,"$45,630",,1000,2000,,AT,,,,0,0,0,0,0,0,0,0,Yokohama,,https://www.beforward.jp/audi/q5/cd356538/id/15310765/?mfg_year_from=2018
CD356494,2018 TOYOTA HILUX 2.4 E REVO SMART CAB,CD356494,2018,"$14,680",,47900,2393,,MT,,,,0,0,0,0,0,0,0,0,Thailand,,https://www.beforward.jp/toyota/hilux/cd356494/id/15310666/?mfg_year_from=2018
CD356493,2024 FORD RANGER 2.0 FORD WILDTRAK DOUBLE CAB,CD356493,2024,"$30,310",,26440,1996,,AT,,,,0,0,0,0,0,0,0,0,Thailand,,https://www.beforward.jp/ford/ranger/cd356493/id/15310663/?mfg_year_from=2018
CD356516,2022 MAZDA CX-5,CD356516,2022,"$13,240",,80103,2200,,AT,,,,0,0,0,0,0,0,0,0,Yokohama,,https://www.beforward.jp/mazda/cx-5/cd356516/id/15310720/?mfg_year_from=2018
CD356517,2021 JEEP COMPASS,CD356517,2021,"$13,120",,22539,2400,,AT,,,,0,0,0,0,0,0,0,0,Kyushu,,https://www.beforward.jp/jeep/compass/cd356517/id/15310721/?mfg_year_from=2018
CD356522,2021 BMW X1,CD356522,2021,"$21,120",,30000,2000,,AT,,,,0,0,0,0,0,0,0,0,Kyushu,,https://www.beforward.jp/bmw/x1/cd356522/id/15310727/?mfg_year_from=2018
CD356523,2024 BMW X3,CD356523,2024,"$35,690",,11000,2000,,AT,,,,0,0,0,0,0,0,0,0,Kyushu,,https://www.beforward.jp/bmw/x3/cd356523/id/15310728/?mfg_year_from=2018
CD356430,2019 TOYOTA HILUX 2.4 E REVO SMART CAB,CD356430,2019,"$17,530",,46900,2393,,AT,,,,0,0,0,0,0,0,0,0,Thailand,,https://www.beforward.jp/toyota/hilux/cd356430/id/15310574/?mfg_year_from=2018
CD356425,2023 TOYOTA HILUX 2.4 E REVO DOUBLE CAB,CD356425,2023,"$24,520",,35900,2393,,AT,,,,0,0,0,0,0,0,0,0,Thailand,,https://www.beforward.jp/toyota/hilux/cd356425/id/15310562/?mfg_year_from=2018
CD356422,2018 TOYOTA HILUX 2.4 E REVO DOUBLE CAB,CD356422,2018,"$19,220",,45900,2393,,AT,,,,0,0,0,0,0,0,0,0,Thailand,,https://www.beforward.jp/toyota/hilux/cd356422/id/15310558/?mfg_year_from=2018
CD356466,2022 MITSUBISHI OUTLANDER PHEV,CD356466,2022,"$21,730",,57364,2400,,CVT,,,,0,0,0,0,0,0,0,0,Yokohama,,https://www.beforward.jp/mitsubishi/outlander-phev/cd356466/id/15310630/?mfg_year_from=2018
CD356480,2020 TOYOTA HARRIER,CD356480,2020,"$20,070",,71588,2000,,CVT,,,,0,0,0,0,0,0,0,0,Yokohama,,https://www.beforward.jp/toyota/harrier/cd356480/id/15310644/?mfg_year_from=2018
CD356486,2026 SUZUKI JIMNY NOMADE,CD356486,2026,"$20,530",,27,1500,,MT,,,,0,0,0,0,0,0,0,0,Yokohama,,https://www.beforward.jp/suzuki/jimny-nomade/cd356486/id/15310650/?mfg_year_from=2018
CD196186,2025 TOYOTA HIACE VAN GL,CD196186,2025,"$26,160",,2040,2754,,AT,,VAN,,0,0,0,0,0,0,0,0,Kobe,,https://www.beforward.jp/toyota/hiace-van/cd196186/id/15149270/?mfg_year_from=2018
CD356398,2018 TOYOTA HILUX 2.4 E REVO DOUBLE CAB,CD356398,2018,"$17,710",,89441,2393,,AT,,,,0,0,0,0,0,0,0,0,Thailand,,https://www.beforward.jp/toyota/hilux/cd356398/id/15310518/?mfg_year_from=2018
CD356401,2025 TOYOTA LAND CRUISER,CD356401,2025,"$51,030",,6613,2800,,AT,,,,0,0,0,0,0,0,0,0,Hokkaido,,https://www.beforward.jp/toyota/land-cruiser/cd356401/id/15310525/?mfg_year_from=2018
CD356415,2021 LEXUS RX,CD356415,2021,"$28,350",,63529,3500,,CVT,,,,0,0,0,0,0,0,0,0,Yokohama,,https://www.beforward.jp/lexus/rx/cd356415/id/15310540/?mfg_year_from=2018
CD163472,2022 HONDA N BOX G,CD163472,2022,"$5,630",,18470,658,,CVT,,,,0,0,0,0,0,0,0,0,Kobe,,https://www.beforward.jp/honda/n-box/cd163472/id/15116539/?mfg_year_from=2018
CD162746,2023 NISSAN X-TRAIL GE-4ORCE,CD162746,2023,"$20,400",,19135,1497,,CVT,,,,0,0,0,0,0,0,0,0,Kobe,,https://www.beforward.jp/nissan/x-trail/cd162746/id/15115806/?mfg_year_from=2018
CD172968,2023 VOLVO XC40,CD172968,2023,"$21,530",,3100,99999,,CVT,,,,0,0,0,0,0,0,0,0,Yokohama,,https://www.beforward.jp/volvo/xc40/cd172968/id/15126106/?mfg_year_from=2018
CD111375,2022 NISSAN ROOX X,CD111375,2022,"$7,950",,10000,659,,CVT,,,,0,0,0,0,0,0,0,0,Kobe,,https://www.beforward.jp/nissan/roox/cd111375/id/15063806/?mfg_year_from=2018
CD101705,2023 MAZDA FLAIR WAGON XG,CD101705,2023,"$5,440",,30620,658,,CVT,,WAGON,,0,0,0,0,0,0,0,0,Kobe,,https://www.beforward.jp/mazda/flair-wagon/cd101705/id/15054141/?mfg_year_from=2018
CD110702,2021 TOYOTA YARIS CROSS Z,CD110702,2021,"$13,580",,44150,1490,,CVT,,,,0,0,0,0,0,0,0,0,Nagoya,,https://www.beforward.jp/toyota/yaris-cross/cd110702/id/15063120/?mfg_year_from=2018
CD077044,2022 NISSAN DAYZ S,CD077044,2022,"$4,640",,34205,659,,CVT,,,,0,0,0,0,0,0,0,0,Nagoya,,https://www.beforward.jp/nissan/dayz/cd077044/id/15029317/?mfg_year_from=2018
CD076984,2019 DAIHATSU CAST GSA,CD076984,2019,"$5,170",,34265,658,,CVT,,,,0,0,0,0,0,0,0,0,Kobe,,https://www.beforward.jp/daihatsu/cast/cd076984/id/15029258/?mfg_year_from=2018
CC830130,2023 TOYOTA LAND CRUISER PRADO TXL,CC830130,2023,"$25,830",,23755,2693,,AT,,,,0,0,0,0,0,0,0,0,Nagoya,,https://www.beforward.jp/toyota/land-cruiser-prado/cc830130/id/14851933/?mfg_year_from=2018
CC847534,2022 SUZUKI JIMNY XC,CC847534,2022,"$12,920",,37100,658,,AT,,,,0,0,0,0,0,0,0,0,Nagoya,,https://www.beforward.jp/suzuki/jimny/cc847534/id/14870163/?mfg_year_from=2018
CC847557,2021 SUZUKI HUSTLER G,CC847557,2021,"$7,820",,64600,657,,CVT,,,,0,0,0,0,0,0,0,0,Nagoya,,https://www.beforward.jp/suzuki/hustler/cc847557/id/14870187/?mfg_year_from=2018
CC847711,2023 NISSAN ROOX X,CC847711,2023,"$8,280",,45850,659,,CVT,,,,0,0,0,0,0,0,0,0,Nagoya,,https://www.beforward.jp/nissan/roox/cc847711/id/14870341/?mfg_year_from=2018
CC830186,2023 TOYOTA RAV4,CC830186,2023,"$21,930",,36810,1986,,CVT,,,,0,0,0,0,0,0,0,0,Yokohama,,https://www.beforward.jp/toyota/rav4/cc830186/id/14851989/?mfg_year_from=2018
CC762237,2021 SUZUKI JIMNY XL,CC762237,2021,"$11,930",,24990,658,,AT,,,,0,0,0,0,0,0,0,0,Nagoya,,https://www.beforward.jp/suzuki/jimny/cc762237/id/14784350/?mfg_year_from=2018
CC710180,2018 TOYOTA HARRIER GR,CC710180,2018,"$13,450",,63340,1986,,CVT,,,,0,0,0,0,0,0,0,0,Nagoya,,https://www.beforward.jp/toyota/harrier/cc710180/id/14731621/?mfg_year_from=2018
CC697030,2023 SUZUKI WAGON R X,CC697030,2023,"$7,390",,26820,657,,CVT,,WAGON,,0,0,0,0,0,0,0,0,Nagoya,,https://www.beforward.jp/suzuki/wagon-r/cc697030/id/14718521/?mfg_year_from=2018
CC710055,2025 HONDA N BOX,CC710055,2025,"$9,610",,2416,658,,CVT,,,,0,0,0,0,0,0,0,0,Yokohama,,https://www.beforward.jp/honda/n-box/cc710055/id/14731494/?mfg_year_from=2018
CC570503,2022 DAIHATSU TAFT G,CC570503,2022,"$7,550",,15140,658,,CVT,,,,0,0,0,0,0,0,0,0,Yokohama,,https://www.beforward.jp/daihatsu/taft/cc570503/id/14590559/?mfg_year_from=2018
CC334491,2022 NISSAN X-TRAIL GE-4ORCE,CC334491,2022,"$21,100",,18699,1497,,CVT,,,,0,0,0,0,0,0,0,0,Yokohama,,https://www.beforward.jp/nissan/x-trail/cc334491/id/14353415/?mfg_year_from=2018
CC418329,2020 DAIHATSU ROCKY G,CC418329,2020,"$10,470",,30946,996,,CVT,,,,0,0,0,0,0,0,0,0,Yokohama,,https://www.beforward.jp/daihatsu/rocky/cc418329/id/14437574/?mfg_year_from=2018
CD356392,2022 TOYOTA HILUX 2.4 E REVO DOUBLE CAB,CD356392,2022,"$23,460",,35500,2393,,AT,,,,0,0,0,0,0,0,0,0,Thailand,,https://www.beforward.jp/toyota/hilux/cd356392/id/15310498/?mfg_year_from=2018
CD356391,2018 TOYOTA HILUX 2.4 J REVO SINGLE CAB,CD356391,2018,"$10,570",,46600,2393,,MT,,,,0,0,0,0,0,0,0,0,Thailand,,https://www.beforward.jp/toyota/hilux/cd356391/id/15310497/?mfg_year_from=2018
CC030558,2021 TOYOTA HARRIER Z,CC030558,2021,"$17,550",,38770,1986,,CVT,,,,0,0,0,0,0,0,0,0,Yokohama,,https://www.beforward.jp/toyota/harrier/cc030558/id/14046547/?mfg_year_from=2018
CC605848,2025 SUZUKI JIMNY NOMADE FC,CC605848,2025,"$18,220",,5398,1460,,AT,,,,0,0,0,0,0,0,0,0,Kyushu,,https://www.beforward.jp/suzuki/jimny-nomade/cc605848/id/14626841/?mfg_year_from=2018
CD356368,2025 TOYOTA RAV4,CD356368,2025,"$23,850",,11420,2500,,CVT,,,,0,0,0,0,0,0,0,0,Kyushu,,https://www.beforward.jp/toyota/rav4/cd356368/id/15310471/?mfg_year_from=2018
CC282632,2023 TOYOTA VOXY S-Z,CC282632,2023,"$22,460",,14410,1986,,CVT,,,,0,0,0,0,0,0,0,0,Nagoya,,https://www.beforward.jp/toyota/voxy/cc282632/id/14300636/?mfg_year_from=2018
CD356295,2026 TOYOTA HIACE VAN,CD356295,2026,"$37,610",,8,2800,,AT,,VAN,,0,0,0,0,0,0,0,0,Yokohama,,https://www.beforward.jp/toyota/hiace-van/cd356295/id/15310360/?mfg_year_from=2018
CD356358,2023 TOYOTA HILUX 2.4 J REVO SMART CAB,CD356358,2023,"$21,170",,30000,2393,,AT,,,,0,0,0,0,0,0,0,0,Thailand,,https://www.beforward.jp/toyota/hilux/cd356358/id/15310458/?mfg_year_from=2018
CD356357,2020 TOYOTA HILUX 2.4 J REVO SMART CAB,CD356357,2020,"$13,250",,40100,2393,,MT,,,,0,0,0,0,0,0,0,0,Thailand,,https://www.beforward.jp/toyota/hilux/cd356357/id/15310454/?mfg_year_from=2018
CD356352,2021 TOYOTA HILUX 2.4 J REVO DOUBLE CAB,CD356352,2021,"$21,700",,34600,2393,,AT,,,,0,0,0,0,0,0,0,0,Thailand,,https://www.beforward.jp/toyota/hilux/cd356352/id/15310443/?mfg_year_from=2018
CD356312,2020 TOYOTA HILUX REVO 2.4 J DOUBLE CAB,CD356312,2020,"$19,080",,55000,2393,,AT,,,,0,0,0,0,0,0,0,0,Thailand,,https://www.beforward.jp/toyota/hilux/cd356312/id/15310393/?mfg_year_from=2018
CD356311,2018 TOYOTA HILUX 2.4 E REVO DOUBLE CAB,CD356311,2018,"$16,570",,47700,2393,,AT,,,,0,0,0,0,0,0,0,0,Thailand,,https://www.beforward.jp/toyota/hilux/cd356311/id/15310386/?mfg_year_from=2018
CD356288,2020 TOYOTA HILUX 2.4 E REVO DOUBLE CAB,CD356288,2020,"$19,880",,39900,2393,,AT,,,,0,0,0,0,0,0,0,0,Thailand,,https://www.beforward.jp/toyota/hilux/cd356288/id/15310350/?mfg_year_from=2018
CD356287,2022 TOYOTA HILUX 2.4 E REVO DOUBLE CAB,CD356287,2022,"$21,890",,30000,2393,,MT,,,,0,0,0,0,0,0,0,0,Thailand,,https://www.beforward.jp/toyota/hilux/cd356287/id/15310346/?mfg_year_from=2018
CD356256,2022 TOYOTA HILUX 2.4 J REVO SMART CAB,CD356256,2022,"$15,210",,39000,2393,,MT,,,,0,0,0,0,0,0,0,0,Thailand,,https://www.beforward.jp/toyota/hilux/cd356256/id/15310290/?mfg_year_from=2018
CD356254,2020 TOYOTA HILUX 2.4 J REVO DOUBLE CAB,CD356254,2020,"$15,210",,48800,2393,,MT,,,,0,0,0,0,0,0,0,0,Thailand,,https://www.beforward.jp/toyota/hilux/cd356254/id/15310283/?mfg_year_from=2018
CD356267,2026 SUZUKI JIMNY NOMADE,CD356267,2026,"$28,750",,29,1500,,AT,,,,0,0,0,0,0,0,0,0,Osaka,,https://www.beforward.jp/suzuki/jimny-nomade/cd356267/id/15310309/?mfg_year_from=2018
CD356268,2025 SUZUKI JIMNY SIERRA,CD356268,2025,"$20,730",,1644,1500,,AT,,,,0,0,0,0,0,0,0,0,Osaka,,https://www.beforward.jp/suzuki/jimny-sierra/cd356268/id/15310310/?mfg_year_from=2018
CD356211,2021 TOYOTA LAND CRUISER PRADO TX-L 4WD,CD356211,2021,"$37,540",,39074,2700,,AT,,,,0,0,0,0,1,0,0,0,Nagoya,,https://www.beforward.jp/toyota/land-cruiser-prado/cd356211/id/15310183/?mfg_year_from=2018
CD356208,2021 TOYOTA HIACE VAN,CD356208,2021,"$14,910",,115410,2800,,AT,,VAN,,0,0,0,0,0,0,0,0,Yokohama,,https://www.beforward.jp/toyota/hiace-van/cd356208/id/15310174/?mfg_year_from=2018
CD356186,2018 TOYOTA HIACE VAN,CD356186,2018,"$27,690",,98941,2000,,AT,,VAN,,0,0,0,0,0,0,0,0,Nagoya,,https://www.beforward.jp/toyota/hiace-van/cd356186/id/15310139/?mfg_year_from=2018
CD356221,2023 FORD RANGER 2.0 FORD WILDTRAK DOUBLE CAB,CD356221,2023,"$26,340",,39160,1996,,AT,,,,0,0,0,0,0,0,0,0,Thailand,,https://www.beforward.jp/ford/ranger/cd356221/id/15310194/?mfg_year_from=2018
CD356210,2025 HONDA ZR-V,CD356210,2025,"$25,160",,18267,2000,,CVT,,,,0,0,0,0,0,0,0,0,Toyama,,https://www.beforward.jp/honda/zr-v/cd356210/id/15310178/?mfg_year_from=2018
CD356171,2026 SUZUKI X BEE,CD356171,2026,"$13,900",,10,1200,,CVT,,,,0,0,0,0,0,0,0,0,Kyushu,,https://www.beforward.jp/suzuki/x-bee/cd356171/id/15310122/?mfg_year_from=2018
CD356144,2018 TOYOTA HILUX REVO 2.4 J SMART CAB,CD356144,2018,"$15,370",,54000,2393,,MT,,,,0,0,0,0,0,0,0,0,Thailand,,https://www.beforward.jp/toyota/hilux/cd356144/id/15310062/?mfg_year_from=2018
CD356091,2022 TOYOTA HILUX 2.4 E REVO DOUBLE CAB,CD356091,2022,"$25,130",,48770,2393,,AT,,,,0,0,0,0,0,0,0,0,Thailand,,https://www.beforward.jp/toyota/hilux/cd356091/id/15310003/?mfg_year_from=2018
CD356191,2020 MITSUBISHI CANTER,CD356191,2020,"$10,270",,131847,3000,,AT,,,,0,0,0,0,0,0,0,0,Yokohama,,https://www.beforward.jp/mitsubishi/canter/cd356191/id/15310144/?mfg_year_from=2018
CD356193,2025 MITSUBISHI CANTER,CD356193,2025,"$39,410",,608,3000,,AT,,,,0,0,0,0,0,0,0,0,Yokohama,,https://www.beforward.jp/mitsubishi/canter/cd356193/id/15310147/?mfg_year_from=2018
CD356195,2023 MITSUBISHI CANTER,CD356195,2023,"$22,850",,53500,3000,,MT,,,,0,0,0,0,0,0,0,0,Yokohama,,https://www.beforward.jp/mitsubishi/canter/cd356195/id/15310149/?mfg_year_from=2018
CD356200,2023 MITSUBISHI CANTER,CD356200,2023,"$28,150",,59807,3000,,AT,,,,0,0,0,0,0,0,0,0,Yokohama,,https://www.beforward.jp/mitsubishi/canter/cd356200/id/15310154/?mfg_year_from=2018
CD355093,2019 TOYOTA HILUX 2.4 E REVO SMART CAB,CD355093,2019,"$17,600",,90112,2393,,MT,,,,0,0,0,0,0,0,0,0,Thailand,,https://www.beforward.jp/toyota/hilux/cd355093/id/15309237/?mfg_year_from=2018
CD354908,2023 TOYOTA HILUX REVO 2.4 J SMART CAB,CD354908,2023,"$18,020",,54000,2393,,MT,,,,0,0,0,0,0,0,0,0,Thailand,,https://www.beforward.jp/toyota/hilux/cd354908/id/15309048/?mfg_year_from=2018
CD354940,2022 FORD RANGER 2.0 DOUBLE CAB WILDTRAK,CD354940,2022,"$27,780",,45500,1996,,AT,,,,0,0,0,0,0,0,0,0,Thailand,,https://www.beforward.jp/ford/ranger/cd354940/id/15309080/?mfg_year_from=2018
CD354608,2022 NISSAN ARIYA,CD354608,2022,"$23,510",,49725,,,CVT,,,,0,0,0,0,0,0,0,0,Kobe,,https://www.beforward.jp/nissan/ariya/cd354608/id/15308732/?mfg_year_from=2018
CD354610,2022 NISSAN ARIYA,CD354610,2022,"$24,440",,35666,,,CVT,,,,0,0,0,0,0,0,0,0,Kobe,,https://www.beforward.jp/nissan/ariya/cd354610/id/15308735/?mfg_year_from=2018
CD354617,2026 SUZUKI JIMNY NOMADE,CD354617,2026,"$21,120",,30,1500,,AT,,,,0,0,0,0,0,0,0,0,Osaka,,https://www.beforward.jp/suzuki/jimny-nomade/cd354617/id/15308742/?mfg_year_from=2018
CD354007,2022 TOYOTA HILUX REVO 2.4 E DOUBLE CAB,CD354007,2022,"$23,220",,59000,2393,,MT,,,,0,0,0,0,0,0,0,0,Thailand,,https://www.beforward.jp/toyota/hilux/cd354007/id/15308111/?mfg_year_from=2018
CD353823,2021 TOYOTA HILUX REVO 2.4 J SMART CAB,CD353823,2021,"$18,450",,36000,2393,,MT,,,,0,0,0,0,0,0,0,0,Thailand,,https://www.beforward.jp/toyota/hilux/cd353823/id/15307918/?mfg_year_from=2018
CD353819,2023 TOYOTA HILUX 2.4E DOUBLE CAB,CD353819,2023,"$26,080",,16740,2393,,MT,,,,0,0,0,0,0,0,0,0,Thailand,,https://www.beforward.jp/toyota/hilux/cd353819/id/15307905/?mfg_year_from=2018
CD353790,2020 TOYOTA HILUX 2.4J DOUBLE CAB,CD353790,2020,"$22,790",,36000,2393,,AT,,,,0,0,0,0,0,0,0,0,Thailand,,https://www.beforward.jp/toyota/hilux/cd353790/id/15307867/?mfg_year_from=2018
CD354219,2019 FORD RANGER 2.2 XLT DOUBLE CAB,CD354219,2019,"$16,010",,104000,2198,,AT,,,,0,0,0,0,0,0,0,0,Thailand,,https://www.beforward.jp/ford/ranger/cd354219/id/15308330/?mfg_year_from=2018
CD354731,2024 HONDA ZR-V,CD354731,2024,"$17,690",,5022,2000,,CVT,,,,0,0,0,0,0,0,0,0,Yokohama,,https://www.beforward.jp/honda/zr-v/cd354731/id/15308858/?mfg_year_from=2018
CD353775,2018 TOYOTA HIACE VAN,CD353775,2018,"$18,750",,85254,2800,,AT,,VAN,,0,0,0,0,0,0,0,0,Osaka,,https://www.beforward.jp/toyota/hiace-van/cd353775/id/15307836/?mfg_year_from=2018
CD353728,2025 TOYOTA HILUX 2.8 OVERLAND PLUS DCAB,CD353728,2025,"$43,870",,740,2755,,AT,,,,0,0,0,0,0,0,0,0,Thailand,,https://www.beforward.jp/toyota/hilux/cd353728/id/15307772/?mfg_year_from=2018
CD353769,2020 FORD RANGER 2.0 WILDTRAK DOUBLE CAB,CD353769,2020,"$18,870",,75000,1996,,MT,,,,0,0,0,0,0,0,0,0,Thailand,,https://www.beforward.jp/ford/ranger/cd353769/id/15307823/?mfg_year_from=2018
CD353773,2022 LEXUS NX,CD353773,2022,"$17,800",,66955,2500,,CVT,,,,0,0,0,0,0,0,0,0,Yokohama,,https://www.beforward.jp/lexus/nx/cd353773/id/15307832/?mfg_year_from=2018
CD353714,2020 AUDI Q2,CD353714,2020,"$14,640",,28000,1000,,AT,,,,0,0,0,0,0,0,0,0,Yokohama,,https://www.beforward.jp/audi/q2/cd353714/id/15307751/?mfg_year_from=2018
CD353781,2020 MITSUBISHI PAJERO 2.4,CD353781,2020,"$16,330",,52000,2442,,AT,,,,0,0,0,0,0,0,0,0,Thailand,,https://www.beforward.jp/mitsubishi/pajero/cd353781/id/15307851/?mfg_year_from=2018
CD353712,2019 TOYOTA HILUX 2.4 J REVO DOUBLE CAB,CD353712,2019,"$15,410",,45900,2393,,AT,,,,0,0,0,0,0,0,0,0,Thailand,,https://www.beforward.jp/toyota/hilux/cd353712/id/15307749/?mfg_year_from=2018
CD353710,2020 TOYOTA HILUX 2.4 E REVO DOUBLE CAB,CD353710,2020,"$23,220",,45000,2393,,AT,,,,0,0,0,0,0,0,0,0,Thailand,,https://www.beforward.jp/toyota/hilux/cd353710/id/15307739/?mfg_year_from=2018
CD353705,2020 TOYOTA HILUX REVO 2.4 E DOUBLE CAB,CD353705,2020,"$23,850",,60600,2393,,AT,,,,0,0,0,0,0,0,0,0,Thailand,,https://www.beforward.jp/toyota/hilux/cd353705/id/15307726/?mfg_year_from=2018
CD353681,2020 TOYOTA HILUX 2.4 E REVO SMART CAB,CD353681,2020,"$16,860",,45110,2393,,AT,,,,0,0,0,0,0,0,0,0,Thailand,,https://www.beforward.jp/toyota/hilux/cd353681/id/15307693/?mfg_year_from=2018
CD353570,2023 TOYOTA HILUX 2.4 J REVO SMART CAB,CD353570,2023,"$15,530",,30000,2393,,MT,,,,0,0,0,0,0,0,0,0,Thailand,,https://www.beforward.jp/toyota/hilux/cd353570/id/15307572/?mfg_year_from=2018
CD353706,2021 FORD RANGER 2.2 XL+ FORD SMART CAB,CD353706,2021,"$15,900",,37000,2198,,MT,,,,0,0,0,0,0,0,0,0,Thailand,,https://www.beforward.jp/ford/ranger/cd353706/id/15307730/?mfg_year_from=2018
CD353642,2020 LAND ROVER RANGE ROVER SPORT 3.0 SD V6 AUTOBIOGRAPHY,CD353642,2020,"$49,860",,,3000,,AT,,,,0,0,0,0,0,0,0,0,United Kingdom,,https://www.beforward.jp/land-rover/range-rover-sport/cd353642/id/15307648/?mfg_year_from=2018
CD353643,2020 LAND ROVER RANGE ROVER SPORT 3.0 SD V6 AUTOBIOGRAPHY,CD353643,2020,"$48,510",,,3000,,AT,,,,0,0,0,0,0,0,0,0,United Kingdom,,https://www.beforward.jp/land-rover/range-rover-sport/cd353643/id/15307649/?mfg_year_from=2018
CD353644,2020 LAND ROVER RANGE ROVER SPORT 3.0 SD V6 HSE,CD353644,2020,"$42,830",,,3000,,AT,,,,0,0,0,0,0,0,0,0,United Kingdom,,https://www.beforward.jp/land-rover/range-rover-sport/cd353644/id/15307650/?mfg_year_from=2018
CD353645,2020 LAND ROVER RANGE ROVER SPORT 3.0 SD V6 AUTOBIOGRAPHY,CD353645,2020,"$52,230",,,3000,,AT,,,,0,0,0,0,0,0,0,0,United Kingdom,,https://www.beforward.jp/land-rover/range-rover-sport/cd353645/id/15307651/?mfg_year_from=2018
CD353646,2020 LAND ROVER RANGE ROVER SPORT 3.0 SD V6 HSE,CD353646,2020,"$36,020",,,3000,,AT,,,,0,0,0,0,0,0,0,0,United Kingdom,,https://www.beforward.jp/land-rover/range-rover-sport/cd353646/id/15307652/?mfg_year_from=2018
CD353647,2020 LAND ROVER RANGE ROVER SPORT 3.0 SD V6 HSE,CD353647,2020,"$41,880",,,3000,,AT,,,,0,0,0,0,0,0,0,0,United Kingdom,,https://www.beforward.jp/land-rover/range-rover-sport/cd353647/id/15307653/?mfg_year_from=2018
CD353550,2022 TOYOTA HILUX 2.4 J REVO SMART CAB,CD353550,2022,"$16,200",,31000,2393,,AT,,,,0,0,0,0,0,0,0,0,Thailand,,https://www.beforward.jp/toyota/hilux/cd353550/id/15307551/?mfg_year_from=2018
CD353547,2019 TOYOTA HILUX 2.4E REVO SMART CAB,CD353547,2019,"$17,180",,30000,2393,,AT,,,,0,0,0,0,0,0,0,0,Thailand,,https://www.beforward.jp/toyota/hilux/cd353547/id/15307546/?mfg_year_from=2018
CD353544,2022 TOYOTA HILUX 2.4E REVO DOUBLE CAB,CD353544,2022,"$30,960",,40000,2393,,MT,,,,0,0,0,0,0,0,0,0,Thailand,,https://www.beforward.jp/toyota/hilux/cd353544/id/15307540/?mfg_year_from=2018
CD353667,2022 LAND ROVER RANGE ROVER SPORT 3.0 D300 HSE,CD353667,2022,"$52,570",,,3000,,AT,,,,0,0,0,0,0,0,0,0,United Kingdom,,https://www.beforward.jp/land-rover/range-rover-sport/cd353667/id/15307674/?mfg_year_from=2018
CD353668,2022 LAND ROVER RANGE ROVER SPORT 3.0 D300 HSE 7 SEATS,CD353668,2022,"$55,210",,,3000,,AT,,,,0,0,0,0,0,0,0,0,United Kingdom,,https://www.beforward.jp/land-rover/range-rover-sport/cd353668/id/15307675/?mfg_year_from=2018
CD353669,2022 LAND ROVER RANGE ROVER SPORT 3.0 D250 HSE,CD353669,2022,"$57,960",,,3000,,AT,,,,0,0,0,0,0,0,0,0,United Kingdom,,https://www.beforward.jp/land-rover/range-rover-sport/cd353669/id/15307676/?mfg_year_from=2018
CD353517,2022 TOYOTA HIACE VAN,CD353517,2022,"$13,380",,111774,2800,,AT,,VAN,,0,0,0,0,0,0,0,0,Yokohama,,https://www.beforward.jp/toyota/hiace-van/cd353517/id/15307507/?mfg_year_from=2018
CD353509,2020 TOYOTA HILUX 2.4G REVO DOUBLE CAB,CD353509,2020,"$24,810",,84980,2393,,AT,,,,0,0,0,0,0,0,0,0,Thailand,,https://www.beforward.jp/toyota/hilux/cd353509/id/15307495/?mfg_year_from=2018
CD353506,2018 TOYOTA HILUX 2.4 J REVO SMART CAB,CD353506,2018,"$15,430",,54800,2393,,MT,,,,0,0,0,0,0,0,0,0,Thailand,,https://www.beforward.jp/toyota/hilux/cd353506/id/15307491/?mfg_year_from=2018
CD353528,2022 FORD RANGER 2.0 RANGER DOUBLE CAB,CD353528,2022,"$26,400",,82841,1996,,AT,,,,0,0,0,0,0,0,0,0,Thailand,,https://www.beforward.jp/ford/ranger/cd353528/id/15307518/?mfg_year_from=2018
CD226907,2023 TOYOTA CROWN CROSSOVER,CD226907,2023,"$21,200",,23647,2500,,CVT,,,,0,0,0,0,0,0,0,0,Yokohama,,https://www.beforward.jp/toyota/crown-crossover/cd226907/id/15180102/?mfg_year_from=2018
CD040025,2018 MAZDA CX-8,CD040025,2018,"$8,950",,81424,2200,,AT,,,,0,0,0,0,0,0,0,0,Yokohama,,https://www.beforward.jp/mazda/cx-8/cd040025/id/14991886/?mfg_year_from=2018
CD353537,2025 TOYOTA HIACE VAN,CD353537,2025,"$18,480",,26,2000,,AT,,VAN,,0,0,0,0,0,0,0,0,Yokohama,,https://www.beforward.jp/toyota/hiace-van/cd353537/id/15307528/?mfg_year_from=2018
CD353467,2020 TOYOTA HILUX 2.4E REVO SMART CAB,CD353467,2020,"$19,080",,50000,2393,,AT,,,,0,0,0,0,0,0,0,0,Thailand,,https://www.beforward.jp/toyota/hilux/cd353467/id/15307420/?mfg_year_from=2018
CD353465,2022 TOYOTA HILUX 2.4E REVO DOUBLE CAB,CD353465,2022,"$24,700",,47600,2393,,AT,,,,0,0,0,0,0,0,0,0,Thailand,,https://www.beforward.jp/toyota/hilux/cd353465/id/15307417/?mfg_year_from=2018
CD353455,2019 TOYOTA HILUX 2.4E REVO DOUBLE CAB,CD353455,2019,"$18,460",,100000,2393,,MT,,,,0,0,0,0,0,0,0,0,Thailand,,https://www.beforward.jp/toyota/hilux/cd353455/id/15307405/?mfg_year_from=2018
CD353520,2022 SUBARU FORESTER,CD353520,2022,"$14,570",,62259,1800,,CVT,,,,0,0,0,0,0,0,0,0,Yokohama,,https://www.beforward.jp/subaru/forester/cd353520/id/15307510/?mfg_year_from=2018
CD353479,2021 FORD EVEREST 2.0 EVEREST SUV,CD353479,2021,"$30,850",,55000,1996,,AT,,SUV,,0,0,0,0,0,0,0,0,Thailand,,https://www.beforward.jp/ford/everest/cd353479/id/15307442/?mfg_year_from=2018
CD353434,2019 TOYOTA HIACE VAN,CD353434,2019,"$27,870",,45000,2800,,AT,,VAN,,0,0,0,0,0,0,0,0,Hokkaido,,https://www.beforward.jp/toyota/hiace-van/cd353434/id/15307365/?mfg_year_from=2018
CD353443,2020 TOYOTA HILUX 2.4 J REVO DOUBLE CAB,CD353443,2020,"$18,950",,83600,2393,,MT,,,,0,0,0,0,0,0,0,0,Thailand,,https://www.beforward.jp/toyota/hilux/cd353443/id/15307381/?mfg_year_from=2018
CD353440,2019 TOYOTA HILUX 2.4 J REVO SMART CAB,CD353440,2019,"$15,210",,45000,2393,,MT,,,,0,0,0,0,0,0,0,0,Thailand,,https://www.beforward.jp/toyota/hilux/cd353440/id/15307373/?mfg_year_from=2018
CD353437,2023 TOYOTA HILUX 2.4 E REVO DOUBLE CAB,CD353437,2023,"$18,520",,29300,2393,,MT,,,,0,0,0,0,0,0,0,0,Thailand,,https://www.beforward.jp/toyota/hilux/cd353437/id/15307368/?mfg_year_from=2018
CD353415,2018 FORD RANGER 2.0 FORD WILDTRAK DOUBLE CAB,CD353415,2018,"$16,230",,48000,1996,,AT,,,,0,0,0,0,0,0,0,0,Thailand,,https://www.beforward.jp/ford/ranger/cd353415/id/15307344/?mfg_year_from=2018
CD353414,2020 FORD RANGER 2.2 XLT FORD DOUBLE CAB,CD353414,2020,"$14,740",,41000,2198,,AT,,,,0,0,0,0,0,0,0,0,Thailand,,https://www.beforward.jp/ford/ranger/cd353414/id/15307341/?mfg_year_from=2018
CD353393,2021 TOYOTA HILUX 2.4 MID REVO DCAB,CD353393,2021,"$25,760",,42000,2393,,AT,,,,0,0,0,0,0,0,0,0,Thailand,,https://www.beforward.jp/toyota/hilux/cd353393/id/15307287/?mfg_year_from=2018
CD353376,2023 TOYOTA HILUX 2.4 ROCCO DOUBLE CAB,CD353376,2023,"$32,330",,39530,2494,,AT,,,,0,0,0,0,0,0,0,0,Thailand,,https://www.beforward.jp/toyota/hilux/cd353376/id/15307254/?mfg_year_from=2018
CD353373,2018 FORD RANGER 2.2 WILDTRAK DOUBLE CAB,CD353373,2018,"$17,230",,56988,2198,,AT,,,,0,0,0,0,0,0,0,0,Thailand,,https://www.beforward.jp/ford/ranger/cd353373/id/15307250/?mfg_year_from=2018
CD353391,2019 VOLVO VOLVO OTHERS,CD353391,2019,"$13,850",,58083,2000,,AT,,,,0,0,0,0,0,0,0,0,Yokohama,,https://www.beforward.jp/volvo/volvo-others/cd353391/id/15307283/?mfg_year_from=2018
CD353386,2026 MITSUBISHI CANTER,CD353386,2026,"$34,030",,204,3000,,MT,,,,0,0,0,0,0,0,0,0,Nagoya,,https://www.beforward.jp/mitsubishi/canter/cd353386/id/15307276/?mfg_year_from=2018
CD353382,2021 VOLVO VOLVO OTHERS,CD353382,2021,"$17,490",,52753,2000,,AT,,,,0,0,0,0,0,0,0,0,Kyushu,,https://www.beforward.jp/volvo/volvo-others/cd353382/id/15307270/?mfg_year_from=2018
CD353335,2025 TOYOTA HILUX 2.8 GR SPORT,CD353335,2025,"$46,210",,29000,2755,,AT,,,,0,0,0,0,0,0,0,0,Thailand,,https://www.beforward.jp/toyota/hilux/cd353335/id/15307202/?mfg_year_from=2018
CD353370,2022 NISSAN NISSAN OTHERS,CD353370,2022,"$20,570",,18636,1000,,AT,,,,0,0,0,0,0,0,0,0,Kyushu,,https://www.beforward.jp/nissan/nissan-others/cd353370/id/15307246/?mfg_year_from=2018
CD353369,2023 VOLVO VOLVO OTHERS,CD353369,2023,"$22,120",,15448,2000,,AT,,,,0,0,0,0,0,0,0,0,Kyushu,,https://www.beforward.jp/volvo/volvo-others/cd353369/id/15307241/?mfg_year_from=2018
CD353357,2018 VOLVO VOLVO OTHERS,CD353357,2018,"$13,250",,57000,2000,,AT,,,,0,0,0,0,0,0,0,0,Kobe,,https://www.beforward.jp/volvo/volvo-others/cd353357/id/15307227/?mfg_year_from=2018
CD353346,2025 SUZUKI JIMNY NOMADE,CD353346,2025,"$19,810",,25,1500,,AT,,,,0,0,0,0,0,0,0,0,Yokohama,,https://www.beforward.jp/suzuki/jimny-nomade/cd353346/id/15307216/?mfg_year_from=2018
CD353347,2025 SUZUKI JIMNY NOMADE,CD353347,2025,"$21,280",,30,1500,,MT,,,,0,0,0,0,0,0,0,0,Yokohama,,https://www.beforward.jp/suzuki/jimny-nomade/cd353347/id/15307217/?mfg_year_from=2018
CD353290,2021 LAND ROVER RANGE ROVER 3.0 D300 MHEV WESTMINSTER,CD353290,2021,"$57,300",,,3000,,AT,,,,0,0,0,0,0,0,0,0,United Kingdom,,https://www.beforward.jp/land-rover/range-rover/cd353290/id/15307153/?mfg_year_from=2018
CD353300,2018 LAND ROVER RANGE ROVER EVOQUE AUTOMATIC DIESEL,CD353300,2018,"$20,130",,,2000,DIESEL,AUTOMATIC,,,,0,0,0,0,0,0,0,0,United Kingdom,,https://www.beforward.jp/land-rover/range-rover-evoque/cd353300/id/15307163/?mfg_year_from=2018
CD353302,2018 LAND ROVER RANGE ROVER EVOQUE AUTOMATIC DIESEL,CD353302,2018,"$20,810",,,2000,DIESEL,AUTOMATIC,,,,0,0,0,0,0,0,0,0,United Kingdom,,https://www.beforward.jp/land-rover/range-rover-evoque/cd353302/id/15307165/?mfg_year_from=2018
CD353303,2018 LAND ROVER RANGE ROVER EVOQUE AUTOMATIC DIESEL,CD353303,2018,"$20,140",,,2000,DIESEL,AUTOMATIC,,,,0,0,0,0,0,0,0,0,United Kingdom,,https://www.beforward.jp/land-rover/range-rover-evoque/cd353303/id/15307166/?mfg_year_from=2018
CD353304,2018 LAND ROVER RANGE ROVER EVOQUE AUTOMATIC DIESEL,CD353304,2018,"$22,160",,,2000,DIESEL,AUTOMATIC,,,,0,0,0,0,0,0,0,0,United Kingdom,,https://www.beforward.jp/land-rover/range-rover-evoque/cd353304/id/15307168/?mfg_year_from=2018
CD353305,2018 LAND ROVER RANGE ROVER EVOQUE AUTOMATIC DIESEL,CD353305,2018,"$16,340",,,2000,DIESEL,AUTOMATIC,,,,0,0,0,0,0,0,0,0,United Kingdom,,https://www.beforward.jp/land-rover/range-rover-evoque/cd353305/id/15307170/?mfg_year_from=2018
CD353249,2020 TOYOTA HIACE VAN,CD353249,2020,"$43,120",,63368,2800,,AT,,VAN,,0,0,0,0,0,0,0,0,Osaka,,https://www.beforward.jp/toyota/hiace-van/cd353249/id/15307090/?mfg_year_from=2018
CD353255,2026 SUZUKI SUZUKI OTHERS,CD353255,2026,"$20,970",,78,1500,,AT,,,,0,0,0,0,0,0,0,0,Kyushu,,https://www.beforward.jp/suzuki/suzuki-others/cd353255/id/15307099/?mfg_year_from=2018
CD353253,2026 MAZDA MAZDA OTHERS,CD353253,2026,"$34,440",,13,3300,,AT,,,,0,0,0,0,0,0,0,0,Yokohama,,https://www.beforward.jp/mazda/mazda-others/cd353253/id/15307094/?mfg_year_from=2018
CD353241,2020 VOLVO VOLVO OTHERS,CD353241,2020,"$12,390",,41704,2000,,AT,,,,0,0,0,0,0,0,0,0,Niigata,,https://www.beforward.jp/volvo/volvo-others/cd353241/id/15307078/?mfg_year_from=2018
CD353209,2026 LEXUS NX,CD353209,2026,"$54,180",,10,2500,,CVT,,,,0,0,0,0,0,0,0,0,Yokohama,,https://www.beforward.jp/lexus/nx/cd353209/id/15307036/?mfg_year_from=2018
CD353210,2024 TOYOTA YARIS CROSS,CD353210,2024,"$18,870",,30000,1500,,CVT,,,,0,0,0,0,0,0,0,0,Kyushu,,https://www.beforward.jp/toyota/yaris-cross/cd353210/id/15307037/?mfg_year_from=2018
CD353215,2018 BMW X3,CD353215,2018,"$15,620",,88300,2000,,AT,,,,0,0,0,0,0,0,0,0,Hokkaido,,https://www.beforward.jp/bmw/x3/cd353215/id/15307045/?mfg_year_from=2018
CD352205,2021 TOYOTA HARRIER Z,CD352205,2021,"$18,420",,35110,1986,,CVT,,,,0,0,0,0,0,0,0,0,Yokohama,,https://www.beforward.jp/toyota/harrier/cd352205/id/15306012/?mfg_year_from=2018
CD352212,2021 SUBARU OUTBACK EX,CD352212,2021,"$22,720",,30450,1795,,CVT,,,,0,0,0,0,0,0,0,0,Osaka,,https://www.beforward.jp/subaru/outback/cd352212/id/15306019/?mfg_year_from=2018
CD352214,2019 HONDA N BOX GL,CD352214,2019,"$7,950",,46260,658,,CVT,,,,0,0,0,0,0,0,0,0,Kyushu,,https://www.beforward.jp/honda/n-box/cd352214/id/15306021/?mfg_year_from=2018
CD352218,2025 TOYOTA RAIZE X,CD352218,2025,"$10,930",,8050,1196,,CVT,,,,0,0,0,0,0,0,0,0,Kobe,,https://www.beforward.jp/toyota/raize/cd352218/id/15306025/?mfg_year_from=2018
CD352219,2024 TOYOTA HARRIER HYBRID Z,CD352219,2024,"$23,180",,45870,2487,HYBRID,CVT,,,,0,0,0,0,0,0,0,0,Nagoya,,https://www.beforward.jp/toyota/harrier-hybrid/cd352219/id/15306026/?mfg_year_from=2018
CD352224,2025 NISSAN DAYZ X,CD352224,2025,"$10,270",,4000,659,,CVT,,,,0,0,0,0,0,0,0,0,Nagoya,,https://www.beforward.jp/nissan/dayz/cd352224/id/15306031/?mfg_year_from=2018
CD352225,2024 SUZUKI EVERY PA,CD352225,2024,"$7,950",,9570,658,,CVT,,,,0,0,0,0,0,0,0,0,Kyushu,,https://www.beforward.jp/suzuki/every/cd352225/id/15306032/?mfg_year_from=2018
CD352226,2021 MAZDA MX-30,CD352226,2021,"$10,530",,49090,1997,,AT,,,,0,0,0,0,0,0,0,0,Nagoya,,https://www.beforward.jp/mazda/mx-30/cd352226/id/15306033/?mfg_year_from=2018
CD352235,2023 HONDA N BOX L,CD352235,2023,"$8,950",,47890,658,,CVT,,,,0,0,0,0,0,0,0,0,Kobe,,https://www.beforward.jp/honda/n-box/cd352235/id/15306042/?mfg_year_from=2018
CD352236,2023 HONDA N BOX,CD352236,2023,"$11,000",,14,658,,CVT,,,,0,0,0,0,0,0,0,0,Niigata,,https://www.beforward.jp/honda/n-box/cd352236/id/15306043/?mfg_year_from=2018
CD352238,2024 HONDA N BOX,CD352238,2024,"$9,610",,12910,658,,CVT,,,,0,0,0,0,0,0,0,0,Nagoya,,https://www.beforward.jp/honda/n-box/cd352238/id/15306045/?mfg_year_from=2018
CD352282,2024 TOYOTA LAND CRUISER ZX,CD352282,2024,"$51,000",,62,2754,,AT,,,,0,0,0,0,0,0,0,0,Yokohama,,https://www.beforward.jp/toyota/land-cruiser/cd352282/id/15306089/?mfg_year_from=2018
CD352259,2018 HONDA VEZEL X,CD352259,2018,"$8,280",,84588,1496,,AT,,,,0,0,0,0,0,0,0,0,Hokkaido,,https://www.beforward.jp/honda/vezel/cd352259/id/15306066/?mfg_year_from=2018
CD352260,2018 BMW X1 XDRIVE18DX,CD352260,2018,"$12,260",,34880,1995,,AT,,,,0,0,0,0,0,0,0,0,Yokohama,,https://www.beforward.jp/bmw/x1/cd352260/id/15306067/?mfg_year_from=2018
CD352261,2022 TOYOTA RAIZE Z,CD352261,2022,"$12,260",,34710,1196,,CVT,,,,0,0,0,0,0,0,0,0,Osaka,,https://www.beforward.jp/toyota/raize/cd352261/id/15306068/?mfg_year_from=2018
CD352266,2018 SUZUKI JIMNY,CD352266,2018,"$8,480",,62830,658,,MT,,,,0,0,0,0,0,0,0,0,Yokohama,,https://www.beforward.jp/suzuki/jimny/cd352266/id/15306073/?mfg_year_from=2018
CD352267,2024 HONDA N BOX,CD352267,2024,"$8,610",,10525,658,,CVT,,,,0,0,0,0,0,0,0,0,Kyushu,,https://www.beforward.jp/honda/n-box/cd352267/id/15306074/?mfg_year_from=2018
